url_length,domain_length,path_length,query_length,fragment_length,qty_dot,qty_hyphen,qty_underline,qty_slash,qty_questionmark,qty_equal,qty_at,qty_and,qty_percent,qty_plus,qty_asterisk,qty_hash,qty_dot_domain,qty_hyphen_domain,qty_vowels_domain,domain_in_ip,subdomain_length,tld_length,server_client_domain,qty_dot_path,qty_hyphen_path,qty_slash_path,qty_space_path,path_extension,qty_directories,length_longest_dir,length_shortest_dir,qty_params,qty_dot_query,qty_hyphen_query,tld_in_query,qty_suspicious_words,email_in_url,qty_digits,is_encoded,is_https,qty_hexadecimal,qty_digits_domain,qty_letters_domain,qty_digits_path,tld_in_subdomain,tld_in_path,qty_tilde,qty_comma,domain_entropy,label
41,10,14,8,0,1,0,0,4,1,1,0,0,0,0,0,0,1,0,4,0,0,3,0,0,0,2,0,0,2,7,5,1,0,0,0,0,0,0,0,1,0,0,9,0,0,0,0,0,2.6464393446710157,0
18,10,0,0,0,1,0,0,2,0,0,0,0,0,0,0,0,1,0,4,0,0,3,0,0,0,0,0,0,0,0,0,0,0,0,0,0,0,0,0,1,0,0,9,0,0,0,0,0,2.6464393446710157,0
88,21,25,34,0,1,2,0,6,1,1,0,0,0,0,0,0,1,2,6,0,0,3,0,0,0,4,0,0,4,6,4,1,0,0,0,4,0,4,0,0,0,0,18,4,0,0,0,0,3.8208888513501886,1
70,20,25,17,0,1,2,0,6,1,1,0,0,0,0,0,0,1,2,6,0,0,4,0,0,0,4,0,0,4,6,4,1,0,0,0,5,0,4,0,0,0,0,17,4,0,0,0,0,3.684183719779189,1
81,20,25,28,0,1,2,0,6,1,1,0,0,0,0,0,0,1,2,6,0,0,4,0,0,0,4,0,0,4,6,4,1,0,0,0,5,0,4,0,0,0,0,17,4,0,0,0,0,3.684183719779189,1
30,13,0,8,0,1,0,0,2,1,1,0,0,0,0,0,0,1,0,4,0,0,3,0,0,0,0,0,0,0,0,0,1,0,0,0,0,0,0,0,1,0,0,12,0,0,0,0,0,3.0269868333592873,0
80,21,25,26,0,1,2,0,6,1,1,0,0,0,0,0,0,1,2,6,0,0,3,0,0,0,4,0,0,4,6,4,1,0,0,0,4,0,4,0,0,0,0,18,4,0,0,0,0,3.8208888513501886,1
26,9,0,8,0,1,0,0,2,1,1,0,0,0,0,0,0,1,0,3,0,0,3,0,0,0,0,0,0,0,0,0,1,0,0,0,0,0,0,0,1,0,0,8,0,0,0,0,0,2.9477027792200903,0
30,13,0,8,0,1,0,0,2,1,1,0,0,0,0,0,0,1,0,4,0,0,3,0,0,0,0,0,0,0,0,0,1,0,0,0,0,0,0,0,1,0,0,12,0,0,0,0,0,3.0269868333592873,0
105,31,25,41,0,1,3,0,6,1,1,0,0,0,0,0,0,1,3,12,0,0,3,0,0,0,4,0,0,4,6,4,1,0,0,0,4,0,4,0,0,0,0,27,4,0,0,0,0,3.88904953591417,1
31,9,14,0,0,1,0,0,4,0,0,0,0,0,0,0,0,1,0,3,0,0,3,0,0,0,2,0,0,2,7,5,0,0,0,0,0,0,0,0,1,0,0,8,0,0,0,0,0,2.9477027792200903,0
93,20,25,40,0,1,2,0,6,1,1,0,0,0,0,0,0,1,2,6,0,0,4,0,0,0,4,0,0,4,6,4,1,0,0,0,5,0,4,0,0,0,0,17,4,0,0,0,0,3.684183719779189,1
66,13,25,20,0,3,0,0,6,1,1,0,0,0,0,0,0,3,0,0,1,0,0,0,0,0,4,0,0,4,6,4,1,0,0,1,3,0,14,0,0,0,10,0,4,1,1,0,0,2.5654483718208256,1
17,9,0,0,0,1,0,0,2,0,0,0,0,0,0,0,0,1,0,3,0,0,3,0,0,0,0,0,0,0,0,0,0,0,0,0,0,0,0,0,1,0,0,8,0,0,0,0,0,2.9477027792200903,0
87,20,25,34,0,1,2,0,6,1,1,0,0,0,0,0,0,1,2,6,0,0,4,0,0,0,4,0,0,4,6,4,1,0,0,0,5,0,4,0,0,0,0,17,4,0,0,0,0,3.684183719779189,1
31,9,14,0,0,1,0,0,4,0,0,0,0,0,0,0,0,1,0,3,0,0,3,0,0,0,2,0,0,2,7,5,0,0,0,0,0,0,0,0,1,0,0,8,0,0,0,0,0,2.9477027792200903,0
95,31,25,31,0,1,3,0,6,1,1,0,0,0,0,0,0,1,3,12,0,0,3,0,0,0,4,0,0,4,6,4,1,0,0,0,4,0,4,0,0,0,0,27,4,0,0,0,0,3.88904953591417,1
95,31,25,31,0,1,3,0,6,1,1,0,0,0,0,0,0,1,3,12,0,0,3,0,0,0,4,0,0,4,6,4,1,0,0,0,4,0,4,0,0,0,0,27,4,0,0,0,0,3.88904953591417,1
78,21,25,24,0,1,2,0,6,1,1,0,0,0,0,0,0,1,2,6,0,0,3,0,0,0,4,0,0,4,6,4,1,0,0,0,4,0,4,0,0,0,0,18,4,0,0,0,0,3.8208888513501886,1
26,9,0,8,0,1,0,0,2,1,1,0,0,0,0,0,0,1,0,3,0,0,3,0,0,0,0,0,0,0,0,0,1,0,0,0,0,0,0,0,1,0,0,8,0,0,0,0,0,2.9477027792200903,0
80,21,25,26,0,1,2,0,6,1,1,0,0,0,0,0,0,1,2,6,0,0,3,0,0,0,4,0,0,4,6,4,1,0,0,0,4,0,4,0,0,0,0,18,4,0,0,0,0,3.8208888513501886,1
65,13,25,19,0,3,0,0,6,1,1,0,0,0,0,0,0,3,0,0,1,0,0,0,0,0,4,0,0,4,6,4,1,0,0,1,3,0,14,0,0,0,10,0,4,1,1,0,0,2.5654483718208256,1
31,9,14,0,0,1,0,0,4,0,0,0,0,0,0,0,0,1,0,3,0,0,3,0,0,0,2,0,0,2,7,5,0,0,0,0,0,0,0,0,1,0,0,8,0,0,0,0,0,2.9477027792200903,0
84,13,25,38,0,3,0,0,6,1,1,0,0,0,0,0,0,3,0,0,1,0,0,0,0,0,4,0,0,4,6,4,1,0,0,1,3,0,14,0,0,0,10,0,4,1,1,0,0,2.5654483718208256,1
35,13,14,0,0,1,0,0,4,0,0,0,0,0,0,0,0,1,0,4,0,0,3,0,0,0,2,0,0,2,7,5,0,0,0,0,0,0,0,0,1,0,0,12,0,0,0,0,0,3.0269868333592873,0
70,21,25,16,0,1,2,0,6,1,1,0,0,0,0,0,0,1,2,6,0,0,3,0,0,0,4,0,0,4,6,4,1,0,0,0,4,0,4,0,0,0,0,18,4,0,0,0,0,3.8208888513501886,1
21,13,0,0,0,1,0,0,2,0,0,0,0,0,0,0,0,1,0,4,0,0,3,0,0,0,0,0,0,0,0,0,0,0,0,0,0,0,0,0,1,0,0,12,0,0,0,0,0,3.0269868333592873,0
82,21,25,28,0,1,2,0,6,1,1,0,0,0,0,0,0,1,2,6,0,0,3,0,0,0,4,0,0,4,6,4,1,0,0,0,4,0,4,0,0,0,0,18,4,0,0,0,0,3.8208888513501886,1
40,9,14,8,0,1,0,0,4,1,1,0,0,0,0,0,0,1,0,3,0,0,3,0,0,0,2,0,0,2,7,5,1,0,0,0,0,0,0,0,1,0,0,8,0,0,0,0,0,2.9477027792200903,0
71,13,25,25,0,3,0,0,6,1,1,0,0,0,0,0,0,3,0,0,1,0,0,0,0,0,4,0,0,4,6,4,1,0,0,1,3,0,14,0,0,0,10,0,4,1,1,0,0,2.5654483718208256,1
17,9,0,0,0,1,0,0,2,0,0,0,0,0,0,0,0,1,0,3,0,0,3,0,0,0,0,0,0,0,0,0,0,0,0,0,0,0,0,0,1,0,0,8,0,0,0,0,0,2.9477027792200903,0
17,9,0,0,0,1,0,0,2,0,0,0,0,0,0,0,0,1,0,3,0,0,3,0,0,0,0,0,0,0,0,0,0,0,0,0,0,0,0,0,1,0,0,8,0,0,0,0,0,2.9477027792200903,0
103,31,25,39,0,1,3,0,6,1,1,0,0,0,0,0,0,1,3,12,0,0,3,0,0,0,4,0,0,4,6,4,1,0,0,0,4,0,4,0,0,0,0,27,4,0,0,0,0,3.88904953591417,1
21,13,0,0,0,1,0,0,2,0,0,0,0,0,0,0,0,1,0,4,0,0,3,0,0,0,0,0,0,0,0,0,0,0,0,0,0,0,0,0,1,0,0,12,0,0,0,0,0,3.0269868333592873,0
44,13,14,8,0,1,0,0,4,1,1,0,0,0,0,0,0,1,0,4,0,0,3,0,0,0,2,0,0,2,7,5,1,0,0,0,0,0,0,0,1,0,0,12,0,0,0,0,0,3.0269868333592873,0
62,13,25,16,0,3,0,0,6,1,1,0,0,0,0,0,0,3,0,0,1,0,0,0,0,0,4,0,0,4,6,4,1,0,0,1,3,0,14,0,0,0,10,0,4,1,1,0,0,2.5654483718208256,1
35,13,14,0,0,1,0,0,4,0,0,0,0,0,0,0,0,1,0,6,0,0,3,0,0,0,2,0,0,2,7,5,0,0,0,0,0,0,0,0,1,0,0,12,0,0,0,0,0,3.334679141051595,0
35,13,14,0,0,1,0,0,4,0,0,0,0,0,0,0,0,1,0,4,0,0,3,0,0,0,2,0,0,2,7,5,0,0,0,0,0,0,0,0,1,0,0,12,0,0,0,0,0,3.0269868333592873,0
18,10,0,0,0,1,0,0,2,0,0,0,0,0,0,0,0,1,0,3,0,0,3,0,0,0,0,0,0,0,0,0,0,0,0,0,0,0,0,0,1,0,0,9,0,0,0,0,0,3.3219280948873626,0
21,13,0,0,0,1,0,0,2,0,0,0,0,0,0,0,0,1,0,4,0,0,3,0,0,0,0,0,0,0,0,0,0,0,0,0,0,0,0,0,1,0,0,12,0,0,0,0,0,3.0269868333592873,0
26,9,0,8,0,1,0,0,2,1,1,0,0,0,0,0,0,1,0,3,0,0,3,0,0,0,0,0,0,0,0,0,1,0,0,0,0,0,0,0,1,0,0,8,0,0,0,0,0,2.9477027792200903,0
114,31,25,50,0,1,3,0,6,1,1,0,0,0,0,0,0,1,3,12,0,0,3,0,0,0,4,0,0,4,6,4,1,0,0,0,4,0,4,0,0,0,0,27,4,0,0,0,0,3.88904953591417,1
31,9,14,0,0,1,0,0,4,0,0,0,0,0,0,0,0,1,0,3,0,0,3,0,0,0,2,0,0,2,7,5,0,0,0,0,0,0,0,0,1,0,0,8,0,0,0,0,0,2.9477027792200903,0
91,20,25,38,0,1,2,0,6,1,1,0,0,0,0,0,0,1,2,6,0,0,4,0,0,0,4,0,0,4,6,4,1,0,0,0,5,0,4,0,0,0,0,17,4,0,0,0,0,3.684183719779189,1
31,9,14,0,0,1,0,0,4,0,0,0,0,0,0,0,0,1,0,3,0,0,3,0,0,0,2,0,0,2,7,5,0,0,0,0,0,0,0,0,1,0,0,8,0,0,0,0,0,2.9477027792200903,0
84,13,25,38,0,3,0,0,6,1,1,0,0,0,0,0,0,3,0,0,1,0,0,0,0,0,4,0,0,4,6,4,1,0,0,1,3,0,14,0,0,0,10,0,4,1,1,0,0,2.5654483718208256,1
79,21,25,25,0,1,2,0,6,1,1,0,0,0,0,0,0,1,2,6,0,0,3,0,0,0,4,0,0,4,6,4,1,0,0,0,4,0,4,0,0,0,0,18,4,0,0,0,0,3.8208888513501886,1
80,20,25,27,0,1,2,0,6,1,1,0,0,0,0,0,0,1,2,6,0,0,4,0,0,0,4,0,0,4,6,4,1,0,0,0,5,0,4,0,0,0,0,17,4,0,0,0,0,3.684183719779189,1
41,10,14,8,0,1,0,0,4,1,1,0,0,0,0,0,0,1,0,4,0,0,3,0,0,0,2,0,0,2,7,5,1,0,0,0,0,0,0,0,1,0,0,9,0,0,0,0,0,2.6464393446710157,0
30,13,0,8,0,1,0,0,2,1,1,0,0,0,0,0,0,1,0,6,0,0,3,0,0,0,0,0,0,0,0,0,1,0,0,0,0,0,0,0,1,0,0,12,0,0,0,0,0,3.334679141051595,0
71,21,25,17,0,1,2,0,6,1,1,0,0,0,0,0,0,1,2,6,0,0,3,0,0,0,4,0,0,4,6,4,1,0,0,0,4,0,4,0,0,0,0,18,4,0,0,0,0,3.8208888513501886,1
89,20,25,36,0,1,2,0,6,1,1,0,0,0,0,0,0,1,2,6,0,0,4,0,0,0,4,0,0,4,6,4,1,0,0,0,5,0,4,0,0,0,0,17,4,0,0,0,0,3.684183719779189,1
91,13,25,45,0,3,0,0,6,1,1,0,0,0,0,0,0,3,0,0,1,0,0,0,0,0,4,0,0,4,6,4,1,0,0,1,3,0,14,0,0,0,10,0,4,1,1,0,0,2.5654483718208256,1
27,10,0,8,0,1,0,0,2,1,1,0,0,0,0,0,0,1,0,3,0,0,3,0,0,0,0,0,0,0,0,0,1,0,0,0,0,0,0,0,1,0,0,9,0,0,0,0,0,3.3219280948873626,0
31,9,14,0,0,1,0,0,4,0,0,0,0,0,0,0,0,1,0,3,0,0,3,0,0,0,2,0,0,2,7,5,0,0,0,0,0,0,0,0,1,0,0,8,0,0,0,0,0,2.9477027792200903,0
35,13,14,0,0,1,0,0,4,0,0,0,0,0,0,0,0,1,0,6,0,0,3,0,0,0,2,0,0,2,7,5,0,0,0,0,0,0,0,0,1,0,0,12,0,0,0,0,0,3.334679141051595,0
44,13,14,8,0,1,0,0,4,1,1,0,0,0,0,0,0,1,0,6,0,0,3,0,0,0,2,0,0,2,7,5,1,0,0,0,0,0,0,0,1,0,0,12,0,0,0,0,0,3.334679141051595,0
32,10,14,0,0,1,0,0,4,0,0,0,0,0,0,0,0,1,0,4,0,0,3,0,0,0,2,0,0,2,7,5,0,0,0,0,0,0,0,0,1,0,0,9,0,0,0,0,0,2.6464393446710157,0
71,20,25,18,0,1,2,0,6,1,1,0,0,0,0,0,0,1,2,6,0,0,4,0,0,0,4,0,0,4,6,4,1,0,0,0,5,0,4,0,0,0,0,17,4,0,0,0,0,3.684183719779189,1
94,20,25,41,0,1,2,0,6,1,1,0,0,0,0,0,0,1,2,6,0,0,4,0,0,0,4,0,0,4,6,4,1,0,0,0,5,0,4,0,0,0,0,17,4,0,0,0,0,3.684183719779189,1
18,10,0,0,0,1,0,0,2,0,0,0,0,0,0,0,0,1,0,3,0,0,3,0,0,0,0,0,0,0,0,0,0,0,0,0,0,0,0,0,1,0,0,9,0,0,0,0,0,3.3219280948873626,0
31,9,14,0,0,1,0,0,4,0,0,0,0,0,0,0,0,1,0,3,0,0,3,0,0,0,2,0,0,2,7,5,0,0,0,0,0,0,0,0,1,0,0,8,0,0,0,0,0,2.9477027792200903,0
99,21,25,45,0,1,2,0,6,1,1,0,0,0,0,0,0,1,2,6,0,0,3,0,0,0,4,0,0,4,6,4,1,0,0,0,4,0,4,0,0,0,0,18,4,0,0,0,0,3.8208888513501886,1
32,10,14,0,0,1,0,0,4,0,0,0,0,0,0,0,0,1,0,3,0,0,3,0,0,0,2,0,0,2,7,5,0,0,0,0,0,0,0,0,1,0,0,9,0,0,0,0,0,3.3219280948873626,0
104,31,25,40,0,1,3,0,6,1,1,0,0,0,0,0,0,1,3,12,0,0,3,0,0,0,4,0,0,4,6,4,1,0,0,0,4,0,4,0,0,0,0,27,4,0,0,0,0,3.88904953591417,1
26,9,0,8,0,1,0,0,2,1,1,0,0,0,0,0,0,1,0,3,0,0,3,0,0,0,0,0,0,0,0,0,1,0,0,0,0,0,0,0,1,0,0,8,0,0,0,0,0,2.9477027792200903,0
31,9,14,0,0,1,0,0,4,0,0,0,0,0,0,0,0,1,0,3,0,0,3,0,0,0,2,0,0,2,7,5,0,0,0,0,0,0,0,0,1,0,0,8,0,0,0,0,0,2.9477027792200903,0
75,13,25,29,0,3,0,0,6,1,1,0,0,0,0,0,0,3,0,0,1,0,0,0,0,0,4,0,0,4,6,4,1,0,0,1,3,0,14,0,0,0,10,0,4,1,1,0,0,2.5654483718208256,1
86,21,25,32,0,1,2,0,6,1,1,0,0,0,0,0,0,1,2,6,0,0,3,0,0,0,4,0,0,4,6,4,1,0,0,0,4,0,4,0,0,0,0,18,4,0,0,0,0,3.8208888513501886,1
30,13,0,8,0,1,0,0,2,1,1,0,0,0,0,0,0,1,0,4,0,0,3,0,0,0,0,0,0,0,0,0,1,0,0,0,0,0,0,0,1,0,0,12,0,0,0,0,0,3.0269868333592873,0
79,13,25,33,0,3,0,0,6,1,1,0,0,0,0,0,0,3,0,0,1,0,0,0,0,0,4,0,0,4,6,4,1,0,0,1,3,0,14,0,0,0,10,0,4,1,1,0,0,2.5654483718208256,1
21,13,0,0,0,1,0,0,2,0,0,0,0,0,0,0,0,1,0,4,0,0,3,0,0,0,0,0,0,0,0,0,0,0,0,0,0,0,0,0,1,0,0,12,0,0,0,0,0,3.0269868333592873,0
97,20,25,44,0,1,2,0,6,1,1,0,0,0,0,0,0,1,2,6,0,0,4,0,0,0,4,0,0,4,6,4,1,0,0,0,5,0,4,0,0,0,0,17,4,0,0,0,0,3.684183719779189,1
21,13,0,0,0,1,0,0,2,0,0,0,0,0,0,0,0,1,0,4,0,0,3,0,0,0,0,0,0,0,0,0,0,0,0,0,0,0,0,0,1,0,0,12,0,0,0,0,0,3.0269868333592873,0
107,21,25,53,0,1,2,0,6,1,1,0,0,0,0,0,0,1,2,6,0,0,3,0,0,0,4,0,0,4,6,4,1,0,0,0,4,0,4,0,0,0,0,18,4,0,0,0,0,3.8208888513501886,1
32,10,14,0,0,1,0,0,4,0,0,0,0,0,0,0,0,1,0,4,0,0,3,0,0,0,2,0,0,2,7,5,0,0,0,0,0,0,0,0,1,0,0,9,0,0,0,0,0,2.6464393446710157,0
77,13,25,31,0,3,0,0,6,1,1,0,0,0,0,0,0,3,0,0,1,0,0,0,0,0,4,0,0,4,6,4,1,0,0,1,3,0,14,0,0,0,10,0,4,1,1,0,0,2.5654483718208256,1
18,10,0,0,0,1,0,0,2,0,0,0,0,0,0,0,0,1,0,3,0,0,3,0,0,0,0,0,0,0,0,0,0,0,0,0,0,0,0,0,1,0,0,9,0,0,0,0,0,3.3219280948873626,0
94,31,25,30,0,1,3,0,6,1,1,0,0,0,0,0,0,1,3,12,0,0,3,0,0,0,4,0,0,4,6,4,1,0,0,0,4,0,4,0,0,0,0,27,4,0,0,0,0,3.88904953591417,1
102,20,25,49,0,1,2,0,6,1,1,0,0,0,0,0,0,1,2,6,0,0,4,0,0,0,4,0,0,4,6,4,1,0,0,0,5,0,4,0,0,0,0,17,4,0,0,0,0,3.684183719779189,1
93,21,25,39,0,1,2,0,6,1,1,0,0,0,0,0,0,1,2,6,0,0,3,0,0,0,4,0,0,4,6,4,1,0,0,0,4,0,4,0,0,0,0,18,4,0,0,0,0,3.8208888513501886,1
41,10,14,8,0,1,0,0,4,1,1,0,0,0,0,0,0,1,0,3,0,0,3,0,0,0,2,0,0,2,7,5,1,0,0,0,0,0,0,0,1,0,0,9,0,0,0,0,0,3.3219280948873626,0
26,9,0,8,0,1,0,0,2,1,1,0,0,0,0,0,0,1,0,3,0,0,3,0,0,0,0,0,0,0,0,0,1,0,0,0,0,0,0,0,1,0,0,8,0,0,0,0,0,2.9477027792200903,0
62,13,25,16,0,3,0,0,6,1,1,0,0,0,0,0,0,3,0,0,1,0,0,0,0,0,4,0,0,4,6,4,1,0,0,1,3,0,14,0,0,0,10,0,4,1,1,0,0,2.5654483718208256,1
18,10,0,0,0,1,0,0,2,0,0,0,0,0,0,0,0,1,0,3,0,0,3,0,0,0,0,0,0,0,0,0,0,0,0,0,0,0,0,0,1,0,0,9,0,0,0,0,0,3.3219280948873626,0
75,21,25,21,0,1,2,0,6,1,1,0,0,0,0,0,0,1,2,6,0,0,3,0,0,0,4,0,0,4,6,4,1,0,0,0,4,0,4,0,0,0,0,18,4,0,0,0,0,3.8208888513501886,1
30,13,0,8,0,1,0,0,2,1,1,0,0,0,0,0,0,1,0,6,0,0,3,0,0,0,0,0,0,0,0,0,1,0,0,0,0,0,0,0,1,0,0,12,0,0,0,0,0,3.334679141051595,0
104,20,25,51,0,1,2,0,6,1,1,0,0,0,0,0,0,1,2,6,0,0,4,0,0,0,4,0,0,4,6,4,1,0,0,0,5,0,4,0,0,0,0,17,4,0,0,0,0,3.684183719779189,1
41,10,14,8,0,1,0,0,4,1,1,0,0,0,0,0,0,1,0,4,0,0,3,0,0,0,2,0,0,2,7,5,1,0,0,0,0,0,0,0,1,0,0,9,0,0,0,0,0,2.6464393446710157,0
87,21,25,33,0,1,2,0,6,1,1,0,0,0,0,0,0,1,2,6,0,0,3,0,0,0,4,0,0,4,6,4,1,0,0,0,4,0,4,0,0,0,0,18,4,0,0,0,0,3.8208888513501886,1
21,13,0,0,0,1,0,0,2,0,0,0,0,0,0,0,0,1,0,6,0,0,3,0,0,0,0,0,0,0,0,0,0,0,0,0,0,0,0,0,1,0,0,12,0,0,0,0,0,3.334679141051595,0
17,9,0,0,0,1,0,0,2,0,0,0,0,0,0,0,0,1,0,3,0,0,3,0,0,0,0,0,0,0,0,0,0,0,0,0,0,0,0,0,1,0,0,8,0,0,0,0,0,2.9477027792200903,0
41,10,14,8,0,1,0,0,4,1,1,0,0,0,0,0,0,1,0,4,0,0,3,0,0,0,2,0,0,2,7,5,1,0,0,0,0,0,0,0,1,0,0,9,0,0,0,0,0,2.6464393446710157,0
27,10,0,8,0,1,0,0,2,1,1,0,0,0,0,0,0,1,0,3,0,0,3,0,0,0,0,0,0,0,0,0,1,0,0,0,0,0,0,0,1,0,0,9,0,0,0,0,0,3.3219280948873626,0
44,13,14,8,0,1,0,0,4,1,1,0,0,0,0,0,0,1,0,4,0,0,3,0,0,0,2,0,0,2,7,5,1,0,0,0,0,0,0,0,1,0,0,12,0,0,0,0,0,3.0269868333592873,0
21,13,0,0,0,1,0,0,2,0,0,0,0,0,0,0,0,1,0,6,0,0,3,0,0,0,0,0,0,0,0,0,0,0,0,0,0,0,0,0,1,0,0,12,0,0,0,0,0,3.334679141051595,0
41,10,14,8,0,1,0,0,4,1,1,0,0,0,0,0,0,1,0,3,0,0,3,0,0,0,2,0,0,2,7,5,1,0,0,0,0,0,0,0,1,0,0,9,0,0,0,0,0,3.3219280948873626,0
92,20,25,39,0,1,2,0,6,1,1,0,0,0,0,0,0,1,2,6,0,0,4,0,0,0,4,0,0,4,6,4,1,0,0,0,5,0,4,0,0,0,0,17,4,0,0,0,0,3.684183719779189,1
66,13,25,20,0,3,0,0,6,1,1,0,0,0,0,0,0,3,0,0,1,0,0,0,0,0,4,0,0,4,6,4,1,0,0,1,3,0,14,0,0,0,10,0,4,1,1,0,0,2.5654483718208256,1
71,13,25,25,0,3,0,0,6,1,1,0,0,0,0,0,0,3,0,0,1,0,0,0,0,0,4,0,0,4,6,4,1,0,0,1,3,0,14,0,0,0,10,0,4,1,1,0,0,2.5654483718208256,1
44,13,14,8,0,1,0,0,4,1,1,0,0,0,0,0,0,1,0,6,0,0,3,0,0,0,2,0,0,2,7,5,1,0,0,0,0,0,0,0,1,0,0,12,0,0,0,0,0,3.334679141051595,0
92,20,25,39,0,1,2,0,6,1,1,0,0,0,0,0,0,1,2,6,0,0,4,0,0,0,4,0,0,4,6,4,1,0,0,0,5,0,4,0,0,0,0,17,4,0,0,0,0,3.684183719779189,1
27,10,0,8,0,1,0,0,2,1,1,0,0,0,0,0,0,1,0,3,0,0,3,0,0,0,0,0,0,0,0,0,1,0,0,0,0,0,0,0,1,0,0,9,0,0,0,0,0,3.3219280948873626,0
35,13,14,0,0,1,0,0,4,0,0,0,0,0,0,0,0,1,0,6,0,0,3,0,0,0,2,0,0,2,7,5,0,0,0,0,0,0,0,0,1,0,0,12,0,0,0,0,0,3.334679141051595,0
103,21,25,49,0,1,2,0,6,1,1,0,0,0,0,0,0,1,2,6,0,0,3,0,0,0,4,0,0,4,6,4,1,0,0,0,4,0,4,0,0,0,0,18,4,0,0,0,0,3.8208888513501886,1
32,10,14,0,0,1,0,0,4,0,0,0,0,0,0,0,0,1,0,4,0,0,3,0,0,0,2,0,0,2,7,5,0,0,0,0,0,0,0,0,1,0,0,9,0,0,0,0,0,2.6464393446710157,0
21,13,0,0,0,1,0,0,2,0,0,0,0,0,0,0,0,1,0,4,0,0,3,0,0,0,0,0,0,0,0,0,0,0,0,0,0,0,0,0,1,0,0,12,0,0,0,0,0,3.0269868333592873,0
27,10,0,8,0,1,0,0,2,1,1,0,0,0,0,0,0,1,0,3,0,0,3,0,0,0,0,0,0,0,0,0,1,0,0,0,0,0,0,0,1,0,0,9,0,0,0,0,0,3.3219280948873626,0
109,21,25,55,0,1,2,0,6,1,1,0,0,0,0,0,0,1,2,6,0,0,3,0,0,0,4,0,0,4,6,4,1,0,0,0,4,0,4,0,0,0,0,18,4,0,0,0,0,3.8208888513501886,1
44,13,14,8,0,1,0,0,4,1,1,0,0,0,0,0,0,1,0,4,0,0,3,0,0,0,2,0,0,2,7,5,1,0,0,0,0,0,0,0,1,0,0,12,0,0,0,0,0,3.0269868333592873,0
90,21,25,36,0,1,2,0,6,1,1,0,0,0,0,0,0,1,2,6,0,0,3,0,0,0,4,0,0,4,6,4,1,0,0,0,4,0,4,0,0,0,0,18,4,0,0,0,0,3.8208888513501886,1
90,31,25,26,0,1,3,0,6,1,1,0,0,0,0,0,0,1,3,12,0,0,3,0,0,0,4,0,0,4,6,4,1,0,0,0,4,0,4,0,0,0,0,27,4,0,0,0,0,3.88904953591417,1
89,21,25,35,0,1,2,0,6,1,1,0,0,0,0,0,0,1,2,6,0,0,3,0,0,0,4,0,0,4,6,4,1,0,0,0,4,0,4,0,0,0,0,18,4,0,0,0,0,3.8208888513501886,1
107,21,25,53,0,1,2,0,6,1,1,0,0,0,0,0,0,1,2,6,0,0,3,0,0,0,4,0,0,4,6,4,1,0,0,0,4,0,4,0,0,0,0,18,4,0,0,0,0,3.8208888513501886,1
77,21,25,23,0,1,2,0,6,1,1,0,0,0,0,0,0,1,2,6,0,0,3,0,0,0,4,0,0,4,6,4,1,0,0,0,4,0,4,0,0,0,0,18,4,0,0,0,0,3.8208888513501886,1
30,13,0,8,0,1,0,0,2,1,1,0,0,0,0,0,0,1,0,4,0,0,3,0,0,0,0,0,0,0,0,0,1,0,0,0,0,0,0,0,1,0,0,12,0,0,0,0,0,3.0269868333592873,0
31,9,14,0,0,1,0,0,4,0,0,0,0,0,0,0,0,1,0,3,0,0,3,0,0,0,2,0,0,2,7,5,0,0,0,0,0,0,0,0,1,0,0,8,0,0,0,0,0,2.9477027792200903,0
78,21,25,24,0,1,2,0,6,1,1,0,0,0,0,0,0,1,2,6,0,0,3,0,0,0,4,0,0,4,6,4,1,0,0,0,4,0,4,0,0,0,0,18,4,0,0,0,0,3.8208888513501886,1
32,10,14,0,0,1,0,0,4,0,0,0,0,0,0,0,0,1,0,3,0,0,3,0,0,0,2,0,0,2,7,5,0,0,0,0,0,0,0,0,1,0,0,9,0,0,0,0,0,3.3219280948873626,0
77,21,25,23,0,1,2,0,6,1,1,0,0,0,0,0,0,1,2,6,0,0,3,0,0,0,4,0,0,4,6,4,1,0,0,0,4,0,4,0,0,0,0,18,4,0,0,0,0,3.8208888513501886,1
27,10,0,8,0,1,0,0,2,1,1,0,0,0,0,0,0,1,0,3,0,0,3,0,0,0,0,0,0,0,0,0,1,0,0,0,0,0,0,0,1,0,0,9,0,0,0,0,0,3.3219280948873626,0
26,9,0,8,0,1,0,0,2,1,1,0,0,0,0,0,0,1,0,3,0,0,3,0,0,0,0,0,0,0,0,0,1,0,0,0,0,0,0,0,1,0,0,8,0,0,0,0,0,2.9477027792200903,0
27,10,0,8,0,1,0,0,2,1,1,0,0,0,0,0,0,1,0,3,0,0,3,0,0,0,0,0,0,0,0,0,1,0,0,0,0,0,0,0,1,0,0,9,0,0,0,0,0,3.3219280948873626,0
76,20,25,23,0,1,2,0,6,1,1,0,0,0,0,0,0,1,2,6,0,0,4,0,0,0,4,0,0,4,6,4,1,0,0,0,5,0,4,0,0,0,0,17,4,0,0,0,0,3.684183719779189,1
96,21,25,42,0,1,2,0,6,1,1,0,0,0,0,0,0,1,2,6,0,0,3,0,0,0,4,0,0,4,6,4,1,0,0,0,4,0,4,0,0,0,0,18,4,0,0,0,0,3.8208888513501886,1
91,13,25,45,0,3,0,0,6,1,1,0,0,0,0,0,0,3,0,0,1,0,0,0,0,0,4,0,0,4,6,4,1,0,0,1,3,0,14,0,0,0,10,0,4,1,1,0,0,2.5654483718208256,1
17,9,0,0,0,1,0,0,2,0,0,0,0,0,0,0,0,1,0,3,0,0,3,0,0,0,0,0,0,0,0,0,0,0,0,0,0,0,0,0,1,0,0,8,0,0,0,0,0,2.9477027792200903,0
21,13,0,0,0,1,0,0,2,0,0,0,0,0,0,0,0,1,0,6,0,0,3,0,0,0,0,0,0,0,0,0,0,0,0,0,0,0,0,0,1,0,0,12,0,0,0,0,0,3.334679141051595,0
108,31,25,44,0,1,3,0,6,1,1,0,0,0,0,0,0,1,3,12,0,0,3,0,0,0,4,0,0,4,6,4,1,0,0,0,4,0,4,0,0,0,0,27,4,0,0,0,0,3.88904953591417,1
30,13,0,8,0,1,0,0,2,1,1,0,0,0,0,0,0,1,0,4,0,0,3,0,0,0,0,0,0,0,0,0,1,0,0,0,0,0,0,0,1,0,0,12,0,0,0,0,0,3.0269868333592873,0
92,31,25,28,0,1,3,0,6,1,1,0,0,0,0,0,0,1,3,12,0,0,3,0,0,0,4,0,0,4,6,4,1,0,0,0,4,0,4,0,0,0,0,27,4,0,0,0,0,3.88904953591417,1
74,20,25,21,0,1,2,0,6,1,1,0,0,0,0,0,0,1,2,6,0,0,4,0,0,0,4,0,0,4,6,4,1,0,0,0,5,0,4,0,0,0,0,17,4,0,0,0,0,3.684183719779189,1
30,13,0,8,0,1,0,0,2,1,1,0,0,0,0,0,0,1,0,6,0,0,3,0,0,0,0,0,0,0,0,0,1,0,0,0,0,0,0,0,1,0,0,12,0,0,0,0,0,3.334679141051595,0
75,20,25,22,0,1,2,0,6,1,1,0,0,0,0,0,0,1,2,6,0,0,4,0,0,0,4,0,0,4,6,4,1,0,0,0,5,0,4,0,0,0,0,17,4,0,0,0,0,3.684183719779189,1
104,21,25,50,0,1,2,0,6,1,1,0,0,0,0,0,0,1,2,6,0,0,3,0,0,0,4,0,0,4,6,4,1,0,0,0,4,0,4,0,0,0,0,18,4,0,0,0,0,3.8208888513501886,1
35,13,14,0,0,1,0,0,4,0,0,0,0,0,0,0,0,1,0,6,0,0,3,0,0,0,2,0,0,2,7,5,0,0,0,0,0,0,0,0,1,0,0,12,0,0,0,0,0,3.334679141051595,0
79,20,25,26,0,1,2,0,6,1,1,0,0,0,0,0,0,1,2,6,0,0,4,0,0,0,4,0,0,4,6,4,1,0,0,0,5,0,4,0,0,0,0,17,4,0,0,0,0,3.684183719779189,1
40,9,14,8,0,1,0,0,4,1,1,0,0,0,0,0,0,1,0,3,0,0,3,0,0,0,2,0,0,2,7,5,1,0,0,0,0,0,0,0,1,0,0,8,0,0,0,0,0,2.9477027792200903,0
17,9,0,0,0,1,0,0,2,0,0,0,0,0,0,0,0,1,0,3,0,0,3,0,0,0,0,0,0,0,0,0,0,0,0,0,0,0,0,0,1,0,0,8,0,0,0,0,0,2.9477027792200903,0
41,10,14,8,0,1,0,0,4,1,1,0,0,0,0,0,0,1,0,3,0,0,3,0,0,0,2,0,0,2,7,5,1,0,0,0,0,0,0,0,1,0,0,9,0,0,0,0,0,3.3219280948873626,0
92,21,25,38,0,1,2,0,6,1,1,0,0,0,0,0,0,1,2,6,0,0,3,0,0,0,4,0,0,4,6,4,1,0,0,0,4,0,4,0,0,0,0,18,4,0,0,0,0,3.8208888513501886,1
110,31,25,46,0,1,3,0,6,1,1,0,0,0,0,0,0,1,3,12,0,0,3,0,0,0,4,0,0,4,6,4,1,0,0,0,4,0,4,0,0,0,0,27,4,0,0,0,0,3.88904953591417,1
44,13,14,8,0,1,0,0,4,1,1,0,0,0,0,0,0,1,0,4,0,0,3,0,0,0,2,0,0,2,7,5,1,0,0,0,0,0,0,0,1,0,0,12,0,0,0,0,0,3.0269868333592873,0
35,13,14,0,0,1,0,0,4,0,0,0,0,0,0,0,0,1,0,4,0,0,3,0,0,0,2,0,0,2,7,5,0,0,0,0,0,0,0,0,1,0,0,12,0,0,0,0,0,3.0269868333592873,0
21,13,0,0,0,1,0,0,2,0,0,0,0,0,0,0,0,1,0,6,0,0,3,0,0,0,0,0,0,0,0,0,0,0,0,0,0,0,0,0,1,0,0,12,0,0,0,0,0,3.334679141051595,0
73,21,25,19,0,1,2,0,6,1,1,0,0,0,0,0,0,1,2,6,0,0,3,0,0,0,4,0,0,4,6,4,1,0,0,0,4,0,4,0,0,0,0,18,4,0,0,0,0,3.8208888513501886,1
82,21,25,28,0,1,2,0,6,1,1,0,0,0,0,0,0,1,2,6,0,0,3,0,0,0,4,0,0,4,6,4,1,0,0,0,4,0,4,0,0,0,0,18,4,0,0,0,0,3.8208888513501886,1
83,20,25,30,0,1,2,0,6,1,1,0,0,0,0,0,0,1,2,6,0,0,4,0,0,0,4,0,0,4,6,4,1,0,0,0,5,0,4,0,0,0,0,17,4,0,0,0,0,3.684183719779189,1
97,13,25,51,0,3,0,0,6,1,1,0,0,0,0,0,0,3,0,0,1,0,0,0,0,0,4,0,0,4,6,4,1,0,0,1,3,0,14,0,0,0,10,0,4,1,1,0,0,2.5654483718208256,1
41,10,14,8,0,1,0,0,4,1,1,0,0,0,0,0,0,1,0,4,0,0,3,0,0,0,2,0,0,2,7,5,1,0,0,0,0,0,0,0,1,0,0,9,0,0,0,0,0,2.6464393446710157,0
32,10,14,0,0,1,0,0,4,0,0,0,0,0,0,0,0,1,0,3,0,0,3,0,0,0,2,0,0,2,7,5,0,0,0,0,0,0,0,0,1,0,0,9,0,0,0,0,0,3.3219280948873626,0
74,21,25,20,0,1,2,0,6,1,1,0,0,0,0,0,0,1,2,6,0,0,3,0,0,0,4,0,0,4,6,4,1,0,0,0,4,0,4,0,0,0,0,18,4,0,0,0,0,3.8208888513501886,1
88,20,25,35,0,1,2,0,6,1,1,0,0,0,0,0,0,1,2,6,0,0,4,0,0,0,4,0,0,4,6,4,1,0,0,0,5,0,4,0,0,0,0,17,4,0,0,0,0,3.684183719779189,1
89,20,25,36,0,1,2,0,6,1,1,0,0,0,0,0,0,1,2,6,0,0,4,0,0,0,4,0,0,4,6,4,1,0,0,0,5,0,4,0,0,0,0,17,4,0,0,0,0,3.684183719779189,1
18,10,0,0,0,1,0,0,2,0,0,0,0,0,0,0,0,1,0,4,0,0,3,0,0,0,0,0,0,0,0,0,0,0,0,0,0,0,0,0,1,0,0,9,0,0,0,0,0,2.6464393446710157,0
32,10,14,0,0,1,0,0,4,0,0,0,0,0,0,0,0,1,0,3,0,0,3,0,0,0,2,0,0,2,7,5,0,0,0,0,0,0,0,0,1,0,0,9,0,0,0,0,0,3.3219280948873626,0
103,21,25,49,0,1,2,0,6,1,1,0,0,0,0,0,0,1,2,6,0,0,3,0,0,0,4,0,0,4,6,4,1,0,0,0,4,0,4,0,0,0,0,18,4,0,0,0,0,3.8208888513501886,1
18,10,0,0,0,1,0,0,2,0,0,0,0,0,0,0,0,1,0,4,0,0,3,0,0,0,0,0,0,0,0,0,0,0,0,0,0,0,0,0,1,0,0,9,0,0,0,0,0,2.6464393446710157,0
35,13,14,0,0,1,0,0,4,0,0,0,0,0,0,0,0,1,0,6,0,0,3,0,0,0,2,0,0,2,7,5,0,0,0,0,0,0,0,0,1,0,0,12,0,0,0,0,0,3.334679141051595,0
108,31,25,44,0,1,3,0,6,1,1,0,0,0,0,0,0,1,3,12,0,0,3,0,0,0,4,0,0,4,6,4,1,0,0,0,4,0,4,0,0,0,0,27,4,0,0,0,0,3.88904953591417,1
103,21,25,49,0,1,2,0,6,1,1,0,0,0,0,0,0,1,2,6,0,0,3,0,0,0,4,0,0,4,6,4,1,0,0,0,4,0,4,0,0,0,0,18,4,0,0,0,0,3.8208888513501886,1
44,13,14,8,0,1,0,0,4,1,1,0,0,0,0,0,0,1,0,4,0,0,3,0,0,0,2,0,0,2,7,5,1,0,0,0,0,0,0,0,1,0,0,12,0,0,0,0,0,3.0269868333592873,0
90,31,25,26,0,1,3,0,6,1,1,0,0,0,0,0,0,1,3,12,0,0,3,0,0,0,4,0,0,4,6,4,1,0,0,0,4,0,4,0,0,0,0,27,4,0,0,0,0,3.88904953591417,1
17,9,0,0,0,1,0,0,2,0,0,0,0,0,0,0,0,1,0,3,0,0,3,0,0,0,0,0,0,0,0,0,0,0,0,0,0,0,0,0,1,0,0,8,0,0,0,0,0,2.9477027792200903,0
102,21,25,48,0,1,2,0,6,1,1,0,0,0,0,0,0,1,2,6,0,0,3,0,0,0,4,0,0,4,6,4,1,0,0,0,4,0,4,0,0,0,0,18,4,0,0,0,0,3.8208888513501886,1
76,20,25,23,0,1,2,0,6,1,1,0,0,0,0,0,0,1,2,6,0,0,4,0,0,0,4,0,0,4,6,4,1,0,0,0,5,0,4,0,0,0,0,17,4,0,0,0,0,3.684183719779189,1
44,13,14,8,0,1,0,0,4,1,1,0,0,0,0,0,0,1,0,6,0,0,3,0,0,0,2,0,0,2,7,5,1,0,0,0,0,0,0,0,1,0,0,12,0,0,0,0,0,3.334679141051595,0
32,10,14,0,0,1,0,0,4,0,0,0,0,0,0,0,0,1,0,3,0,0,3,0,0,0,2,0,0,2,7,5,0,0,0,0,0,0,0,0,1,0,0,9,0,0,0,0,0,3.3219280948873626,0
21,13,0,0,0,1,0,0,2,0,0,0,0,0,0,0,0,1,0,4,0,0,3,0,0,0,0,0,0,0,0,0,0,0,0,0,0,0,0,0,1,0,0,12,0,0,0,0,0,3.0269868333592873,0
85,21,25,31,0,1,2,0,6,1,1,0,0,0,0,0,0,1,2,6,0,0,3,0,0,0,4,0,0,4,6,4,1,0,0,0,4,0,4,0,0,0,0,18,4,0,0,0,0,3.8208888513501886,1
107,21,25,53,0,1,2,0,6,1,1,0,0,0,0,0,0,1,2,6,0,0,3,0,0,0,4,0,0,4,6,4,1,0,0,0,4,0,4,0,0,0,0,18,4,0,0,0,0,3.8208888513501886,1
35,13,14,0,0,1,0,0,4,0,0,0,0,0,0,0,0,1,0,6,0,0,3,0,0,0,2,0,0,2,7,5,0,0,0,0,0,0,0,0,1,0,0,12,0,0,0,0,0,3.334679141051595,0
30,13,0,8,0,1,0,0,2,1,1,0,0,0,0,0,0,1,0,4,0,0,3,0,0,0,0,0,0,0,0,0,1,0,0,0,0,0,0,0,1,0,0,12,0,0,0,0,0,3.0269868333592873,0
41,10,14,8,0,1,0,0,4,1,1,0,0,0,0,0,0,1,0,4,0,0,3,0,0,0,2,0,0,2,7,5,1,0,0,0,0,0,0,0,1,0,0,9,0,0,0,0,0,2.6464393446710157,0
26,9,0,8,0,1,0,0,2,1,1,0,0,0,0,0,0,1,0,3,0,0,3,0,0,0,0,0,0,0,0,0,1,0,0,0,0,0,0,0,1,0,0,8,0,0,0,0,0,2.9477027792200903,0
35,13,14,0,0,1,0,0,4,0,0,0,0,0,0,0,0,1,0,6,0,0,3,0,0,0,2,0,0,2,7,5,0,0,0,0,0,0,0,0,1,0,0,12,0,0,0,0,0,3.334679141051595,0
90,31,25,26,0,1,3,0,6,1,1,0,0,0,0,0,0,1,3,12,0,0,3,0,0,0,4,0,0,4,6,4,1,0,0,0,4,0,4,0,0,0,0,27,4,0,0,0,0,3.88904953591417,1
80,31,25,16,0,1,3,0,6,1,1,0,0,0,0,0,0,1,3,12,0,0,3,0,0,0,4,0,0,4,6,4,1,0,0,0,4,0,4,0,0,0,0,27,4,0,0,0,0,3.88904953591417,1
98,21,25,44,0,1,2,0,6,1,1,0,0,0,0,0,0,1,2,6,0,0,3,0,0,0,4,0,0,4,6,4,1,0,0,0,4,0,4,0,0,0,0,18,4,0,0,0,0,3.8208888513501886,1
32,10,14,0,0,1,0,0,4,0,0,0,0,0,0,0,0,1,0,3,0,0,3,0,0,0,2,0,0,2,7,5,0,0,0,0,0,0,0,0,1,0,0,9,0,0,0,0,0,3.3219280948873626,0
40,9,14,8,0,1,0,0,4,1,1,0,0,0,0,0,0,1,0,3,0,0,3,0,0,0,2,0,0,2,7,5,1,0,0,0,0,0,0,0,1,0,0,8,0,0,0,0,0,2.9477027792200903,0
31,9,14,0,0,1,0,0,4,0,0,0,0,0,0,0,0,1,0,3,0,0,3,0,0,0,2,0,0,2,7,5,0,0,0,0,0,0,0,0,1,0,0,8,0,0,0,0,0,2.9477027792200903,0
35,13,14,0,0,1,0,0,4,0,0,0,0,0,0,0,0,1,0,4,0,0,3,0,0,0,2,0,0,2,7,5,0,0,0,0,0,0,0,0,1,0,0,12,0,0,0,0,0,3.0269868333592873,0
40,9,14,8,0,1,0,0,4,1,1,0,0,0,0,0,0,1,0,3,0,0,3,0,0,0,2,0,0,2,7,5,1,0,0,0,0,0,0,0,1,0,0,8,0,0,0,0,0,2.9477027792200903,0
21,13,0,0,0,1,0,0,2,0,0,0,0,0,0,0,0,1,0,6,0,0,3,0,0,0,0,0,0,0,0,0,0,0,0,0,0,0,0,0,1,0,0,12,0,0,0,0,0,3.334679141051595,0
31,9,14,0,0,1,0,0,4,0,0,0,0,0,0,0,0,1,0,3,0,0,3,0,0,0,2,0,0,2,7,5,0,0,0,0,0,0,0,0,1,0,0,8,0,0,0,0,0,2.9477027792200903,0
72,21,25,18,0,1,2,0,6,1,1,0,0,0,0,0,0,1,2,6,0,0,3,0,0,0,4,0,0,4,6,4,1,0,0,0,4,0,4,0,0,0,0,18,4,0,0,0,0,3.8208888513501886,1
112,31,25,48,0,1,3,0,6,1,1,0,0,0,0,0,0,1,3,12,0,0,3,0,0,0,4,0,0,4,6,4,1,0,0,0,4,0,4,0,0,0,0,27,4,0,0,0,0,3.88904953591417,1
83,13,25,37,0,3,0,0,6,1,1,0,0,0,0,0,0,3,0,0,1,0,0,0,0,0,4,0,0,4,6,4,1,0,0,1,3,0,14,0,0,0,10,0,4,1,1,0,0,2.5654483718208256,1
35,13,14,0,0,1,0,0,4,0,0,0,0,0,0,0,0,1,0,6,0,0,3,0,0,0,2,0,0,2,7,5,0,0,0,0,0,0,0,0,1,0,0,12,0,0,0,0,0,3.334679141051595,0
82,20,25,29,0,1,2,0,6,1,1,0,0,0,0,0,0,1,2,6,0,0,4,0,0,0,4,0,0,4,6,4,1,0,0,0,5,0,4,0,0,0,0,17,4,0,0,0,0,3.684183719779189,1
107,21,25,53,0,1,2,0,6,1,1,0,0,0,0,0,0,1,2,6,0,0,3,0,0,0,4,0,0,4,6,4,1,0,0,0,4,0,4,0,0,0,0,18,4,0,0,0,0,3.8208888513501886,1
86,13,25,40,0,3,0,0,6,1,1,0,0,0,0,0,0,3,0,0,1,0,0,0,0,0,4,0,0,4,6,4,1,0,0,1,3,0,14,0,0,0,10,0,4,1,1,0,0,2.5654483718208256,1
41,10,14,8,0,1,0,0,4,1,1,0,0,0,0,0,0,1,0,3,0,0,3,0,0,0,2,0,0,2,7,5,1,0,0,0,0,0,0,0,1,0,0,9,0,0,0,0,0,3.3219280948873626,0
90,20,25,37,0,1,2,0,6,1,1,0,0,0,0,0,0,1,2,6,0,0,4,0,0,0,4,0,0,4,6,4,1,0,0,0,5,0,4,0,0,0,0,17,4,0,0,0,0,3.684183719779189,1
35,13,14,0,0,1,0,0,4,0,0,0,0,0,0,0,0,1,0,6,0,0,3,0,0,0,2,0,0,2,7,5,0,0,0,0,0,0,0,0,1,0,0,12,0,0,0,0,0,3.334679141051595,0
40,9,14,8,0,1,0,0,4,1,1,0,0,0,0,0,0,1,0,3,0,0,3,0,0,0,2,0,0,2,7,5,1,0,0,0,0,0,0,0,1,0,0,8,0,0,0,0,0,2.9477027792200903,0
32,10,14,0,0,1,0,0,4,0,0,0,0,0,0,0,0,1,0,3,0,0,3,0,0,0,2,0,0,2,7,5,0,0,0,0,0,0,0,0,1,0,0,9,0,0,0,0,0,3.3219280948873626,0
91,21,25,37,0,1,2,0,6,1,1,0,0,0,0,0,0,1,2,6,0,0,3,0,0,0,4,0,0,4,6,4,1,0,0,0,4,0,4,0,0,0,0,18,4,0,0,0,0,3.8208888513501886,1
32,10,14,0,0,1,0,0,4,0,0,0,0,0,0,0,0,1,0,3,0,0,3,0,0,0,2,0,0,2,7,5,0,0,0,0,0,0,0,0,1,0,0,9,0,0,0,0,0,3.3219280948873626,0
73,20,25,20,0,1,2,0,6,1,1,0,0,0,0,0,0,1,2,6,0,0,4,0,0,0,4,0,0,4,6,4,1,0,0,0,5,0,4,0,0,0,0,17,4,0,0,0,0,3.684183719779189,1
32,10,14,0,0,1,0,0,4,0,0,0,0,0,0,0,0,1,0,4,0,0,3,0,0,0,2,0,0,2,7,5,0,0,0,0,0,0,0,0,1,0,0,9,0,0,0,0,0,2.6464393446710157,0
21,13,0,0,0,1,0,0,2,0,0,0,0,0,0,0,0,1,0,4,0,0,3,0,0,0,0,0,0,0,0,0,0,0,0,0,0,0,0,0,1,0,0,12,0,0,0,0,0,3.0269868333592873,0
97,21,25,43,0,1,2,0,6,1,1,0,0,0,0,0,0,1,2,6,0,0,3,0,0,0,4,0,0,4,6,4,1,0,0,0,4,0,4,0,0,0,0,18,4,0,0,0,0,3.8208888513501886,1
21,13,0,0,0,1,0,0,2,0,0,0,0,0,0,0,0,1,0,6,0,0,3,0,0,0,0,0,0,0,0,0,0,0,0,0,0,0,0,0,1,0,0,12,0,0,0,0,0,3.334679141051595,0
104,21,25,50,0,1,2,0,6,1,1,0,0,0,0,0,0,1,2,6,0,0,3,0,0,0,4,0,0,4,6,4,1,0,0,0,4,0,4,0,0,0,0,18,4,0,0,0,0,3.8208888513501886,1
97,21,25,43,0,1,2,0,6,1,1,0,0,0,0,0,0,1,2,6,0,0,3,0,0,0,4,0,0,4,6,4,1,0,0,0,4,0,4,0,0,0,0,18,4,0,0,0,0,3.8208888513501886,1
32,10,14,0,0,1,0,0,4,0,0,0,0,0,0,0,0,1,0,4,0,0,3,0,0,0,2,0,0,2,7,5,0,0,0,0,0,0,0,0,1,0,0,9,0,0,0,0,0,2.6464393446710157,0
76,20,25,23,0,1,2,0,6,1,1,0,0,0,0,0,0,1,2,6,0,0,4,0,0,0,4,0,0,4,6,4,1,0,0,0,5,0,4,0,0,0,0,17,4,0,0,0,0,3.684183719779189,1
90,31,25,26,0,1,3,0,6,1,1,0,0,0,0,0,0,1,3,12,0,0,3,0,0,0,4,0,0,4,6,4,1,0,0,0,4,0,4,0,0,0,0,27,4,0,0,0,0,3.88904953591417,1
21,13,0,0,0,1,0,0,2,0,0,0,0,0,0,0,0,1,0,4,0,0,3,0,0,0,0,0,0,0,0,0,0,0,0,0,0,0,0,0,1,0,0,12,0,0,0,0,0,3.0269868333592873,0
18,10,0,0,0,1,0,0,2,0,0,0,0,0,0,0,0,1,0,4,0,0,3,0,0,0,0,0,0,0,0,0,0,0,0,0,0,0,0,0,1,0,0,9,0,0,0,0,0,2.6464393446710157,0
84,13,25,38,0,3,0,0,6,1,1,0,0,0,0,0,0,3,0,0,1,0,0,0,0,0,4,0,0,4,6,4,1,0,0,1,3,0,14,0,0,0,10,0,4,1,1,0,0,2.5654483718208256,1
106,20,25,53,0,1,2,0,6,1,1,0,0,0,0,0,0,1,2,6,0,0,4,0,0,0,4,0,0,4,6,4,1,0,0,0,5,0,4,0,0,0,0,17,4,0,0,0,0,3.684183719779189,1
44,13,14,8,0,1,0,0,4,1,1,0,0,0,0,0,0,1,0,4,0,0,3,0,0,0,2,0,0,2,7,5,1,0,0,0,0,0,0,0,1,0,0,12,0,0,0,0,0,3.0269868333592873,0
40,9,14,8,0,1,0,0,4,1,1,0,0,0,0,0,0,1,0,3,0,0,3,0,0,0,2,0,0,2,7,5,1,0,0,0,0,0,0,0,1,0,0,8,0,0,0,0,0,2.9477027792200903,0
32,10,14,0,0,1,0,0,4,0,0,0,0,0,0,0,0,1,0,4,0,0,3,0,0,0,2,0,0,2,7,5,0,0,0,0,0,0,0,0,1,0,0,9,0,0,0,0,0,2.6464393446710157,0
21,13,0,0,0,1,0,0,2,0,0,0,0,0,0,0,0,1,0,6,0,0,3,0,0,0,0,0,0,0,0,0,0,0,0,0,0,0,0,0,1,0,0,12,0,0,0,0,0,3.334679141051595,0
89,31,25,25,0,1,3,0,6,1,1,0,0,0,0,0,0,1,3,12,0,0,3,0,0,0,4,0,0,4,6,4,1,0,0,0,4,0,4,0,0,0,0,27,4,0,0,0,0,3.88904953591417,1
109,21,25,55,0,1,2,0,6,1,1,0,0,0,0,0,0,1,2,6,0,0,3,0,0,0,4,0,0,4,6,4,1,0,0,0,4,0,4,0,0,0,0,18,4,0,0,0,0,3.8208888513501886,1
90,13,25,44,0,3,0,0,6,1,1,0,0,0,0,0,0,3,0,0,1,0,0,0,0,0,4,0,0,4,6,4,1,0,0,1,3,0,14,0,0,0,10,0,4,1,1,0,0,2.5654483718208256,1
102,13,25,56,0,3,0,0,6,1,1,0,0,0,0,0,0,3,0,0,1,0,0,0,0,0,4,0,0,4,6,4,1,0,0,1,3,0,14,0,0,0,10,0,4,1,1,0,0,2.5654483718208256,1
78,13,25,32,0,3,0,0,6,1,1,0,0,0,0,0,0,3,0,0,1,0,0,0,0,0,4,0,0,4,6,4,1,0,0,1,3,0,14,0,0,0,10,0,4,1,1,0,0,2.5654483718208256,1
18,10,0,0,0,1,0,0,2,0,0,0,0,0,0,0,0,1,0,4,0,0,3,0,0,0,0,0,0,0,0,0,0,0,0,0,0,0,0,0,1,0,0,9,0,0,0,0,0,2.6464393446710157,0
96,31,25,32,0,1,3,0,6,1,1,0,0,0,0,0,0,1,3,12,0,0,3,0,0,0,4,0,0,4,6,4,1,0,0,0,4,0,4,0,0,0,0,27,4,0,0,0,0,3.88904953591417,1
32,10,14,0,0,1,0,0,4,0,0,0,0,0,0,0,0,1,0,3,0,0,3,0,0,0,2,0,0,2,7,5,0,0,0,0,0,0,0,0,1,0,0,9,0,0,0,0,0,3.3219280948873626,0
30,13,0,8,0,1,0,0,2,1,1,0,0,0,0,0,0,1,0,4,0,0,3,0,0,0,0,0,0,0,0,0,1,0,0,0,0,0,0,0,1,0,0,12,0,0,0,0,0,3.0269868333592873,0
70,21,25,16,0,1,2,0,6,1,1,0,0,0,0,0,0,1,2,6,0,0,3,0,0,0,4,0,0,4,6,4,1,0,0,0,4,0,4,0,0,0,0,18,4,0,0,0,0,3.8208888513501886,1
27,10,0,8,0,1,0,0,2,1,1,0,0,0,0,0,0,1,0,4,0,0,3,0,0,0,0,0,0,0,0,0,1,0,0,0,0,0,0,0,1,0,0,9,0,0,0,0,0,2.6464393446710157,0
83,21,25,29,0,1,2,0,6,1,1,0,0,0,0,0,0,1,2,6,0,0,3,0,0,0,4,0,0,4,6,4,1,0,0,0,4,0,4,0,0,0,0,18,4,0,0,0,0,3.8208888513501886,1
32,10,14,0,0,1,0,0,4,0,0,0,0,0,0,0,0,1,0,4,0,0,3,0,0,0,2,0,0,2,7,5,0,0,0,0,0,0,0,0,1,0,0,9,0,0,0,0,0,2.6464393446710157,0
119,31,25,55,0,1,3,0,6,1,1,0,0,0,0,0,0,1,3,12,0,0,3,0,0,0,4,0,0,4,6,4,1,0,0,0,4,0,4,0,0,0,0,27,4,0,0,0,0,3.88904953591417,1
80,21,25,26,0,1,2,0,6,1,1,0,0,0,0,0,0,1,2,6,0,0,3,0,0,0,4,0,0,4,6,4,1,0,0,0,4,0,4,0,0,0,0,18,4,0,0,0,0,3.8208888513501886,1
109,31,25,45,0,1,3,0,6,1,1,0,0,0,0,0,0,1,3,12,0,0,3,0,0,0,4,0,0,4,6,4,1,0,0,0,4,0,4,0,0,0,0,27,4,0,0,0,0,3.88904953591417,1
97,21,25,43,0,1,2,0,6,1,1,0,0,0,0,0,0,1,2,6,0,0,3,0,0,0,4,0,0,4,6,4,1,0,0,0,4,0,4,0,0,0,0,18,4,0,0,0,0,3.8208888513501886,1
21,13,0,0,0,1,0,0,2,0,0,0,0,0,0,0,0,1,0,6,0,0,3,0,0,0,0,0,0,0,0,0,0,0,0,0,0,0,0,0,1,0,0,12,0,0,0,0,0,3.334679141051595,0
85,20,25,32,0,1,2,0,6,1,1,0,0,0,0,0,0,1,2,6,0,0,4,0,0,0,4,0,0,4,6,4,1,0,0,0,5,0,4,0,0,0,0,17,4,0,0,0,0,3.684183719779189,1
81,21,25,27,0,1,2,0,6,1,1,0,0,0,0,0,0,1,2,6,0,0,3,0,0,0,4,0,0,4,6,4,1,0,0,0,4,0,4,0,0,0,0,18,4,0,0,0,0,3.8208888513501886,1
35,13,14,0,0,1,0,0,4,0,0,0,0,0,0,0,0,1,0,4,0,0,3,0,0,0,2,0,0,2,7,5,0,0,0,0,0,0,0,0,1,0,0,12,0,0,0,0,0,3.0269868333592873,0
26,9,0,8,0,1,0,0,2,1,1,0,0,0,0,0,0,1,0,3,0,0,3,0,0,0,0,0,0,0,0,0,1,0,0,0,0,0,0,0,1,0,0,8,0,0,0,0,0,2.9477027792200903,0
41,10,14,8,0,1,0,0,4,1,1,0,0,0,0,0,0,1,0,4,0,0,3,0,0,0,2,0,0,2,7,5,1,0,0,0,0,0,0,0,1,0,0,9,0,0,0,0,0,2.6464393446710157,0
44,13,14,8,0,1,0,0,4,1,1,0,0,0,0,0,0,1,0,4,0,0,3,0,0,0,2,0,0,2,7,5,1,0,0,0,0,0,0,0,1,0,0,12,0,0,0,0,0,3.0269868333592873,0
32,10,14,0,0,1,0,0,4,0,0,0,0,0,0,0,0,1,0,3,0,0,3,0,0,0,2,0,0,2,7,5,0,0,0,0,0,0,0,0,1,0,0,9,0,0,0,0,0,3.3219280948873626,0
107,31,25,43,0,1,3,0,6,1,1,0,0,0,0,0,0,1,3,12,0,0,3,0,0,0,4,0,0,4,6,4,1,0,0,0,4,0,4,0,0,0,0,27,4,0,0,0,0,3.88904953591417,1
73,13,25,27,0,3,0,0,6,1,1,0,0,0,0,0,0,3,0,0,1,0,0,0,0,0,4,0,0,4,6,4,1,0,0,1,3,0,14,0,0,0,10,0,4,1,1,0,0,2.5654483718208256,1
84,13,25,38,0,3,0,0,6,1,1,0,0,0,0,0,0,3,0,0,1,0,0,0,0,0,4,0,0,4,6,4,1,0,0,1,3,0,14,0,0,0,10,0,4,1,1,0,0,2.5654483718208256,1
97,21,25,43,0,1,2,0,6,1,1,0,0,0,0,0,0,1,2,6,0,0,3,0,0,0,4,0,0,4,6,4,1,0,0,0,4,0,4,0,0,0,0,18,4,0,0,0,0,3.8208888513501886,1
68,13,25,22,0,3,0,0,6,1,1,0,0,0,0,0,0,3,0,0,1,0,0,0,0,0,4,0,0,4,6,4,1,0,0,1,3,0,14,0,0,0,10,0,4,1,1,0,0,2.5654483718208256,1
84,20,25,31,0,1,2,0,6,1,1,0,0,0,0,0,0,1,2,6,0,0,4,0,0,0,4,0,0,4,6,4,1,0,0,0,5,0,4,0,0,0,0,17,4,0,0,0,0,3.684183719779189,1
35,13,14,0,0,1,0,0,4,0,0,0,0,0,0,0,0,1,0,6,0,0,3,0,0,0,2,0,0,2,7,5,0,0,0,0,0,0,0,0,1,0,0,12,0,0,0,0,0,3.334679141051595,0
78,13,25,32,0,3,0,0,6,1,1,0,0,0,0,0,0,3,0,0,1,0,0,0,0,0,4,0,0,4,6,4,1,0,0,1,3,0,14,0,0,0,10,0,4,1,1,0,0,2.5654483718208256,1
18,10,0,0,0,1,0,0,2,0,0,0,0,0,0,0,0,1,0,3,0,0,3,0,0,0,0,0,0,0,0,0,0,0,0,0,0,0,0,0,1,0,0,9,0,0,0,0,0,3.3219280948873626,0
94,31,25,30,0,1,3,0,6,1,1,0,0,0,0,0,0,1,3,12,0,0,3,0,0,0,4,0,0,4,6,4,1,0,0,0,4,0,4,0,0,0,0,27,4,0,0,0,0,3.88904953591417,1
35,13,14,0,0,1,0,0,4,0,0,0,0,0,0,0,0,1,0,6,0,0,3,0,0,0,2,0,0,2,7,5,0,0,0,0,0,0,0,0,1,0,0,12,0,0,0,0,0,3.334679141051595,0
21,13,0,0,0,1,0,0,2,0,0,0,0,0,0,0,0,1,0,4,0,0,3,0,0,0,0,0,0,0,0,0,0,0,0,0,0,0,0,0,1,0,0,12,0,0,0,0,0,3.0269868333592873,0
17,9,0,0,0,1,0,0,2,0,0,0,0,0,0,0,0,1,0,3,0,0,3,0,0,0,0,0,0,0,0,0,0,0,0,0,0,0,0,0,1,0,0,8,0,0,0,0,0,2.9477027792200903,0
73,13,25,27,0,3,0,0,6,1,1,0,0,0,0,0,0,3,0,0,1,0,0,0,0,0,4,0,0,4,6,4,1,0,0,1,3,0,14,0,0,0,10,0,4,1,1,0,0,2.5654483718208256,1
17,9,0,0,0,1,0,0,2,0,0,0,0,0,0,0,0,1,0,3,0,0,3,0,0,0,0,0,0,0,0,0,0,0,0,0,0,0,0,0,1,0,0,8,0,0,0,0,0,2.9477027792200903,0
95,31,25,31,0,1,3,0,6,1,1,0,0,0,0,0,0,1,3,12,0,0,3,0,0,0,4,0,0,4,6,4,1,0,0,0,4,0,4,0,0,0,0,27,4,0,0,0,0,3.88904953591417,1
18,10,0,0,0,1,0,0,2,0,0,0,0,0,0,0,0,1,0,3,0,0,3,0,0,0,0,0,0,0,0,0,0,0,0,0,0,0,0,0,1,0,0,9,0,0,0,0,0,3.3219280948873626,0
31,9,14,0,0,1,0,0,4,0,0,0,0,0,0,0,0,1,0,3,0,0,3,0,0,0,2,0,0,2,7,5,0,0,0,0,0,0,0,0,1,0,0,8,0,0,0,0,0,2.9477027792200903,0
17,9,0,0,0,1,0,0,2,0,0,0,0,0,0,0,0,1,0,3,0,0,3,0,0,0,0,0,0,0,0,0,0,0,0,0,0,0,0,0,1,0,0,8,0,0,0,0,0,2.9477027792200903,0
30,13,0,8,0,1,0,0,2,1,1,0,0,0,0,0,0,1,0,4,0,0,3,0,0,0,0,0,0,0,0,0,1,0,0,0,0,0,0,0,1,0,0,12,0,0,0,0,0,3.0269868333592873,0
18,10,0,0,0,1,0,0,2,0,0,0,0,0,0,0,0,1,0,4,0,0,3,0,0,0,0,0,0,0,0,0,0,0,0,0,0,0,0,0,1,0,0,9,0,0,0,0,0,2.6464393446710157,0
82,13,25,36,0,3,0,0,6,1,1,0,0,0,0,0,0,3,0,0,1,0,0,0,0,0,4,0,0,4,6,4,1,0,0,1,3,0,14,0,0,0,10,0,4,1,1,0,0,2.5654483718208256,1
84,13,25,38,0,3,0,0,6,1,1,0,0,0,0,0,0,3,0,0,1,0,0,0,0,0,4,0,0,4,6,4,1,0,0,1,3,0,14,0,0,0,10,0,4,1,1,0,0,2.5654483718208256,1
72,13,25,26,0,3,0,0,6,1,1,0,0,0,0,0,0,3,0,0,1,0,0,0,0,0,4,0,0,4,6,4,1,0,0,1,3,0,14,0,0,0,10,0,4,1,1,0,0,2.5654483718208256,1
86,20,25,33,0,1,2,0,6,1,1,0,0,0,0,0,0,1,2,6,0,0,4,0,0,0,4,0,0,4,6,4,1,0,0,0,5,0,4,0,0,0,0,17,4,0,0,0,0,3.684183719779189,1
103,21,25,49,0,1,2,0,6,1,1,0,0,0,0,0,0,1,2,6,0,0,3,0,0,0,4,0,0,4,6,4,1,0,0,0,4,0,4,0,0,0,0,18,4,0,0,0,0,3.8208888513501886,1
21,13,0,0,0,1,0,0,2,0,0,0,0,0,0,0,0,1,0,4,0,0,3,0,0,0,0,0,0,0,0,0,0,0,0,0,0,0,0,0,1,0,0,12,0,0,0,0,0,3.0269868333592873,0
44,13,14,8,0,1,0,0,4,1,1,0,0,0,0,0,0,1,0,6,0,0,3,0,0,0,2,0,0,2,7,5,1,0,0,0,0,0,0,0,1,0,0,12,0,0,0,0,0,3.334679141051595,0
86,31,25,22,0,1,3,0,6,1,1,0,0,0,0,0,0,1,3,12,0,0,3,0,0,0,4,0,0,4,6,4,1,0,0,0,4,0,4,0,0,0,0,27,4,0,0,0,0,3.88904953591417,1
44,13,14,8,0,1,0,0,4,1,1,0,0,0,0,0,0,1,0,6,0,0,3,0,0,0,2,0,0,2,7,5,1,0,0,0,0,0,0,0,1,0,0,12,0,0,0,0,0,3.334679141051595,0
18,10,0,0,0,1,0,0,2,0,0,0,0,0,0,0,0,1,0,3,0,0,3,0,0,0,0,0,0,0,0,0,0,0,0,0,0,0,0,0,1,0,0,9,0,0,0,0,0,3.3219280948873626,0
32,10,14,0,0,1,0,0,4,0,0,0,0,0,0,0,0,1,0,3,0,0,3,0,0,0,2,0,0,2,7,5,0,0,0,0,0,0,0,0,1,0,0,9,0,0,0,0,0,3.3219280948873626,0
27,10,0,8,0,1,0,0,2,1,1,0,0,0,0,0,0,1,0,4,0,0,3,0,0,0,0,0,0,0,0,0,1,0,0,0,0,0,0,0,1,0,0,9,0,0,0,0,0,2.6464393446710157,0
109,31,25,45,0,1,3,0,6,1,1,0,0,0,0,0,0,1,3,12,0,0,3,0,0,0,4,0,0,4,6,4,1,0,0,0,4,0,4,0,0,0,0,27,4,0,0,0,0,3.88904953591417,1
35,13,14,0,0,1,0,0,4,0,0,0,0,0,0,0,0,1,0,4,0,0,3,0,0,0,2,0,0,2,7,5,0,0,0,0,0,0,0,0,1,0,0,12,0,0,0,0,0,3.0269868333592873,0
83,20,25,30,0,1,2,0,6,1,1,0,0,0,0,0,0,1,2,6,0,0,4,0,0,0,4,0,0,4,6,4,1,0,0,0,5,0,4,0,0,0,0,17,4,0,0,0,0,3.684183719779189,1
85,20,25,32,0,1,2,0,6,1,1,0,0,0,0,0,0,1,2,6,0,0,4,0,0,0,4,0,0,4,6,4,1,0,0,0,5,0,4,0,0,0,0,17,4,0,0,0,0,3.684183719779189,1
77,13,25,31,0,3,0,0,6,1,1,0,0,0,0,0,0,3,0,0,1,0,0,0,0,0,4,0,0,4,6,4,1,0,0,1,3,0,14,0,0,0,10,0,4,1,1,0,0,2.5654483718208256,1
32,10,14,0,0,1,0,0,4,0,0,0,0,0,0,0,0,1,0,4,0,0,3,0,0,0,2,0,0,2,7,5,0,0,0,0,0,0,0,0,1,0,0,9,0,0,0,0,0,2.6464393446710157,0
100,13,25,54,0,3,0,0,6,1,1,0,0,0,0,0,0,3,0,0,1,0,0,0,0,0,4,0,0,4,6,4,1,0,0,1,3,0,14,0,0,0,10,0,4,1,1,0,0,2.5654483718208256,1
76,21,25,22,0,1,2,0,6,1,1,0,0,0,0,0,0,1,2,6,0,0,3,0,0,0,4,0,0,4,6,4,1,0,0,0,4,0,4,0,0,0,0,18,4,0,0,0,0,3.8208888513501886,1
88,21,25,34,0,1,2,0,6,1,1,0,0,0,0,0,0,1,2,6,0,0,3,0,0,0,4,0,0,4,6,4,1,0,0,0,4,0,4,0,0,0,0,18,4,0,0,0,0,3.8208888513501886,1
83,13,25,37,0,3,0,0,6,1,1,0,0,0,0,0,0,3,0,0,1,0,0,0,0,0,4,0,0,4,6,4,1,0,0,1,3,0,14,0,0,0,10,0,4,1,1,0,0,2.5654483718208256,1
101,31,25,37,0,1,3,0,6,1,1,0,0,0,0,0,0,1,3,12,0,0,3,0,0,0,4,0,0,4,6,4,1,0,0,0,4,0,4,0,0,0,0,27,4,0,0,0,0,3.88904953591417,1
113,31,25,49,0,1,3,0,6,1,1,0,0,0,0,0,0,1,3,12,0,0,3,0,0,0,4,0,0,4,6,4,1,0,0,0,4,0,4,0,0,0,0,27,4,0,0,0,0,3.88904953591417,1
79,20,25,26,0,1,2,0,6,1,1,0,0,0,0,0,0,1,2,6,0,0,4,0,0,0,4,0,0,4,6,4,1,0,0,0,5,0,4,0,0,0,0,17,4,0,0,0,0,3.684183719779189,1
120,31,25,56,0,1,3,0,6,1,1,0,0,0,0,0,0,1,3,12,0,0,3,0,0,0,4,0,0,4,6,4,1,0,0,0,4,0,4,0,0,0,0,27,4,0,0,0,0,3.88904953591417,1
81,20,25,28,0,1,2,0,6,1,1,0,0,0,0,0,0,1,2,6,0,0,4,0,0,0,4,0,0,4,6,4,1,0,0,0,5,0,4,0,0,0,0,17,4,0,0,0,0,3.684183719779189,1
27,10,0,8,0,1,0,0,2,1,1,0,0,0,0,0,0,1,0,4,0,0,3,0,0,0,0,0,0,0,0,0,1,0,0,0,0,0,0,0,1,0,0,9,0,0,0,0,0,2.6464393446710157,0
27,10,0,8,0,1,0,0,2,1,1,0,0,0,0,0,0,1,0,4,0,0,3,0,0,0,0,0,0,0,0,0,1,0,0,0,0,0,0,0,1,0,0,9,0,0,0,0,0,2.6464393446710157,0
27,10,0,8,0,1,0,0,2,1,1,0,0,0,0,0,0,1,0,4,0,0,3,0,0,0,0,0,0,0,0,0,1,0,0,0,0,0,0,0,1,0,0,9,0,0,0,0,0,2.6464393446710157,0
32,10,14,0,0,1,0,0,4,0,0,0,0,0,0,0,0,1,0,4,0,0,3,0,0,0,2,0,0,2,7,5,0,0,0,0,0,0,0,0,1,0,0,9,0,0,0,0,0,2.6464393446710157,0
88,21,25,34,0,1,2,0,6,1,1,0,0,0,0,0,0,1,2,6,0,0,3,0,0,0,4,0,0,4,6,4,1,0,0,0,4,0,4,0,0,0,0,18,4,0,0,0,0,3.8208888513501886,1
70,13,25,24,0,3,0,0,6,1,1,0,0,0,0,0,0,3,0,0,1,0,0,0,0,0,4,0,0,4,6,4,1,0,0,1,3,0,14,0,0,0,10,0,4,1,1,0,0,2.5654483718208256,1
27,10,0,8,0,1,0,0,2,1,1,0,0,0,0,0,0,1,0,4,0,0,3,0,0,0,0,0,0,0,0,0,1,0,0,0,0,0,0,0,1,0,0,9,0,0,0,0,0,2.6464393446710157,0
80,20,25,27,0,1,2,0,6,1,1,0,0,0,0,0,0,1,2,6,0,0,4,0,0,0,4,0,0,4,6,4,1,0,0,0,5,0,4,0,0,0,0,17,4,0,0,0,0,3.684183719779189,1
44,13,14,8,0,1,0,0,4,1,1,0,0,0,0,0,0,1,0,4,0,0,3,0,0,0,2,0,0,2,7,5,1,0,0,0,0,0,0,0,1,0,0,12,0,0,0,0,0,3.0269868333592873,0
35,13,14,0,0,1,0,0,4,0,0,0,0,0,0,0,0,1,0,4,0,0,3,0,0,0,2,0,0,2,7,5,0,0,0,0,0,0,0,0,1,0,0,12,0,0,0,0,0,3.0269868333592873,0
32,10,14,0,0,1,0,0,4,0,0,0,0,0,0,0,0,1,0,3,0,0,3,0,0,0,2,0,0,2,7,5,0,0,0,0,0,0,0,0,1,0,0,9,0,0,0,0,0,3.3219280948873626,0
31,9,14,0,0,1,0,0,4,0,0,0,0,0,0,0,0,1,0,3,0,0,3,0,0,0,2,0,0,2,7,5,0,0,0,0,0,0,0,0,1,0,0,8,0,0,0,0,0,2.9477027792200903,0
71,13,25,25,0,3,0,0,6,1,1,0,0,0,0,0,0,3,0,0,1,0,0,0,0,0,4,0,0,4,6,4,1,0,0,1,3,0,14,0,0,0,10,0,4,1,1,0,0,2.5654483718208256,1
76,20,25,23,0,1,2,0,6,1,1,0,0,0,0,0,0,1,2,6,0,0,4,0,0,0,4,0,0,4,6,4,1,0,0,0,5,0,4,0,0,0,0,17,4,0,0,0,0,3.684183719779189,1
21,13,0,0,0,1,0,0,2,0,0,0,0,0,0,0,0,1,0,4,0,0,3,0,0,0,0,0,0,0,0,0,0,0,0,0,0,0,0,0,1,0,0,12,0,0,0,0,0,3.0269868333592873,0
93,21,25,39,0,1,2,0,6,1,1,0,0,0,0,0,0,1,2,6,0,0,3,0,0,0,4,0,0,4,6,4,1,0,0,0,4,0,4,0,0,0,0,18,4,0,0,0,0,3.8208888513501886,1
31,9,14,0,0,1,0,0,4,0,0,0,0,0,0,0,0,1,0,3,0,0,3,0,0,0,2,0,0,2,7,5,0,0,0,0,0,0,0,0,1,0,0,8,0,0,0,0,0,2.9477027792200903,0
35,13,14,0,0,1,0,0,4,0,0,0,0,0,0,0,0,1,0,6,0,0,3,0,0,0,2,0,0,2,7,5,0,0,0,0,0,0,0,0,1,0,0,12,0,0,0,0,0,3.334679141051595,0
78,20,25,25,0,1,2,0,6,1,1,0,0,0,0,0,0,1,2,6,0,0,4,0,0,0,4,0,0,4,6,4,1,0,0,0,5,0,4,0,0,0,0,17,4,0,0,0,0,3.684183719779189,1
85,21,25,31,0,1,2,0,6,1,1,0,0,0,0,0,0,1,2,6,0,0,3,0,0,0,4,0,0,4,6,4,1,0,0,0,4,0,4,0,0,0,0,18,4,0,0,0,0,3.8208888513501886,1
95,20,25,42,0,1,2,0,6,1,1,0,0,0,0,0,0,1,2,6,0,0,4,0,0,0,4,0,0,4,6,4,1,0,0,0,5,0,4,0,0,0,0,17,4,0,0,0,0,3.684183719779189,1
44,13,14,8,0,1,0,0,4,1,1,0,0,0,0,0,0,1,0,4,0,0,3,0,0,0,2,0,0,2,7,5,1,0,0,0,0,0,0,0,1,0,0,12,0,0,0,0,0,3.0269868333592873,0
44,13,14,8,0,1,0,0,4,1,1,0,0,0,0,0,0,1,0,6,0,0,3,0,0,0,2,0,0,2,7,5,1,0,0,0,0,0,0,0,1,0,0,12,0,0,0,0,0,3.334679141051595,0
21,13,0,0,0,1,0,0,2,0,0,0,0,0,0,0,0,1,0,6,0,0,3,0,0,0,0,0,0,0,0,0,0,0,0,0,0,0,0,0,1,0,0,12,0,0,0,0,0,3.334679141051595,0
32,10,14,0,0,1,0,0,4,0,0,0,0,0,0,0,0,1,0,3,0,0,3,0,0,0,2,0,0,2,7,5,0,0,0,0,0,0,0,0,1,0,0,9,0,0,0,0,0,3.3219280948873626,0
100,20,25,47,0,1,2,0,6,1,1,0,0,0,0,0,0,1,2,6,0,0,4,0,0,0,4,0,0,4,6,4,1,0,0,0,5,0,4,0,0,0,0,17,4,0,0,0,0,3.684183719779189,1
44,13,14,8,0,1,0,0,4,1,1,0,0,0,0,0,0,1,0,4,0,0,3,0,0,0,2,0,0,2,7,5,1,0,0,0,0,0,0,0,1,0,0,12,0,0,0,0,0,3.0269868333592873,0
103,31,25,39,0,1,3,0,6,1,1,0,0,0,0,0,0,1,3,12,0,0,3,0,0,0,4,0,0,4,6,4,1,0,0,0,4,0,4,0,0,0,0,27,4,0,0,0,0,3.88904953591417,1
40,9,14,8,0,1,0,0,4,1,1,0,0,0,0,0,0,1,0,3,0,0,3,0,0,0,2,0,0,2,7,5,1,0,0,0,0,0,0,0,1,0,0,8,0,0,0,0,0,2.9477027792200903,0
21,13,0,0,0,1,0,0,2,0,0,0,0,0,0,0,0,1,0,6,0,0,3,0,0,0,0,0,0,0,0,0,0,0,0,0,0,0,0,0,1,0,0,12,0,0,0,0,0,3.334679141051595,0
44,13,14,8,0,1,0,0,4,1,1,0,0,0,0,0,0,1,0,4,0,0,3,0,0,0,2,0,0,2,7,5,1,0,0,0,0,0,0,0,1,0,0,12,0,0,0,0,0,3.0269868333592873,0
18,10,0,0,0,1,0,0,2,0,0,0,0,0,0,0,0,1,0,4,0,0,3,0,0,0,0,0,0,0,0,0,0,0,0,0,0,0,0,0,1,0,0,9,0,0,0,0,0,2.6464393446710157,0
27,10,0,8,0,1,0,0,2,1,1,0,0,0,0,0,0,1,0,4,0,0,3,0,0,0,0,0,0,0,0,0,1,0,0,0,0,0,0,0,1,0,0,9,0,0,0,0,0,2.6464393446710157,0
116,31,25,52,0,1,3,0,6,1,1,0,0,0,0,0,0,1,3,12,0,0,3,0,0,0,4,0,0,4,6,4,1,0,0,0,4,0,4,0,0,0,0,27,4,0,0,0,0,3.88904953591417,1
30,13,0,8,0,1,0,0,2,1,1,0,0,0,0,0,0,1,0,6,0,0,3,0,0,0,0,0,0,0,0,0,1,0,0,0,0,0,0,0,1,0,0,12,0,0,0,0,0,3.334679141051595,0
17,9,0,0,0,1,0,0,2,0,0,0,0,0,0,0,0,1,0,3,0,0,3,0,0,0,0,0,0,0,0,0,0,0,0,0,0,0,0,0,1,0,0,8,0,0,0,0,0,2.9477027792200903,0
94,21,25,40,0,1,2,0,6,1,1,0,0,0,0,0,0,1,2,6,0,0,3,0,0,0,4,0,0,4,6,4,1,0,0,0,4,0,4,0,0,0,0,18,4,0,0,0,0,3.8208888513501886,1
17,9,0,0,0,1,0,0,2,0,0,0,0,0,0,0,0,1,0,3,0,0,3,0,0,0,0,0,0,0,0,0,0,0,0,0,0,0,0,0,1,0,0,8,0,0,0,0,0,2.9477027792200903,0
35,13,14,0,0,1,0,0,4,0,0,0,0,0,0,0,0,1,0,6,0,0,3,0,0,0,2,0,0,2,7,5,0,0,0,0,0,0,0,0,1,0,0,12,0,0,0,0,0,3.334679141051595,0
17,9,0,0,0,1,0,0,2,0,0,0,0,0,0,0,0,1,0,3,0,0,3,0,0,0,0,0,0,0,0,0,0,0,0,0,0,0,0,0,1,0,0,8,0,0,0,0,0,2.9477027792200903,0
68,13,25,22,0,3,0,0,6,1,1,0,0,0,0,0,0,3,0,0,1,0,0,0,0,0,4,0,0,4,6,4,1,0,0,1,3,0,14,0,0,0,10,0,4,1,1,0,0,2.5654483718208256,1
27,10,0,8,0,1,0,0,2,1,1,0,0,0,0,0,0,1,0,4,0,0,3,0,0,0,0,0,0,0,0,0,1,0,0,0,0,0,0,0,1,0,0,9,0,0,0,0,0,2.6464393446710157,0
32,10,14,0,0,1,0,0,4,0,0,0,0,0,0,0,0,1,0,3,0,0,3,0,0,0,2,0,0,2,7,5,0,0,0,0,0,0,0,0,1,0,0,9,0,0,0,0,0,3.3219280948873626,0
18,10,0,0,0,1,0,0,2,0,0,0,0,0,0,0,0,1,0,4,0,0,3,0,0,0,0,0,0,0,0,0,0,0,0,0,0,0,0,0,1,0,0,9,0,0,0,0,0,2.6464393446710157,0
31,9,14,0,0,1,0,0,4,0,0,0,0,0,0,0,0,1,0,3,0,0,3,0,0,0,2,0,0,2,7,5,0,0,0,0,0,0,0,0,1,0,0,8,0,0,0,0,0,2.9477027792200903,0
21,13,0,0,0,1,0,0,2,0,0,0,0,0,0,0,0,1,0,4,0,0,3,0,0,0,0,0,0,0,0,0,0,0,0,0,0,0,0,0,1,0,0,12,0,0,0,0,0,3.0269868333592873,0
89,31,25,25,0,1,3,0,6,1,1,0,0,0,0,0,0,1,3,12,0,0,3,0,0,0,4,0,0,4,6,4,1,0,0,0,4,0,4,0,0,0,0,27,4,0,0,0,0,3.88904953591417,1
75,13,25,29,0,3,0,0,6,1,1,0,0,0,0,0,0,3,0,0,1,0,0,0,0,0,4,0,0,4,6,4,1,0,0,1,3,0,14,0,0,0,10,0,4,1,1,0,0,2.5654483718208256,1
95,20,25,42,0,1,2,0,6,1,1,0,0,0,0,0,0,1,2,6,0,0,4,0,0,0,4,0,0,4,6,4,1,0,0,0,5,0,4,0,0,0,0,17,4,0,0,0,0,3.684183719779189,1
79,20,25,26,0,1,2,0,6,1,1,0,0,0,0,0,0,1,2,6,0,0,4,0,0,0,4,0,0,4,6,4,1,0,0,0,5,0,4,0,0,0,0,17,4,0,0,0,0,3.684183719779189,1
89,31,25,25,0,1,3,0,6,1,1,0,0,0,0,0,0,1,3,12,0,0,3,0,0,0,4,0,0,4,6,4,1,0,0,0,4,0,4,0,0,0,0,27,4,0,0,0,0,3.88904953591417,1
103,21,25,49,0,1,2,0,6,1,1,0,0,0,0,0,0,1,2,6,0,0,3,0,0,0,4,0,0,4,6,4,1,0,0,0,4,0,4,0,0,0,0,18,4,0,0,0,0,3.8208888513501886,1
30,13,0,8,0,1,0,0,2,1,1,0,0,0,0,0,0,1,0,6,0,0,3,0,0,0,0,0,0,0,0,0,1,0,0,0,0,0,0,0,1,0,0,12,0,0,0,0,0,3.334679141051595,0
117,31,25,53,0,1,3,0,6,1,1,0,0,0,0,0,0,1,3,12,0,0,3,0,0,0,4,0,0,4,6,4,1,0,0,0,4,0,4,0,0,0,0,27,4,0,0,0,0,3.88904953591417,1
30,13,0,8,0,1,0,0,2,1,1,0,0,0,0,0,0,1,0,4,0,0,3,0,0,0,0,0,0,0,0,0,1,0,0,0,0,0,0,0,1,0,0,12,0,0,0,0,0,3.0269868333592873,0
98,31,25,34,0,1,3,0,6,1,1,0,0,0,0,0,0,1,3,12,0,0,3,0,0,0,4,0,0,4,6,4,1,0,0,0,4,0,4,0,0,0,0,27,4,0,0,0,0,3.88904953591417,1
102,20,25,49,0,1,2,0,6,1,1,0,0,0,0,0,0,1,2,6,0,0,4,0,0,0,4,0,0,4,6,4,1,0,0,0,5,0,4,0,0,0,0,17,4,0,0,0,0,3.684183719779189,1
69,20,25,16,0,1,2,0,6,1,1,0,0,0,0,0,0,1,2,6,0,0,4,0,0,0,4,0,0,4,6,4,1,0,0,0,5,0,4,0,0,0,0,17,4,0,0,0,0,3.684183719779189,1
72,20,25,19,0,1,2,0,6,1,1,0,0,0,0,0,0,1,2,6,0,0,4,0,0,0,4,0,0,4,6,4,1,0,0,0,5,0,4,0,0,0,0,17,4,0,0,0,0,3.684183719779189,1
97,13,25,51,0,3,0,0,6,1,1,0,0,0,0,0,0,3,0,0,1,0,0,0,0,0,4,0,0,4,6,4,1,0,0,1,3,0,14,0,0,0,10,0,4,1,1,0,0,2.5654483718208256,1
81,20,25,28,0,1,2,0,6,1,1,0,0,0,0,0,0,1,2,6,0,0,4,0,0,0,4,0,0,4,6,4,1,0,0,0,5,0,4,0,0,0,0,17,4,0,0,0,0,3.684183719779189,1
27,10,0,8,0,1,0,0,2,1,1,0,0,0,0,0,0,1,0,3,0,0,3,0,0,0,0,0,0,0,0,0,1,0,0,0,0,0,0,0,1,0,0,9,0,0,0,0,0,3.3219280948873626,0
18,10,0,0,0,1,0,0,2,0,0,0,0,0,0,0,0,1,0,3,0,0,3,0,0,0,0,0,0,0,0,0,0,0,0,0,0,0,0,0,1,0,0,9,0,0,0,0,0,3.3219280948873626,0
27,10,0,8,0,1,0,0,2,1,1,0,0,0,0,0,0,1,0,4,0,0,3,0,0,0,0,0,0,0,0,0,1,0,0,0,0,0,0,0,1,0,0,9,0,0,0,0,0,2.6464393446710157,0
74,20,25,21,0,1,2,0,6,1,1,0,0,0,0,0,0,1,2,6,0,0,4,0,0,0,4,0,0,4,6,4,1,0,0,0,5,0,4,0,0,0,0,17,4,0,0,0,0,3.684183719779189,1
77,21,25,23,0,1,2,0,6,1,1,0,0,0,0,0,0,1,2,6,0,0,3,0,0,0,4,0,0,4,6,4,1,0,0,0,4,0,4,0,0,0,0,18,4,0,0,0,0,3.8208888513501886,1
116,31,25,52,0,1,3,0,6,1,1,0,0,0,0,0,0,1,3,12,0,0,3,0,0,0,4,0,0,4,6,4,1,0,0,0,4,0,4,0,0,0,0,27,4,0,0,0,0,3.88904953591417,1
86,13,25,40,0,3,0,0,6,1,1,0,0,0,0,0,0,3,0,0,1,0,0,0,0,0,4,0,0,4,6,4,1,0,0,1,3,0,14,0,0,0,10,0,4,1,1,0,0,2.5654483718208256,1
76,20,25,23,0,1,2,0,6,1,1,0,0,0,0,0,0,1,2,6,0,0,4,0,0,0,4,0,0,4,6,4,1,0,0,0,5,0,4,0,0,0,0,17,4,0,0,0,0,3.684183719779189,1
77,20,25,24,0,1,2,0,6,1,1,0,0,0,0,0,0,1,2,6,0,0,4,0,0,0,4,0,0,4,6,4,1,0,0,0,5,0,4,0,0,0,0,17,4,0,0,0,0,3.684183719779189,1
95,20,25,42,0,1,2,0,6,1,1,0,0,0,0,0,0,1,2,6,0,0,4,0,0,0,4,0,0,4,6,4,1,0,0,0,5,0,4,0,0,0,0,17,4,0,0,0,0,3.684183719779189,1
75,21,25,21,0,1,2,0,6,1,1,0,0,0,0,0,0,1,2,6,0,0,3,0,0,0,4,0,0,4,6,4,1,0,0,0,4,0,4,0,0,0,0,18,4,0,0,0,0,3.8208888513501886,1
83,13,25,37,0,3,0,0,6,1,1,0,0,0,0,0,0,3,0,0,1,0,0,0,0,0,4,0,0,4,6,4,1,0,0,1,3,0,14,0,0,0,10,0,4,1,1,0,0,2.5654483718208256,1
83,21,25,29,0,1,2,0,6,1,1,0,0,0,0,0,0,1,2,6,0,0,3,0,0,0,4,0,0,4,6,4,1,0,0,0,4,0,4,0,0,0,0,18,4,0,0,0,0,3.8208888513501886,1
21,13,0,0,0,1,0,0,2,0,0,0,0,0,0,0,0,1,0,6,0,0,3,0,0,0,0,0,0,0,0,0,0,0,0,0,0,0,0,0,1,0,0,12,0,0,0,0,0,3.334679141051595,0
41,10,14,8,0,1,0,0,4,1,1,0,0,0,0,0,0,1,0,4,0,0,3,0,0,0,2,0,0,2,7,5,1,0,0,0,0,0,0,0,1,0,0,9,0,0,0,0,0,2.6464393446710157,0
35,13,14,0,0,1,0,0,4,0,0,0,0,0,0,0,0,1,0,6,0,0,3,0,0,0,2,0,0,2,7,5,0,0,0,0,0,0,0,0,1,0,0,12,0,0,0,0,0,3.334679141051595,0
77,21,25,23,0,1,2,0,6,1,1,0,0,0,0,0,0,1,2,6,0,0,3,0,0,0,4,0,0,4,6,4,1,0,0,0,4,0,4,0,0,0,0,18,4,0,0,0,0,3.8208888513501886,1
92,31,25,28,0,1,3,0,6,1,1,0,0,0,0,0,0,1,3,12,0,0,3,0,0,0,4,0,0,4,6,4,1,0,0,0,4,0,4,0,0,0,0,27,4,0,0,0,0,3.88904953591417,1
92,20,25,39,0,1,2,0,6,1,1,0,0,0,0,0,0,1,2,6,0,0,4,0,0,0,4,0,0,4,6,4,1,0,0,0,5,0,4,0,0,0,0,17,4,0,0,0,0,3.684183719779189,1
80,13,25,34,0,3,0,0,6,1,1,0,0,0,0,0,0,3,0,0,1,0,0,0,0,0,4,0,0,4,6,4,1,0,0,1,3,0,14,0,0,0,10,0,4,1,1,0,0,2.5654483718208256,1
18,10,0,0,0,1,0,0,2,0,0,0,0,0,0,0,0,1,0,4,0,0,3,0,0,0,0,0,0,0,0,0,0,0,0,0,0,0,0,0,1,0,0,9,0,0,0,0,0,2.6464393446710157,0
32,10,14,0,0,1,0,0,4,0,0,0,0,0,0,0,0,1,0,3,0,0,3,0,0,0,2,0,0,2,7,5,0,0,0,0,0,0,0,0,1,0,0,9,0,0,0,0,0,3.3219280948873626,0
77,21,25,23,0,1,2,0,6,1,1,0,0,0,0,0,0,1,2,6,0,0,3,0,0,0,4,0,0,4,6,4,1,0,0,0,4,0,4,0,0,0,0,18,4,0,0,0,0,3.8208888513501886,1
105,31,25,41,0,1,3,0,6,1,1,0,0,0,0,0,0,1,3,12,0,0,3,0,0,0,4,0,0,4,6,4,1,0,0,0,4,0,4,0,0,0,0,27,4,0,0,0,0,3.88904953591417,1
41,10,14,8,0,1,0,0,4,1,1,0,0,0,0,0,0,1,0,3,0,0,3,0,0,0,2,0,0,2,7,5,1,0,0,0,0,0,0,0,1,0,0,9,0,0,0,0,0,3.3219280948873626,0
44,13,14,8,0,1,0,0,4,1,1,0,0,0,0,0,0,1,0,6,0,0,3,0,0,0,2,0,0,2,7,5,1,0,0,0,0,0,0,0,1,0,0,12,0,0,0,0,0,3.334679141051595,0
26,9,0,8,0,1,0,0,2,1,1,0,0,0,0,0,0,1,0,3,0,0,3,0,0,0,0,0,0,0,0,0,1,0,0,0,0,0,0,0,1,0,0,8,0,0,0,0,0,2.9477027792200903,0
81,31,25,17,0,1,3,0,6,1,1,0,0,0,0,0,0,1,3,12,0,0,3,0,0,0,4,0,0,4,6,4,1,0,0,0,4,0,4,0,0,0,0,27,4,0,0,0,0,3.88904953591417,1
35,13,14,0,0,1,0,0,4,0,0,0,0,0,0,0,0,1,0,6,0,0,3,0,0,0,2,0,0,2,7,5,0,0,0,0,0,0,0,0,1,0,0,12,0,0,0,0,0,3.334679141051595,0
97,31,25,33,0,1,3,0,6,1,1,0,0,0,0,0,0,1,3,12,0,0,3,0,0,0,4,0,0,4,6,4,1,0,0,0,4,0,4,0,0,0,0,27,4,0,0,0,0,3.88904953591417,1
32,10,14,0,0,1,0,0,4,0,0,0,0,0,0,0,0,1,0,3,0,0,3,0,0,0,2,0,0,2,7,5,0,0,0,0,0,0,0,0,1,0,0,9,0,0,0,0,0,3.3219280948873626,0
71,21,25,17,0,1,2,0,6,1,1,0,0,0,0,0,0,1,2,6,0,0,3,0,0,0,4,0,0,4,6,4,1,0,0,0,4,0,4,0,0,0,0,18,4,0,0,0,0,3.8208888513501886,1
96,13,25,50,0,3,0,0,6,1,1,0,0,0,0,0,0,3,0,0,1,0,0,0,0,0,4,0,0,4,6,4,1,0,0,1,3,0,14,0,0,0,10,0,4,1,1,0,0,2.5654483718208256,1
101,21,25,47,0,1,2,0,6,1,1,0,0,0,0,0,0,1,2,6,0,0,3,0,0,0,4,0,0,4,6,4,1,0,0,0,4,0,4,0,0,0,0,18,4,0,0,0,0,3.8208888513501886,1
74,20,25,21,0,1,2,0,6,1,1,0,0,0,0,0,0,1,2,6,0,0,4,0,0,0,4,0,0,4,6,4,1,0,0,0,5,0,4,0,0,0,0,17,4,0,0,0,0,3.684183719779189,1
44,13,14,8,0,1,0,0,4,1,1,0,0,0,0,0,0,1,0,4,0,0,3,0,0,0,2,0,0,2,7,5,1,0,0,0,0,0,0,0,1,0,0,12,0,0,0,0,0,3.0269868333592873,0
96,13,25,50,0,3,0,0,6,1,1,0,0,0,0,0,0,3,0,0,1,0,0,0,0,0,4,0,0,4,6,4,1,0,0,1,3,0,14,0,0,0,10,0,4,1,1,0,0,2.5654483718208256,1
92,13,25,46,0,3,0,0,6,1,1,0,0,0,0,0,0,3,0,0,1,0,0,0,0,0,4,0,0,4,6,4,1,0,0,1,3,0,14,0,0,0,10,0,4,1,1,0,0,2.5654483718208256,1
26,9,0,8,0,1,0,0,2,1,1,0,0,0,0,0,0,1,0,3,0,0,3,0,0,0,0,0,0,0,0,0,1,0,0,0,0,0,0,0,1,0,0,8,0,0,0,0,0,2.9477027792200903,0
30,13,0,8,0,1,0,0,2,1,1,0,0,0,0,0,0,1,0,4,0,0,3,0,0,0,0,0,0,0,0,0,1,0,0,0,0,0,0,0,1,0,0,12,0,0,0,0,0,3.0269868333592873,0
98,20,25,45,0,1,2,0,6,1,1,0,0,0,0,0,0,1,2,6,0,0,4,0,0,0,4,0,0,4,6,4,1,0,0,0,5,0,4,0,0,0,0,17,4,0,0,0,0,3.684183719779189,1
27,10,0,8,0,1,0,0,2,1,1,0,0,0,0,0,0,1,0,4,0,0,3,0,0,0,0,0,0,0,0,0,1,0,0,0,0,0,0,0,1,0,0,9,0,0,0,0,0,2.6464393446710157,0
44,13,14,8,0,1,0,0,4,1,1,0,0,0,0,0,0,1,0,6,0,0,3,0,0,0,2,0,0,2,7,5,1,0,0,0,0,0,0,0,1,0,0,12,0,0,0,0,0,3.334679141051595,0
44,13,14,8,0,1,0,0,4,1,1,0,0,0,0,0,0,1,0,4,0,0,3,0,0,0,2,0,0,2,7,5,1,0,0,0,0,0,0,0,1,0,0,12,0,0,0,0,0,3.0269868333592873,0
102,20,25,49,0,1,2,0,6,1,1,0,0,0,0,0,0,1,2,6,0,0,4,0,0,0,4,0,0,4,6,4,1,0,0,0,5,0,4,0,0,0,0,17,4,0,0,0,0,3.684183719779189,1
89,13,25,43,0,3,0,0,6,1,1,0,0,0,0,0,0,3,0,0,1,0,0,0,0,0,4,0,0,4,6,4,1,0,0,1,3,0,14,0,0,0,10,0,4,1,1,0,0,2.5654483718208256,1
30,13,0,8,0,1,0,0,2,1,1,0,0,0,0,0,0,1,0,6,0,0,3,0,0,0,0,0,0,0,0,0,1,0,0,0,0,0,0,0,1,0,0,12,0,0,0,0,0,3.334679141051595,0
81,21,25,27,0,1,2,0,6,1,1,0,0,0,0,0,0,1,2,6,0,0,3,0,0,0,4,0,0,4,6,4,1,0,0,0,4,0,4,0,0,0,0,18,4,0,0,0,0,3.8208888513501886,1
21,13,0,0,0,1,0,0,2,0,0,0,0,0,0,0,0,1,0,6,0,0,3,0,0,0,0,0,0,0,0,0,0,0,0,0,0,0,0,0,1,0,0,12,0,0,0,0,0,3.334679141051595,0
76,13,25,30,0,3,0,0,6,1,1,0,0,0,0,0,0,3,0,0,1,0,0,0,0,0,4,0,0,4,6,4,1,0,0,1,3,0,14,0,0,0,10,0,4,1,1,0,0,2.5654483718208256,1
95,13,25,49,0,3,0,0,6,1,1,0,0,0,0,0,0,3,0,0,1,0,0,0,0,0,4,0,0,4,6,4,1,0,0,1,3,0,14,0,0,0,10,0,4,1,1,0,0,2.5654483718208256,1
106,21,25,52,0,1,2,0,6,1,1,0,0,0,0,0,0,1,2,6,0,0,3,0,0,0,4,0,0,4,6,4,1,0,0,0,4,0,4,0,0,0,0,18,4,0,0,0,0,3.8208888513501886,1
106,31,25,42,0,1,3,0,6,1,1,0,0,0,0,0,0,1,3,12,0,0,3,0,0,0,4,0,0,4,6,4,1,0,0,0,4,0,4,0,0,0,0,27,4,0,0,0,0,3.88904953591417,1
30,13,0,8,0,1,0,0,2,1,1,0,0,0,0,0,0,1,0,4,0,0,3,0,0,0,0,0,0,0,0,0,1,0,0,0,0,0,0,0,1,0,0,12,0,0,0,0,0,3.0269868333592873,0
32,10,14,0,0,1,0,0,4,0,0,0,0,0,0,0,0,1,0,4,0,0,3,0,0,0,2,0,0,2,7,5,0,0,0,0,0,0,0,0,1,0,0,9,0,0,0,0,0,2.6464393446710157,0
41,10,14,8,0,1,0,0,4,1,1,0,0,0,0,0,0,1,0,3,0,0,3,0,0,0,2,0,0,2,7,5,1,0,0,0,0,0,0,0,1,0,0,9,0,0,0,0,0,3.3219280948873626,0
87,20,25,34,0,1,2,0,6,1,1,0,0,0,0,0,0,1,2,6,0,0,4,0,0,0,4,0,0,4,6,4,1,0,0,0,5,0,4,0,0,0,0,17,4,0,0,0,0,3.684183719779189,1
31,9,14,0,0,1,0,0,4,0,0,0,0,0,0,0,0,1,0,3,0,0,3,0,0,0,2,0,0,2,7,5,0,0,0,0,0,0,0,0,1,0,0,8,0,0,0,0,0,2.9477027792200903,0
30,13,0,8,0,1,0,0,2,1,1,0,0,0,0,0,0,1,0,6,0,0,3,0,0,0,0,0,0,0,0,0,1,0,0,0,0,0,0,0,1,0,0,12,0,0,0,0,0,3.334679141051595,0
32,10,14,0,0,1,0,0,4,0,0,0,0,0,0,0,0,1,0,4,0,0,3,0,0,0,2,0,0,2,7,5,0,0,0,0,0,0,0,0,1,0,0,9,0,0,0,0,0,2.6464393446710157,0
17,9,0,0,0,1,0,0,2,0,0,0,0,0,0,0,0,1,0,3,0,0,3,0,0,0,0,0,0,0,0,0,0,0,0,0,0,0,0,0,1,0,0,8,0,0,0,0,0,2.9477027792200903,0
41,10,14,8,0,1,0,0,4,1,1,0,0,0,0,0,0,1,0,4,0,0,3,0,0,0,2,0,0,2,7,5,1,0,0,0,0,0,0,0,1,0,0,9,0,0,0,0,0,2.6464393446710157,0
109,31,25,45,0,1,3,0,6,1,1,0,0,0,0,0,0,1,3,12,0,0,3,0,0,0,4,0,0,4,6,4,1,0,0,0,4,0,4,0,0,0,0,27,4,0,0,0,0,3.88904953591417,1
17,9,0,0,0,1,0,0,2,0,0,0,0,0,0,0,0,1,0,3,0,0,3,0,0,0,0,0,0,0,0,0,0,0,0,0,0,0,0,0,1,0,0,8,0,0,0,0,0,2.9477027792200903,0
31,9,14,0,0,1,0,0,4,0,0,0,0,0,0,0,0,1,0,3,0,0,3,0,0,0,2,0,0,2,7,5,0,0,0,0,0,0,0,0,1,0,0,8,0,0,0,0,0,2.9477027792200903,0
41,10,14,8,0,1,0,0,4,1,1,0,0,0,0,0,0,1,0,4,0,0,3,0,0,0,2,0,0,2,7,5,1,0,0,0,0,0,0,0,1,0,0,9,0,0,0,0,0,2.6464393446710157,0
27,10,0,8,0,1,0,0,2,1,1,0,0,0,0,0,0,1,0,3,0,0,3,0,0,0,0,0,0,0,0,0,1,0,0,0,0,0,0,0,1,0,0,9,0,0,0,0,0,3.3219280948873626,0
32,10,14,0,0,1,0,0,4,0,0,0,0,0,0,0,0,1,0,4,0,0,3,0,0,0,2,0,0,2,7,5,0,0,0,0,0,0,0,0,1,0,0,9,0,0,0,0,0,2.6464393446710157,0
41,10,14,8,0,1,0,0,4,1,1,0,0,0,0,0,0,1,0,4,0,0,3,0,0,0,2,0,0,2,7,5,1,0,0,0,0,0,0,0,1,0,0,9,0,0,0,0,0,2.6464393446710157,0
21,13,0,0,0,1,0,0,2,0,0,0,0,0,0,0,0,1,0,6,0,0,3,0,0,0,0,0,0,0,0,0,0,0,0,0,0,0,0,0,1,0,0,12,0,0,0,0,0,3.334679141051595,0
41,10,14,8,0,1,0,0,4,1,1,0,0,0,0,0,0,1,0,3,0,0,3,0,0,0,2,0,0,2,7,5,1,0,0,0,0,0,0,0,1,0,0,9,0,0,0,0,0,3.3219280948873626,0
76,20,25,23,0,1,2,0,6,1,1,0,0,0,0,0,0,1,2,6,0,0,4,0,0,0,4,0,0,4,6,4,1,0,0,0,5,0,4,0,0,0,0,17,4,0,0,0,0,3.684183719779189,1
18,10,0,0,0,1,0,0,2,0,0,0,0,0,0,0,0,1,0,3,0,0,3,0,0,0,0,0,0,0,0,0,0,0,0,0,0,0,0,0,1,0,0,9,0,0,0,0,0,3.3219280948873626,0
88,21,25,34,0,1,2,0,6,1,1,0,0,0,0,0,0,1,2,6,0,0,3,0,0,0,4,0,0,4,6,4,1,0,0,0,4,0,4,0,0,0,0,18,4,0,0,0,0,3.8208888513501886,1
30,13,0,8,0,1,0,0,2,1,1,0,0,0,0,0,0,1,0,4,0,0,3,0,0,0,0,0,0,0,0,0,1,0,0,0,0,0,0,0,1,0,0,12,0,0,0,0,0,3.0269868333592873,0
94,20,25,41,0,1,2,0,6,1,1,0,0,0,0,0,0,1,2,6,0,0,4,0,0,0,4,0,0,4,6,4,1,0,0,0,5,0,4,0,0,0,0,17,4,0,0,0,0,3.684183719779189,1
41,10,14,8,0,1,0,0,4,1,1,0,0,0,0,0,0,1,0,4,0,0,3,0,0,0,2,0,0,2,7,5,1,0,0,0,0,0,0,0,1,0,0,9,0,0,0,0,0,2.6464393446710157,0
64,13,25,18,0,3,0,0,6,1,1,0,0,0,0,0,0,3,0,0,1,0,0,0,0,0,4,0,0,4,6,4,1,0,0,1,3,0,14,0,0,0,10,0,4,1,1,0,0,2.5654483718208256,1
18,10,0,0,0,1,0,0,2,0,0,0,0,0,0,0,0,1,0,4,0,0,3,0,0,0,0,0,0,0,0,0,0,0,0,0,0,0,0,0,1,0,0,9,0,0,0,0,0,2.6464393446710157,0
18,10,0,0,0,1,0,0,2,0,0,0,0,0,0,0,0,1,0,4,0,0,3,0,0,0,0,0,0,0,0,0,0,0,0,0,0,0,0,0,1,0,0,9,0,0,0,0,0,2.6464393446710157,0
30,13,0,8,0,1,0,0,2,1,1,0,0,0,0,0,0,1,0,4,0,0,3,0,0,0,0,0,0,0,0,0,1,0,0,0,0,0,0,0,1,0,0,12,0,0,0,0,0,3.0269868333592873,0
109,31,25,45,0,1,3,0,6,1,1,0,0,0,0,0,0,1,3,12,0,0,3,0,0,0,4,0,0,4,6,4,1,0,0,0,4,0,4,0,0,0,0,27,4,0,0,0,0,3.88904953591417,1
44,13,14,8,0,1,0,0,4,1,1,0,0,0,0,0,0,1,0,4,0,0,3,0,0,0,2,0,0,2,7,5,1,0,0,0,0,0,0,0,1,0,0,12,0,0,0,0,0,3.0269868333592873,0
21,13,0,0,0,1,0,0,2,0,0,0,0,0,0,0,0,1,0,6,0,0,3,0,0,0,0,0,0,0,0,0,0,0,0,0,0,0,0,0,1,0,0,12,0,0,0,0,0,3.334679141051595,0
70,20,25,17,0,1,2,0,6,1,1,0,0,0,0,0,0,1,2,6,0,0,4,0,0,0,4,0,0,4,6,4,1,0,0,0,5,0,4,0,0,0,0,17,4,0,0,0,0,3.684183719779189,1
100,21,25,46,0,1,2,0,6,1,1,0,0,0,0,0,0,1,2,6,0,0,3,0,0,0,4,0,0,4,6,4,1,0,0,0,4,0,4,0,0,0,0,18,4,0,0,0,0,3.8208888513501886,1
41,10,14,8,0,1,0,0,4,1,1,0,0,0,0,0,0,1,0,3,0,0,3,0,0,0,2,0,0,2,7,5,1,0,0,0,0,0,0,0,1,0,0,9,0,0,0,0,0,3.3219280948873626,0
40,9,14,8,0,1,0,0,4,1,1,0,0,0,0,0,0,1,0,3,0,0,3,0,0,0,2,0,0,2,7,5,1,0,0,0,0,0,0,0,1,0,0,8,0,0,0,0,0,2.9477027792200903,0
26,9,0,8,0,1,0,0,2,1,1,0,0,0,0,0,0,1,0,3,0,0,3,0,0,0,0,0,0,0,0,0,1,0,0,0,0,0,0,0,1,0,0,8,0,0,0,0,0,2.9477027792200903,0
30,13,0,8,0,1,0,0,2,1,1,0,0,0,0,0,0,1,0,6,0,0,3,0,0,0,0,0,0,0,0,0,1,0,0,0,0,0,0,0,1,0,0,12,0,0,0,0,0,3.334679141051595,0
17,9,0,0,0,1,0,0,2,0,0,0,0,0,0,0,0,1,0,3,0,0,3,0,0,0,0,0,0,0,0,0,0,0,0,0,0,0,0,0,1,0,0,8,0,0,0,0,0,2.9477027792200903,0
17,9,0,0,0,1,0,0,2,0,0,0,0,0,0,0,0,1,0,3,0,0,3,0,0,0,0,0,0,0,0,0,0,0,0,0,0,0,0,0,1,0,0,8,0,0,0,0,0,2.9477027792200903,0
26,9,0,8,0,1,0,0,2,1,1,0,0,0,0,0,0,1,0,3,0,0,3,0,0,0,0,0,0,0,0,0,1,0,0,0,0,0,0,0,1,0,0,8,0,0,0,0,0,2.9477027792200903,0
78,20,25,25,0,1,2,0,6,1,1,0,0,0,0,0,0,1,2,6,0,0,4,0,0,0,4,0,0,4,6,4,1,0,0,0,5,0,4,0,0,0,0,17,4,0,0,0,0,3.684183719779189,1
91,31,25,27,0,1,3,0,6,1,1,0,0,0,0,0,0,1,3,12,0,0,3,0,0,0,4,0,0,4,6,4,1,0,0,0,4,0,4,0,0,0,0,27,4,0,0,0,0,3.88904953591417,1
120,31,25,56,0,1,3,0,6,1,1,0,0,0,0,0,0,1,3,12,0,0,3,0,0,0,4,0,0,4,6,4,1,0,0,0,4,0,4,0,0,0,0,27,4,0,0,0,0,3.88904953591417,1
98,31,25,34,0,1,3,0,6,1,1,0,0,0,0,0,0,1,3,12,0,0,3,0,0,0,4,0,0,4,6,4,1,0,0,0,4,0,4,0,0,0,0,27,4,0,0,0,0,3.88904953591417,1
30,13,0,8,0,1,0,0,2,1,1,0,0,0,0,0,0,1,0,6,0,0,3,0,0,0,0,0,0,0,0,0,1,0,0,0,0,0,0,0,1,0,0,12,0,0,0,0,0,3.334679141051595,0
30,13,0,8,0,1,0,0,2,1,1,0,0,0,0,0,0,1,0,4,0,0,3,0,0,0,0,0,0,0,0,0,1,0,0,0,0,0,0,0,1,0,0,12,0,0,0,0,0,3.0269868333592873,0
106,31,25,42,0,1,3,0,6,1,1,0,0,0,0,0,0,1,3,12,0,0,3,0,0,0,4,0,0,4,6,4,1,0,0,0,4,0,4,0,0,0,0,27,4,0,0,0,0,3.88904953591417,1
30,13,0,8,0,1,0,0,2,1,1,0,0,0,0,0,0,1,0,6,0,0,3,0,0,0,0,0,0,0,0,0,1,0,0,0,0,0,0,0,1,0,0,12,0,0,0,0,0,3.334679141051595,0
106,20,25,53,0,1,2,0,6,1,1,0,0,0,0,0,0,1,2,6,0,0,4,0,0,0,4,0,0,4,6,4,1,0,0,0,5,0,4,0,0,0,0,17,4,0,0,0,0,3.684183719779189,1
27,10,0,8,0,1,0,0,2,1,1,0,0,0,0,0,0,1,0,4,0,0,3,0,0,0,0,0,0,0,0,0,1,0,0,0,0,0,0,0,1,0,0,9,0,0,0,0,0,2.6464393446710157,0
32,10,14,0,0,1,0,0,4,0,0,0,0,0,0,0,0,1,0,3,0,0,3,0,0,0,2,0,0,2,7,5,0,0,0,0,0,0,0,0,1,0,0,9,0,0,0,0,0,3.3219280948873626,0
91,20,25,38,0,1,2,0,6,1,1,0,0,0,0,0,0,1,2,6,0,0,4,0,0,0,4,0,0,4,6,4,1,0,0,0,5,0,4,0,0,0,0,17,4,0,0,0,0,3.684183719779189,1
87,31,25,23,0,1,3,0,6,1,1,0,0,0,0,0,0,1,3,12,0,0,3,0,0,0,4,0,0,4,6,4,1,0,0,0,4,0,4,0,0,0,0,27,4,0,0,0,0,3.88904953591417,1
18,10,0,0,0,1,0,0,2,0,0,0,0,0,0,0,0,1,0,3,0,0,3,0,0,0,0,0,0,0,0,0,0,0,0,0,0,0,0,0,1,0,0,9,0,0,0,0,0,3.3219280948873626,0
17,9,0,0,0,1,0,0,2,0,0,0,0,0,0,0,0,1,0,3,0,0,3,0,0,0,0,0,0,0,0,0,0,0,0,0,0,0,0,0,1,0,0,8,0,0,0,0,0,2.9477027792200903,0
90,20,25,37,0,1,2,0,6,1,1,0,0,0,0,0,0,1,2,6,0,0,4,0,0,0,4,0,0,4,6,4,1,0,0,0,5,0,4,0,0,0,0,17,4,0,0,0,0,3.684183719779189,1
32,10,14,0,0,1,0,0,4,0,0,0,0,0,0,0,0,1,0,3,0,0,3,0,0,0,2,0,0,2,7,5,0,0,0,0,0,0,0,0,1,0,0,9,0,0,0,0,0,3.3219280948873626,0
101,31,25,37,0,1,3,0,6,1,1,0,0,0,0,0,0,1,3,12,0,0,3,0,0,0,4,0,0,4,6,4,1,0,0,0,4,0,4,0,0,0,0,27,4,0,0,0,0,3.88904953591417,1
80,31,25,16,0,1,3,0,6,1,1,0,0,0,0,0,0,1,3,12,0,0,3,0,0,0,4,0,0,4,6,4,1,0,0,0,4,0,4,0,0,0,0,27,4,0,0,0,0,3.88904953591417,1
30,13,0,8,0,1,0,0,2,1,1,0,0,0,0,0,0,1,0,4,0,0,3,0,0,0,0,0,0,0,0,0,1,0,0,0,0,0,0,0,1,0,0,12,0,0,0,0,0,3.0269868333592873,0
32,10,14,0,0,1,0,0,4,0,0,0,0,0,0,0,0,1,0,3,0,0,3,0,0,0,2,0,0,2,7,5,0,0,0,0,0,0,0,0,1,0,0,9,0,0,0,0,0,3.3219280948873626,0
21,13,0,0,0,1,0,0,2,0,0,0,0,0,0,0,0,1,0,4,0,0,3,0,0,0,0,0,0,0,0,0,0,0,0,0,0,0,0,0,1,0,0,12,0,0,0,0,0,3.0269868333592873,0
86,20,25,33,0,1,2,0,6,1,1,0,0,0,0,0,0,1,2,6,0,0,4,0,0,0,4,0,0,4,6,4,1,0,0,0,5,0,4,0,0,0,0,17,4,0,0,0,0,3.684183719779189,1
78,21,25,24,0,1,2,0,6,1,1,0,0,0,0,0,0,1,2,6,0,0,3,0,0,0,4,0,0,4,6,4,1,0,0,0,4,0,4,0,0,0,0,18,4,0,0,0,0,3.8208888513501886,1
35,13,14,0,0,1,0,0,4,0,0,0,0,0,0,0,0,1,0,4,0,0,3,0,0,0,2,0,0,2,7,5,0,0,0,0,0,0,0,0,1,0,0,12,0,0,0,0,0,3.0269868333592873,0
44,13,14,8,0,1,0,0,4,1,1,0,0,0,0,0,0,1,0,4,0,0,3,0,0,0,2,0,0,2,7,5,1,0,0,0,0,0,0,0,1,0,0,12,0,0,0,0,0,3.0269868333592873,0
18,10,0,0,0,1,0,0,2,0,0,0,0,0,0,0,0,1,0,4,0,0,3,0,0,0,0,0,0,0,0,0,0,0,0,0,0,0,0,0,1,0,0,9,0,0,0,0,0,2.6464393446710157,0
84,31,25,20,0,1,3,0,6,1,1,0,0,0,0,0,0,1,3,12,0,0,3,0,0,0,4,0,0,4,6,4,1,0,0,0,4,0,4,0,0,0,0,27,4,0,0,0,0,3.88904953591417,1
32,10,14,0,0,1,0,0,4,0,0,0,0,0,0,0,0,1,0,4,0,0,3,0,0,0,2,0,0,2,7,5,0,0,0,0,0,0,0,0,1,0,0,9,0,0,0,0,0,2.6464393446710157,0
32,10,14,0,0,1,0,0,4,0,0,0,0,0,0,0,0,1,0,4,0,0,3,0,0,0,2,0,0,2,7,5,0,0,0,0,0,0,0,0,1,0,0,9,0,0,0,0,0,2.6464393446710157,0
84,13,25,38,0,3,0,0,6,1,1,0,0,0,0,0,0,3,0,0,1,0,0,0,0,0,4,0,0,4,6,4,1,0,0,1,3,0,14,0,0,0,10,0,4,1,1,0,0,2.5654483718208256,1
32,10,14,0,0,1,0,0,4,0,0,0,0,0,0,0,0,1,0,4,0,0,3,0,0,0,2,0,0,2,7,5,0,0,0,0,0,0,0,0,1,0,0,9,0,0,0,0,0,2.6464393446710157,0
30,13,0,8,0,1,0,0,2,1,1,0,0,0,0,0,0,1,0,6,0,0,3,0,0,0,0,0,0,0,0,0,1,0,0,0,0,0,0,0,1,0,0,12,0,0,0,0,0,3.334679141051595,0
85,13,25,39,0,3,0,0,6,1,1,0,0,0,0,0,0,3,0,0,1,0,0,0,0,0,4,0,0,4,6,4,1,0,0,1,3,0,14,0,0,0,10,0,4,1,1,0,0,2.5654483718208256,1
96,20,25,43,0,1,2,0,6,1,1,0,0,0,0,0,0,1,2,6,0,0,4,0,0,0,4,0,0,4,6,4,1,0,0,0,5,0,4,0,0,0,0,17,4,0,0,0,0,3.684183719779189,1
44,13,14,8,0,1,0,0,4,1,1,0,0,0,0,0,0,1,0,4,0,0,3,0,0,0,2,0,0,2,7,5,1,0,0,0,0,0,0,0,1,0,0,12,0,0,0,0,0,3.0269868333592873,0
79,21,25,25,0,1,2,0,6,1,1,0,0,0,0,0,0,1,2,6,0,0,3,0,0,0,4,0,0,4,6,4,1,0,0,0,4,0,4,0,0,0,0,18,4,0,0,0,0,3.8208888513501886,1
71,20,25,18,0,1,2,0,6,1,1,0,0,0,0,0,0,1,2,6,0,0,4,0,0,0,4,0,0,4,6,4,1,0,0,0,5,0,4,0,0,0,0,17,4,0,0,0,0,3.684183719779189,1
18,10,0,0,0,1,0,0,2,0,0,0,0,0,0,0,0,1,0,3,0,0,3,0,0,0,0,0,0,0,0,0,0,0,0,0,0,0,0,0,1,0,0,9,0,0,0,0,0,3.3219280948873626,0
100,20,25,47,0,1,2,0,6,1,1,0,0,0,0,0,0,1,2,6,0,0,4,0,0,0,4,0,0,4,6,4,1,0,0,0,5,0,4,0,0,0,0,17,4,0,0,0,0,3.684183719779189,1
35,13,14,0,0,1,0,0,4,0,0,0,0,0,0,0,0,1,0,6,0,0,3,0,0,0,2,0,0,2,7,5,0,0,0,0,0,0,0,0,1,0,0,12,0,0,0,0,0,3.334679141051595,0
63,13,25,17,0,3,0,0,6,1,1,0,0,0,0,0,0,3,0,0,1,0,0,0,0,0,4,0,0,4,6,4,1,0,0,1,3,0,14,0,0,0,10,0,4,1,1,0,0,2.5654483718208256,1
30,13,0,8,0,1,0,0,2,1,1,0,0,0,0,0,0,1,0,4,0,0,3,0,0,0,0,0,0,0,0,0,1,0,0,0,0,0,0,0,1,0,0,12,0,0,0,0,0,3.0269868333592873,0
110,21,25,56,0,1,2,0,6,1,1,0,0,0,0,0,0,1,2,6,0,0,3,0,0,0,4,0,0,4,6,4,1,0,0,0,4,0,4,0,0,0,0,18,4,0,0,0,0,3.8208888513501886,1
102,13,25,56,0,3,0,0,6,1,1,0,0,0,0,0,0,3,0,0,1,0,0,0,0,0,4,0,0,4,6,4,1,0,0,1,3,0,14,0,0,0,10,0,4,1,1,0,0,2.5654483718208256,1
32,10,14,0,0,1,0,0,4,0,0,0,0,0,0,0,0,1,0,3,0,0,3,0,0,0,2,0,0,2,7,5,0,0,0,0,0,0,0,0,1,0,0,9,0,0,0,0,0,3.3219280948873626,0
21,13,0,0,0,1,0,0,2,0,0,0,0,0,0,0,0,1,0,4,0,0,3,0,0,0,0,0,0,0,0,0,0,0,0,0,0,0,0,0,1,0,0,12,0,0,0,0,0,3.0269868333592873,0
44,13,14,8,0,1,0,0,4,1,1,0,0,0,0,0,0,1,0,4,0,0,3,0,0,0,2,0,0,2,7,5,1,0,0,0,0,0,0,0,1,0,0,12,0,0,0,0,0,3.0269868333592873,0
88,13,25,42,0,3,0,0,6,1,1,0,0,0,0,0,0,3,0,0,1,0,0,0,0,0,4,0,0,4,6,4,1,0,0,1,3,0,14,0,0,0,10,0,4,1,1,0,0,2.5654483718208256,1
27,10,0,8,0,1,0,0,2,1,1,0,0,0,0,0,0,1,0,4,0,0,3,0,0,0,0,0,0,0,0,0,1,0,0,0,0,0,0,0,1,0,0,9,0,0,0,0,0,2.6464393446710157,0
81,13,25,35,0,3,0,0,6,1,1,0,0,0,0,0,0,3,0,0,1,0,0,0,0,0,4,0,0,4,6,4,1,0,0,1,3,0,14,0,0,0,10,0,4,1,1,0,0,2.5654483718208256,1
40,9,14,8,0,1,0,0,4,1,1,0,0,0,0,0,0,1,0,3,0,0,3,0,0,0,2,0,0,2,7,5,1,0,0,0,0,0,0,0,1,0,0,8,0,0,0,0,0,2.9477027792200903,0
18,10,0,0,0,1,0,0,2,0,0,0,0,0,0,0,0,1,0,3,0,0,3,0,0,0,0,0,0,0,0,0,0,0,0,0,0,0,0,0,1,0,0,9,0,0,0,0,0,3.3219280948873626,0
41,10,14,8,0,1,0,0,4,1,1,0,0,0,0,0,0,1,0,4,0,0,3,0,0,0,2,0,0,2,7,5,1,0,0,0,0,0,0,0,1,0,0,9,0,0,0,0,0,2.6464393446710157,0
32,10,14,0,0,1,0,0,4,0,0,0,0,0,0,0,0,1,0,4,0,0,3,0,0,0,2,0,0,2,7,5,0,0,0,0,0,0,0,0,1,0,0,9,0,0,0,0,0,2.6464393446710157,0
97,31,25,33,0,1,3,0,6,1,1,0,0,0,0,0,0,1,3,12,0,0,3,0,0,0,4,0,0,4,6,4,1,0,0,0,4,0,4,0,0,0,0,27,4,0,0,0,0,3.88904953591417,1
79,21,25,25,0,1,2,0,6,1,1,0,0,0,0,0,0,1,2,6,0,0,3,0,0,0,4,0,0,4,6,4,1,0,0,0,4,0,4,0,0,0,0,18,4,0,0,0,0,3.8208888513501886,1
87,13,25,41,0,3,0,0,6,1,1,0,0,0,0,0,0,3,0,0,1,0,0,0,0,0,4,0,0,4,6,4,1,0,0,1,3,0,14,0,0,0,10,0,4,1,1,0,0,2.5654483718208256,1
101,21,25,47,0,1,2,0,6,1,1,0,0,0,0,0,0,1,2,6,0,0,3,0,0,0,4,0,0,4,6,4,1,0,0,0,4,0,4,0,0,0,0,18,4,0,0,0,0,3.8208888513501886,1
44,13,14,8,0,1,0,0,4,1,1,0,0,0,0,0,0,1,0,4,0,0,3,0,0,0,2,0,0,2,7,5,1,0,0,0,0,0,0,0,1,0,0,12,0,0,0,0,0,3.0269868333592873,0
41,10,14,8,0,1,0,0,4,1,1,0,0,0,0,0,0,1,0,3,0,0,3,0,0,0,2,0,0,2,7,5,1,0,0,0,0,0,0,0,1,0,0,9,0,0,0,0,0,3.3219280948873626,0
112,31,25,48,0,1,3,0,6,1,1,0,0,0,0,0,0,1,3,12,0,0,3,0,0,0,4,0,0,4,6,4,1,0,0,0,4,0,4,0,0,0,0,27,4,0,0,0,0,3.88904953591417,1
32,10,14,0,0,1,0,0,4,0,0,0,0,0,0,0,0,1,0,3,0,0,3,0,0,0,2,0,0,2,7,5,0,0,0,0,0,0,0,0,1,0,0,9,0,0,0,0,0,3.3219280948873626,0
40,9,14,8,0,1,0,0,4,1,1,0,0,0,0,0,0,1,0,3,0,0,3,0,0,0,2,0,0,2,7,5,1,0,0,0,0,0,0,0,1,0,0,8,0,0,0,0,0,2.9477027792200903,0
84,31,25,20,0,1,3,0,6,1,1,0,0,0,0,0,0,1,3,12,0,0,3,0,0,0,4,0,0,4,6,4,1,0,0,0,4,0,4,0,0,0,0,27,4,0,0,0,0,3.88904953591417,1
98,13,25,52,0,3,0,0,6,1,1,0,0,0,0,0,0,3,0,0,1,0,0,0,0,0,4,0,0,4,6,4,1,0,0,1,3,0,14,0,0,0,10,0,4,1,1,0,0,2.5654483718208256,1
27,10,0,8,0,1,0,0,2,1,1,0,0,0,0,0,0,1,0,4,0,0,3,0,0,0,0,0,0,0,0,0,1,0,0,0,0,0,0,0,1,0,0,9,0,0,0,0,0,2.6464393446710157,0
30,13,0,8,0,1,0,0,2,1,1,0,0,0,0,0,0,1,0,6,0,0,3,0,0,0,0,0,0,0,0,0,1,0,0,0,0,0,0,0,1,0,0,12,0,0,0,0,0,3.334679141051595,0
40,9,14,8,0,1,0,0,4,1,1,0,0,0,0,0,0,1,0,3,0,0,3,0,0,0,2,0,0,2,7,5,1,0,0,0,0,0,0,0,1,0,0,8,0,0,0,0,0,2.9477027792200903,0
100,21,25,46,0,1,2,0,6,1,1,0,0,0,0,0,0,1,2,6,0,0,3,0,0,0,4,0,0,4,6,4,1,0,0,0,4,0,4,0,0,0,0,18,4,0,0,0,0,3.8208888513501886,1
80,13,25,34,0,3,0,0,6,1,1,0,0,0,0,0,0,3,0,0,1,0,0,0,0,0,4,0,0,4,6,4,1,0,0,1,3,0,14,0,0,0,10,0,4,1,1,0,0,2.5654483718208256,1
76,20,25,23,0,1,2,0,6,1,1,0,0,0,0,0,0,1,2,6,0,0,4,0,0,0,4,0,0,4,6,4,1,0,0,0,5,0,4,0,0,0,0,17,4,0,0,0,0,3.684183719779189,1
107,21,25,53,0,1,2,0,6,1,1,0,0,0,0,0,0,1,2,6,0,0,3,0,0,0,4,0,0,4,6,4,1,0,0,0,4,0,4,0,0,0,0,18,4,0,0,0,0,3.8208888513501886,1
88,31,25,24,0,1,3,0,6,1,1,0,0,0,0,0,0,1,3,12,0,0,3,0,0,0,4,0,0,4,6,4,1,0,0,0,4,0,4,0,0,0,0,27,4,0,0,0,0,3.88904953591417,1
44,13,14,8,0,1,0,0,4,1,1,0,0,0,0,0,0,1,0,4,0,0,3,0,0,0,2,0,0,2,7,5,1,0,0,0,0,0,0,0,1,0,0,12,0,0,0,0,0,3.0269868333592873,0
31,9,14,0,0,1,0,0,4,0,0,0,0,0,0,0,0,1,0,3,0,0,3,0,0,0,2,0,0,2,7,5,0,0,0,0,0,0,0,0,1,0,0,8,0,0,0,0,0,2.9477027792200903,0
75,13,25,29,0,3,0,0,6,1,1,0,0,0,0,0,0,3,0,0,1,0,0,0,0,0,4,0,0,4,6,4,1,0,0,1,3,0,14,0,0,0,10,0,4,1,1,0,0,2.5654483718208256,1
17,9,0,0,0,1,0,0,2,0,0,0,0,0,0,0,0,1,0,3,0,0,3,0,0,0,0,0,0,0,0,0,0,0,0,0,0,0,0,0,1,0,0,8,0,0,0,0,0,2.9477027792200903,0
80,21,25,26,0,1,2,0,6,1,1,0,0,0,0,0,0,1,2,6,0,0,3,0,0,0,4,0,0,4,6,4,1,0,0,0,4,0,4,0,0,0,0,18,4,0,0,0,0,3.8208888513501886,1
44,13,14,8,0,1,0,0,4,1,1,0,0,0,0,0,0,1,0,6,0,0,3,0,0,0,2,0,0,2,7,5,1,0,0,0,0,0,0,0,1,0,0,12,0,0,0,0,0,3.334679141051595,0
70,21,25,16,0,1,2,0,6,1,1,0,0,0,0,0,0,1,2,6,0,0,3,0,0,0,4,0,0,4,6,4,1,0,0,0,4,0,4,0,0,0,0,18,4,0,0,0,0,3.8208888513501886,1
21,13,0,0,0,1,0,0,2,0,0,0,0,0,0,0,0,1,0,6,0,0,3,0,0,0,0,0,0,0,0,0,0,0,0,0,0,0,0,0,1,0,0,12,0,0,0,0,0,3.334679141051595,0
18,10,0,0,0,1,0,0,2,0,0,0,0,0,0,0,0,1,0,3,0,0,3,0,0,0,0,0,0,0,0,0,0,0,0,0,0,0,0,0,1,0,0,9,0,0,0,0,0,3.3219280948873626,0
95,13,25,49,0,3,0,0,6,1,1,0,0,0,0,0,0,3,0,0,1,0,0,0,0,0,4,0,0,4,6,4,1,0,0,1,3,0,14,0,0,0,10,0,4,1,1,0,0,2.5654483718208256,1
17,9,0,0,0,1,0,0,2,0,0,0,0,0,0,0,0,1,0,3,0,0,3,0,0,0,0,0,0,0,0,0,0,0,0,0,0,0,0,0,1,0,0,8,0,0,0,0,0,2.9477027792200903,0
21,13,0,0,0,1,0,0,2,0,0,0,0,0,0,0,0,1,0,6,0,0,3,0,0,0,0,0,0,0,0,0,0,0,0,0,0,0,0,0,1,0,0,12,0,0,0,0,0,3.334679141051595,0
95,21,25,41,0,1,2,0,6,1,1,0,0,0,0,0,0,1,2,6,0,0,3,0,0,0,4,0,0,4,6,4,1,0,0,0,4,0,4,0,0,0,0,18,4,0,0,0,0,3.8208888513501886,1
41,10,14,8,0,1,0,0,4,1,1,0,0,0,0,0,0,1,0,4,0,0,3,0,0,0,2,0,0,2,7,5,1,0,0,0,0,0,0,0,1,0,0,9,0,0,0,0,0,2.6464393446710157,0
75,21,25,21,0,1,2,0,6,1,1,0,0,0,0,0,0,1,2,6,0,0,3,0,0,0,4,0,0,4,6,4,1,0,0,0,4,0,4,0,0,0,0,18,4,0,0,0,0,3.8208888513501886,1
62,13,25,16,0,3,0,0,6,1,1,0,0,0,0,0,0,3,0,0,1,0,0,0,0,0,4,0,0,4,6,4,1,0,0,1,3,0,14,0,0,0,10,0,4,1,1,0,0,2.5654483718208256,1
41,10,14,8,0,1,0,0,4,1,1,0,0,0,0,0,0,1,0,4,0,0,3,0,0,0,2,0,0,2,7,5,1,0,0,0,0,0,0,0,1,0,0,9,0,0,0,0,0,2.6464393446710157,0
87,20,25,34,0,1,2,0,6,1,1,0,0,0,0,0,0,1,2,6,0,0,4,0,0,0,4,0,0,4,6,4,1,0,0,0,5,0,4,0,0,0,0,17,4,0,0,0,0,3.684183719779189,1
40,9,14,8,0,1,0,0,4,1,1,0,0,0,0,0,0,1,0,3,0,0,3,0,0,0,2,0,0,2,7,5,1,0,0,0,0,0,0,0,1,0,0,8,0,0,0,0,0,2.9477027792200903,0
90,21,25,36,0,1,2,0,6,1,1,0,0,0,0,0,0,1,2,6,0,0,3,0,0,0,4,0,0,4,6,4,1,0,0,0,4,0,4,0,0,0,0,18,4,0,0,0,0,3.8208888513501886,1
95,21,25,41,0,1,2,0,6,1,1,0,0,0,0,0,0,1,2,6,0,0,3,0,0,0,4,0,0,4,6,4,1,0,0,0,4,0,4,0,0,0,0,18,4,0,0,0,0,3.8208888513501886,1
109,21,25,55,0,1,2,0,6,1,1,0,0,0,0,0,0,1,2,6,0,0,3,0,0,0,4,0,0,4,6,4,1,0,0,0,4,0,4,0,0,0,0,18,4,0,0,0,0,3.8208888513501886,1
108,21,25,54,0,1,2,0,6,1,1,0,0,0,0,0,0,1,2,6,0,0,3,0,0,0,4,0,0,4,6,4,1,0,0,0,4,0,4,0,0,0,0,18,4,0,0,0,0,3.8208888513501886,1
21,13,0,0,0,1,0,0,2,0,0,0,0,0,0,0,0,1,0,6,0,0,3,0,0,0,0,0,0,0,0,0,0,0,0,0,0,0,0,0,1,0,0,12,0,0,0,0,0,3.334679141051595,0
93,13,25,47,0,3,0,0,6,1,1,0,0,0,0,0,0,3,0,0,1,0,0,0,0,0,4,0,0,4,6,4,1,0,0,1,3,0,14,0,0,0,10,0,4,1,1,0,0,2.5654483718208256,1
21,13,0,0,0,1,0,0,2,0,0,0,0,0,0,0,0,1,0,6,0,0,3,0,0,0,0,0,0,0,0,0,0,0,0,0,0,0,0,0,1,0,0,12,0,0,0,0,0,3.334679141051595,0
32,10,14,0,0,1,0,0,4,0,0,0,0,0,0,0,0,1,0,4,0,0,3,0,0,0,2,0,0,2,7,5,0,0,0,0,0,0,0,0,1,0,0,9,0,0,0,0,0,2.6464393446710157,0
75,21,25,21,0,1,2,0,6,1,1,0,0,0,0,0,0,1,2,6,0,0,3,0,0,0,4,0,0,4,6,4,1,0,0,0,4,0,4,0,0,0,0,18,4,0,0,0,0,3.8208888513501886,1
91,31,25,27,0,1,3,0,6,1,1,0,0,0,0,0,0,1,3,12,0,0,3,0,0,0,4,0,0,4,6,4,1,0,0,0,4,0,4,0,0,0,0,27,4,0,0,0,0,3.88904953591417,1
89,21,25,35,0,1,2,0,6,1,1,0,0,0,0,0,0,1,2,6,0,0,3,0,0,0,4,0,0,4,6,4,1,0,0,0,4,0,4,0,0,0,0,18,4,0,0,0,0,3.8208888513501886,1
35,13,14,0,0,1,0,0,4,0,0,0,0,0,0,0,0,1,0,6,0,0,3,0,0,0,2,0,0,2,7,5,0,0,0,0,0,0,0,0,1,0,0,12,0,0,0,0,0,3.334679141051595,0
41,10,14,8,0,1,0,0,4,1,1,0,0,0,0,0,0,1,0,4,0,0,3,0,0,0,2,0,0,2,7,5,1,0,0,0,0,0,0,0,1,0,0,9,0,0,0,0,0,2.6464393446710157,0
30,13,0,8,0,1,0,0,2,1,1,0,0,0,0,0,0,1,0,6,0,0,3,0,0,0,0,0,0,0,0,0,1,0,0,0,0,0,0,0,1,0,0,12,0,0,0,0,0,3.334679141051595,0
17,9,0,0,0,1,0,0,2,0,0,0,0,0,0,0,0,1,0,3,0,0,3,0,0,0,0,0,0,0,0,0,0,0,0,0,0,0,0,0,1,0,0,8,0,0,0,0,0,2.9477027792200903,0
41,10,14,8,0,1,0,0,4,1,1,0,0,0,0,0,0,1,0,4,0,0,3,0,0,0,2,0,0,2,7,5,1,0,0,0,0,0,0,0,1,0,0,9,0,0,0,0,0,2.6464393446710157,0
80,13,25,34,0,3,0,0,6,1,1,0,0,0,0,0,0,3,0,0,1,0,0,0,0,0,4,0,0,4,6,4,1,0,0,1,3,0,14,0,0,0,10,0,4,1,1,0,0,2.5654483718208256,1
21,13,0,0,0,1,0,0,2,0,0,0,0,0,0,0,0,1,0,4,0,0,3,0,0,0,0,0,0,0,0,0,0,0,0,0,0,0,0,0,1,0,0,12,0,0,0,0,0,3.0269868333592873,0
35,13,14,0,0,1,0,0,4,0,0,0,0,0,0,0,0,1,0,4,0,0,3,0,0,0,2,0,0,2,7,5,0,0,0,0,0,0,0,0,1,0,0,12,0,0,0,0,0,3.0269868333592873,0
41,10,14,8,0,1,0,0,4,1,1,0,0,0,0,0,0,1,0,3,0,0,3,0,0,0,2,0,0,2,7,5,1,0,0,0,0,0,0,0,1,0,0,9,0,0,0,0,0,3.3219280948873626,0
35,13,14,0,0,1,0,0,4,0,0,0,0,0,0,0,0,1,0,6,0,0,3,0,0,0,2,0,0,2,7,5,0,0,0,0,0,0,0,0,1,0,0,12,0,0,0,0,0,3.334679141051595,0
77,20,25,24,0,1,2,0,6,1,1,0,0,0,0,0,0,1,2,6,0,0,4,0,0,0,4,0,0,4,6,4,1,0,0,0,5,0,4,0,0,0,0,17,4,0,0,0,0,3.684183719779189,1
84,31,25,20,0,1,3,0,6,1,1,0,0,0,0,0,0,1,3,12,0,0,3,0,0,0,4,0,0,4,6,4,1,0,0,0,4,0,4,0,0,0,0,27,4,0,0,0,0,3.88904953591417,1
27,10,0,8,0,1,0,0,2,1,1,0,0,0,0,0,0,1,0,4,0,0,3,0,0,0,0,0,0,0,0,0,1,0,0,0,0,0,0,0,1,0,0,9,0,0,0,0,0,2.6464393446710157,0
44,13,14,8,0,1,0,0,4,1,1,0,0,0,0,0,0,1,0,6,0,0,3,0,0,0,2,0,0,2,7,5,1,0,0,0,0,0,0,0,1,0,0,12,0,0,0,0,0,3.334679141051595,0
41,10,14,8,0,1,0,0,4,1,1,0,0,0,0,0,0,1,0,3,0,0,3,0,0,0,2,0,0,2,7,5,1,0,0,0,0,0,0,0,1,0,0,9,0,0,0,0,0,3.3219280948873626,0
35,13,14,0,0,1,0,0,4,0,0,0,0,0,0,0,0,1,0,6,0,0,3,0,0,0,2,0,0,2,7,5,0,0,0,0,0,0,0,0,1,0,0,12,0,0,0,0,0,3.334679141051595,0
27,10,0,8,0,1,0,0,2,1,1,0,0,0,0,0,0,1,0,3,0,0,3,0,0,0,0,0,0,0,0,0,1,0,0,0,0,0,0,0,1,0,0,9,0,0,0,0,0,3.3219280948873626,0
102,20,25,49,0,1,2,0,6,1,1,0,0,0,0,0,0,1,2,6,0,0,4,0,0,0,4,0,0,4,6,4,1,0,0,0,5,0,4,0,0,0,0,17,4,0,0,0,0,3.684183719779189,1
93,20,25,40,0,1,2,0,6,1,1,0,0,0,0,0,0,1,2,6,0,0,4,0,0,0,4,0,0,4,6,4,1,0,0,0,5,0,4,0,0,0,0,17,4,0,0,0,0,3.684183719779189,1
40,9,14,8,0,1,0,0,4,1,1,0,0,0,0,0,0,1,0,3,0,0,3,0,0,0,2,0,0,2,7,5,1,0,0,0,0,0,0,0,1,0,0,8,0,0,0,0,0,2.9477027792200903,0
30,13,0,8,0,1,0,0,2,1,1,0,0,0,0,0,0,1,0,6,0,0,3,0,0,0,0,0,0,0,0,0,1,0,0,0,0,0,0,0,1,0,0,12,0,0,0,0,0,3.334679141051595,0
99,31,25,35,0,1,3,0,6,1,1,0,0,0,0,0,0,1,3,12,0,0,3,0,0,0,4,0,0,4,6,4,1,0,0,0,4,0,4,0,0,0,0,27,4,0,0,0,0,3.88904953591417,1
63,13,25,17,0,3,0,0,6,1,1,0,0,0,0,0,0,3,0,0,1,0,0,0,0,0,4,0,0,4,6,4,1,0,0,1,3,0,14,0,0,0,10,0,4,1,1,0,0,2.5654483718208256,1
18,10,0,0,0,1,0,0,2,0,0,0,0,0,0,0,0,1,0,3,0,0,3,0,0,0,0,0,0,0,0,0,0,0,0,0,0,0,0,0,1,0,0,9,0,0,0,0,0,3.3219280948873626,0
114,31,25,50,0,1,3,0,6,1,1,0,0,0,0,0,0,1,3,12,0,0,3,0,0,0,4,0,0,4,6,4,1,0,0,0,4,0,4,0,0,0,0,27,4,0,0,0,0,3.88904953591417,1
74,21,25,20,0,1,2,0,6,1,1,0,0,0,0,0,0,1,2,6,0,0,3,0,0,0,4,0,0,4,6,4,1,0,0,0,4,0,4,0,0,0,0,18,4,0,0,0,0,3.8208888513501886,1
76,13,25,30,0,3,0,0,6,1,1,0,0,0,0,0,0,3,0,0,1,0,0,0,0,0,4,0,0,4,6,4,1,0,0,1,3,0,14,0,0,0,10,0,4,1,1,0,0,2.5654483718208256,1
26,9,0,8,0,1,0,0,2,1,1,0,0,0,0,0,0,1,0,3,0,0,3,0,0,0,0,0,0,0,0,0,1,0,0,0,0,0,0,0,1,0,0,8,0,0,0,0,0,2.9477027792200903,0
41,10,14,8,0,1,0,0,4,1,1,0,0,0,0,0,0,1,0,4,0,0,3,0,0,0,2,0,0,2,7,5,1,0,0,0,0,0,0,0,1,0,0,9,0,0,0,0,0,2.6464393446710157,0
26,9,0,8,0,1,0,0,2,1,1,0,0,0,0,0,0,1,0,3,0,0,3,0,0,0,0,0,0,0,0,0,1,0,0,0,0,0,0,0,1,0,0,8,0,0,0,0,0,2.9477027792200903,0
89,31,25,25,0,1,3,0,6,1,1,0,0,0,0,0,0,1,3,12,0,0,3,0,0,0,4,0,0,4,6,4,1,0,0,0,4,0,4,0,0,0,0,27,4,0,0,0,0,3.88904953591417,1
18,10,0,0,0,1,0,0,2,0,0,0,0,0,0,0,0,1,0,4,0,0,3,0,0,0,0,0,0,0,0,0,0,0,0,0,0,0,0,0,1,0,0,9,0,0,0,0,0,2.6464393446710157,0
106,20,25,53,0,1,2,0,6,1,1,0,0,0,0,0,0,1,2,6,0,0,4,0,0,0,4,0,0,4,6,4,1,0,0,0,5,0,4,0,0,0,0,17,4,0,0,0,0,3.684183719779189,1
99,21,25,45,0,1,2,0,6,1,1,0,0,0,0,0,0,1,2,6,0,0,3,0,0,0,4,0,0,4,6,4,1,0,0,0,4,0,4,0,0,0,0,18,4,0,0,0,0,3.8208888513501886,1
27,10,0,8,0,1,0,0,2,1,1,0,0,0,0,0,0,1,0,4,0,0,3,0,0,0,0,0,0,0,0,0,1,0,0,0,0,0,0,0,1,0,0,9,0,0,0,0,0,2.6464393446710157,0
81,21,25,27,0,1,2,0,6,1,1,0,0,0,0,0,0,1,2,6,0,0,3,0,0,0,4,0,0,4,6,4,1,0,0,0,4,0,4,0,0,0,0,18,4,0,0,0,0,3.8208888513501886,1
32,10,14,0,0,1,0,0,4,0,0,0,0,0,0,0,0,1,0,3,0,0,3,0,0,0,2,0,0,2,7,5,0,0,0,0,0,0,0,0,1,0,0,9,0,0,0,0,0,3.3219280948873626,0
106,20,25,53,0,1,2,0,6,1,1,0,0,0,0,0,0,1,2,6,0,0,4,0,0,0,4,0,0,4,6,4,1,0,0,0,5,0,4,0,0,0,0,17,4,0,0,0,0,3.684183719779189,1
99,20,25,46,0,1,2,0,6,1,1,0,0,0,0,0,0,1,2,6,0,0,4,0,0,0,4,0,0,4,6,4,1,0,0,0,5,0,4,0,0,0,0,17,4,0,0,0,0,3.684183719779189,1
104,21,25,50,0,1,2,0,6,1,1,0,0,0,0,0,0,1,2,6,0,0,3,0,0,0,4,0,0,4,6,4,1,0,0,0,4,0,4,0,0,0,0,18,4,0,0,0,0,3.8208888513501886,1
41,10,14,8,0,1,0,0,4,1,1,0,0,0,0,0,0,1,0,3,0,0,3,0,0,0,2,0,0,2,7,5,1,0,0,0,0,0,0,0,1,0,0,9,0,0,0,0,0,3.3219280948873626,0
74,20,25,21,0,1,2,0,6,1,1,0,0,0,0,0,0,1,2,6,0,0,4,0,0,0,4,0,0,4,6,4,1,0,0,0,5,0,4,0,0,0,0,17,4,0,0,0,0,3.684183719779189,1
85,31,25,21,0,1,3,0,6,1,1,0,0,0,0,0,0,1,3,12,0,0,3,0,0,0,4,0,0,4,6,4,1,0,0,0,4,0,4,0,0,0,0,27,4,0,0,0,0,3.88904953591417,1
21,13,0,0,0,1,0,0,2,0,0,0,0,0,0,0,0,1,0,6,0,0,3,0,0,0,0,0,0,0,0,0,0,0,0,0,0,0,0,0,1,0,0,12,0,0,0,0,0,3.334679141051595,0
82,13,25,36,0,3,0,0,6,1,1,0,0,0,0,0,0,3,0,0,1,0,0,0,0,0,4,0,0,4,6,4,1,0,0,1,3,0,14,0,0,0,10,0,4,1,1,0,0,2.5654483718208256,1
106,21,25,52,0,1,2,0,6,1,1,0,0,0,0,0,0,1,2,6,0,0,3,0,0,0,4,0,0,4,6,4,1,0,0,0,4,0,4,0,0,0,0,18,4,0,0,0,0,3.8208888513501886,1
93,31,25,29,0,1,3,0,6,1,1,0,0,0,0,0,0,1,3,12,0,0,3,0,0,0,4,0,0,4,6,4,1,0,0,0,4,0,4,0,0,0,0,27,4,0,0,0,0,3.88904953591417,1
31,9,14,0,0,1,0,0,4,0,0,0,0,0,0,0,0,1,0,3,0,0,3,0,0,0,2,0,0,2,7,5,0,0,0,0,0,0,0,0,1,0,0,8,0,0,0,0,0,2.9477027792200903,0
87,31,25,23,0,1,3,0,6,1,1,0,0,0,0,0,0,1,3,12,0,0,3,0,0,0,4,0,0,4,6,4,1,0,0,0,4,0,4,0,0,0,0,27,4,0,0,0,0,3.88904953591417,1
98,21,25,44,0,1,2,0,6,1,1,0,0,0,0,0,0,1,2,6,0,0,3,0,0,0,4,0,0,4,6,4,1,0,0,0,4,0,4,0,0,0,0,18,4,0,0,0,0,3.8208888513501886,1
32,10,14,0,0,1,0,0,4,0,0,0,0,0,0,0,0,1,0,3,0,0,3,0,0,0,2,0,0,2,7,5,0,0,0,0,0,0,0,0,1,0,0,9,0,0,0,0,0,3.3219280948873626,0
21,13,0,0,0,1,0,0,2,0,0,0,0,0,0,0,0,1,0,4,0,0,3,0,0,0,0,0,0,0,0,0,0,0,0,0,0,0,0,0,1,0,0,12,0,0,0,0,0,3.0269868333592873,0
17,9,0,0,0,1,0,0,2,0,0,0,0,0,0,0,0,1,0,3,0,0,3,0,0,0,0,0,0,0,0,0,0,0,0,0,0,0,0,0,1,0,0,8,0,0,0,0,0,2.9477027792200903,0
100,21,25,46,0,1,2,0,6,1,1,0,0,0,0,0,0,1,2,6,0,0,3,0,0,0,4,0,0,4,6,4,1,0,0,0,4,0,4,0,0,0,0,18,4,0,0,0,0,3.8208888513501886,1
116,31,25,52,0,1,3,0,6,1,1,0,0,0,0,0,0,1,3,12,0,0,3,0,0,0,4,0,0,4,6,4,1,0,0,0,4,0,4,0,0,0,0,27,4,0,0,0,0,3.88904953591417,1
107,21,25,53,0,1,2,0,6,1,1,0,0,0,0,0,0,1,2,6,0,0,3,0,0,0,4,0,0,4,6,4,1,0,0,0,4,0,4,0,0,0,0,18,4,0,0,0,0,3.8208888513501886,1
101,13,25,55,0,3,0,0,6,1,1,0,0,0,0,0,0,3,0,0,1,0,0,0,0,0,4,0,0,4,6,4,1,0,0,1,3,0,14,0,0,0,10,0,4,1,1,0,0,2.5654483718208256,1
88,13,25,42,0,3,0,0,6,1,1,0,0,0,0,0,0,3,0,0,1,0,0,0,0,0,4,0,0,4,6,4,1,0,0,1,3,0,14,0,0,0,10,0,4,1,1,0,0,2.5654483718208256,1
110,31,25,46,0,1,3,0,6,1,1,0,0,0,0,0,0,1,3,12,0,0,3,0,0,0,4,0,0,4,6,4,1,0,0,0,4,0,4,0,0,0,0,27,4,0,0,0,0,3.88904953591417,1
99,31,25,35,0,1,3,0,6,1,1,0,0,0,0,0,0,1,3,12,0,0,3,0,0,0,4,0,0,4,6,4,1,0,0,0,4,0,4,0,0,0,0,27,4,0,0,0,0,3.88904953591417,1
44,13,14,8,0,1,0,0,4,1,1,0,0,0,0,0,0,1,0,6,0,0,3,0,0,0,2,0,0,2,7,5,1,0,0,0,0,0,0,0,1,0,0,12,0,0,0,0,0,3.334679141051595,0
73,20,25,20,0,1,2,0,6,1,1,0,0,0,0,0,0,1,2,6,0,0,4,0,0,0,4,0,0,4,6,4,1,0,0,0,5,0,4,0,0,0,0,17,4,0,0,0,0,3.684183719779189,1
44,13,14,8,0,1,0,0,4,1,1,0,0,0,0,0,0,1,0,4,0,0,3,0,0,0,2,0,0,2,7,5,1,0,0,0,0,0,0,0,1,0,0,12,0,0,0,0,0,3.0269868333592873,0
41,10,14,8,0,1,0,0,4,1,1,0,0,0,0,0,0,1,0,3,0,0,3,0,0,0,2,0,0,2,7,5,1,0,0,0,0,0,0,0,1,0,0,9,0,0,0,0,0,3.3219280948873626,0
44,13,14,8,0,1,0,0,4,1,1,0,0,0,0,0,0,1,0,4,0,0,3,0,0,0,2,0,0,2,7,5,1,0,0,0,0,0,0,0,1,0,0,12,0,0,0,0,0,3.0269868333592873,0
105,21,25,51,0,1,2,0,6,1,1,0,0,0,0,0,0,1,2,6,0,0,3,0,0,0,4,0,0,4,6,4,1,0,0,0,4,0,4,0,0,0,0,18,4,0,0,0,0,3.8208888513501886,1
91,31,25,27,0,1,3,0,6,1,1,0,0,0,0,0,0,1,3,12,0,0,3,0,0,0,4,0,0,4,6,4,1,0,0,0,4,0,4,0,0,0,0,27,4,0,0,0,0,3.88904953591417,1
98,21,25,44,0,1,2,0,6,1,1,0,0,0,0,0,0,1,2,6,0,0,3,0,0,0,4,0,0,4,6,4,1,0,0,0,4,0,4,0,0,0,0,18,4,0,0,0,0,3.8208888513501886,1
97,13,25,51,0,3,0,0,6,1,1,0,0,0,0,0,0,3,0,0,1,0,0,0,0,0,4,0,0,4,6,4,1,0,0,1,3,0,14,0,0,0,10,0,4,1,1,0,0,2.5654483718208256,1
70,13,25,24,0,3,0,0,6,1,1,0,0,0,0,0,0,3,0,0,1,0,0,0,0,0,4,0,0,4,6,4,1,0,0,1,3,0,14,0,0,0,10,0,4,1,1,0,0,2.5654483718208256,1
18,10,0,0,0,1,0,0,2,0,0,0,0,0,0,0,0,1,0,3,0,0,3,0,0,0,0,0,0,0,0,0,0,0,0,0,0,0,0,0,1,0,0,9,0,0,0,0,0,3.3219280948873626,0
18,10,0,0,0,1,0,0,2,0,0,0,0,0,0,0,0,1,0,4,0,0,3,0,0,0,0,0,0,0,0,0,0,0,0,0,0,0,0,0,1,0,0,9,0,0,0,0,0,2.6464393446710157,0
30,13,0,8,0,1,0,0,2,1,1,0,0,0,0,0,0,1,0,6,0,0,3,0,0,0,0,0,0,0,0,0,1,0,0,0,0,0,0,0,1,0,0,12,0,0,0,0,0,3.334679141051595,0
27,10,0,8,0,1,0,0,2,1,1,0,0,0,0,0,0,1,0,4,0,0,3,0,0,0,0,0,0,0,0,0,1,0,0,0,0,0,0,0,1,0,0,9,0,0,0,0,0,2.6464393446710157,0
88,21,25,34,0,1,2,0,6,1,1,0,0,0,0,0,0,1,2,6,0,0,3,0,0,0,4,0,0,4,6,4,1,0,0,0,4,0,4,0,0,0,0,18,4,0,0,0,0,3.8208888513501886,1
17,9,0,0,0,1,0,0,2,0,0,0,0,0,0,0,0,1,0,3,0,0,3,0,0,0,0,0,0,0,0,0,0,0,0,0,0,0,0,0,1,0,0,8,0,0,0,0,0,2.9477027792200903,0
91,13,25,45,0,3,0,0,6,1,1,0,0,0,0,0,0,3,0,0,1,0,0,0,0,0,4,0,0,4,6,4,1,0,0,1,3,0,14,0,0,0,10,0,4,1,1,0,0,2.5654483718208256,1
27,10,0,8,0,1,0,0,2,1,1,0,0,0,0,0,0,1,0,4,0,0,3,0,0,0,0,0,0,0,0,0,1,0,0,0,0,0,0,0,1,0,0,9,0,0,0,0,0,2.6464393446710157,0
40,9,14,8,0,1,0,0,4,1,1,0,0,0,0,0,0,1,0,3,0,0,3,0,0,0,2,0,0,2,7,5,1,0,0,0,0,0,0,0,1,0,0,8,0,0,0,0,0,2.9477027792200903,0
31,9,14,0,0,1,0,0,4,0,0,0,0,0,0,0,0,1,0,3,0,0,3,0,0,0,2,0,0,2,7,5,0,0,0,0,0,0,0,0,1,0,0,8,0,0,0,0,0,2.9477027792200903,0
21,13,0,0,0,1,0,0,2,0,0,0,0,0,0,0,0,1,0,4,0,0,3,0,0,0,0,0,0,0,0,0,0,0,0,0,0,0,0,0,1,0,0,12,0,0,0,0,0,3.0269868333592873,0
97,13,25,51,0,3,0,0,6,1,1,0,0,0,0,0,0,3,0,0,1,0,0,0,0,0,4,0,0,4,6,4,1,0,0,1,3,0,14,0,0,0,10,0,4,1,1,0,0,2.5654483718208256,1
78,20,25,25,0,1,2,0,6,1,1,0,0,0,0,0,0,1,2,6,0,0,4,0,0,0,4,0,0,4,6,4,1,0,0,0,5,0,4,0,0,0,0,17,4,0,0,0,0,3.684183719779189,1
101,13,25,55,0,3,0,0,6,1,1,0,0,0,0,0,0,3,0,0,1,0,0,0,0,0,4,0,0,4,6,4,1,0,0,1,3,0,14,0,0,0,10,0,4,1,1,0,0,2.5654483718208256,1
21,13,0,0,0,1,0,0,2,0,0,0,0,0,0,0,0,1,0,4,0,0,3,0,0,0,0,0,0,0,0,0,0,0,0,0,0,0,0,0,1,0,0,12,0,0,0,0,0,3.0269868333592873,0
87,13,25,41,0,3,0,0,6,1,1,0,0,0,0,0,0,3,0,0,1,0,0,0,0,0,4,0,0,4,6,4,1,0,0,1,3,0,14,0,0,0,10,0,4,1,1,0,0,2.5654483718208256,1
44,13,14,8,0,1,0,0,4,1,1,0,0,0,0,0,0,1,0,6,0,0,3,0,0,0,2,0,0,2,7,5,1,0,0,0,0,0,0,0,1,0,0,12,0,0,0,0,0,3.334679141051595,0
85,13,25,39,0,3,0,0,6,1,1,0,0,0,0,0,0,3,0,0,1,0,0,0,0,0,4,0,0,4,6,4,1,0,0,1,3,0,14,0,0,0,10,0,4,1,1,0,0,2.5654483718208256,1
95,31,25,31,0,1,3,0,6,1,1,0,0,0,0,0,0,1,3,12,0,0,3,0,0,0,4,0,0,4,6,4,1,0,0,0,4,0,4,0,0,0,0,27,4,0,0,0,0,3.88904953591417,1
94,21,25,40,0,1,2,0,6,1,1,0,0,0,0,0,0,1,2,6,0,0,3,0,0,0,4,0,0,4,6,4,1,0,0,0,4,0,4,0,0,0,0,18,4,0,0,0,0,3.8208888513501886,1
71,20,25,18,0,1,2,0,6,1,1,0,0,0,0,0,0,1,2,6,0,0,4,0,0,0,4,0,0,4,6,4,1,0,0,0,5,0,4,0,0,0,0,17,4,0,0,0,0,3.684183719779189,1
70,13,25,24,0,3,0,0,6,1,1,0,0,0,0,0,0,3,0,0,1,0,0,0,0,0,4,0,0,4,6,4,1,0,0,1,3,0,14,0,0,0,10,0,4,1,1,0,0,2.5654483718208256,1
96,21,25,42,0,1,2,0,6,1,1,0,0,0,0,0,0,1,2,6,0,0,3,0,0,0,4,0,0,4,6,4,1,0,0,0,4,0,4,0,0,0,0,18,4,0,0,0,0,3.8208888513501886,1
32,10,14,0,0,1,0,0,4,0,0,0,0,0,0,0,0,1,0,4,0,0,3,0,0,0,2,0,0,2,7,5,0,0,0,0,0,0,0,0,1,0,0,9,0,0,0,0,0,2.6464393446710157,0
30,13,0,8,0,1,0,0,2,1,1,0,0,0,0,0,0,1,0,4,0,0,3,0,0,0,0,0,0,0,0,0,1,0,0,0,0,0,0,0,1,0,0,12,0,0,0,0,0,3.0269868333592873,0
118,31,25,54,0,1,3,0,6,1,1,0,0,0,0,0,0,1,3,12,0,0,3,0,0,0,4,0,0,4,6,4,1,0,0,0,4,0,4,0,0,0,0,27,4,0,0,0,0,3.88904953591417,1
80,20,25,27,0,1,2,0,6,1,1,0,0,0,0,0,0,1,2,6,0,0,4,0,0,0,4,0,0,4,6,4,1,0,0,0,5,0,4,0,0,0,0,17,4,0,0,0,0,3.684183719779189,1
31,9,14,0,0,1,0,0,4,0,0,0,0,0,0,0,0,1,0,3,0,0,3,0,0,0,2,0,0,2,7,5,0,0,0,0,0,0,0,0,1,0,0,8,0,0,0,0,0,2.9477027792200903,0
72,13,25,26,0,3,0,0,6,1,1,0,0,0,0,0,0,3,0,0,1,0,0,0,0,0,4,0,0,4,6,4,1,0,0,1,3,0,14,0,0,0,10,0,4,1,1,0,0,2.5654483718208256,1
18,10,0,0,0,1,0,0,2,0,0,0,0,0,0,0,0,1,0,4,0,0,3,0,0,0,0,0,0,0,0,0,0,0,0,0,0,0,0,0,1,0,0,9,0,0,0,0,0,2.6464393446710157,0
35,13,14,0,0,1,0,0,4,0,0,0,0,0,0,0,0,1,0,6,0,0,3,0,0,0,2,0,0,2,7,5,0,0,0,0,0,0,0,0,1,0,0,12,0,0,0,0,0,3.334679141051595,0
113,31,25,49,0,1,3,0,6,1,1,0,0,0,0,0,0,1,3,12,0,0,3,0,0,0,4,0,0,4,6,4,1,0,0,0,4,0,4,0,0,0,0,27,4,0,0,0,0,3.88904953591417,1
32,10,14,0,0,1,0,0,4,0,0,0,0,0,0,0,0,1,0,3,0,0,3,0,0,0,2,0,0,2,7,5,0,0,0,0,0,0,0,0,1,0,0,9,0,0,0,0,0,3.3219280948873626,0
32,10,14,0,0,1,0,0,4,0,0,0,0,0,0,0,0,1,0,3,0,0,3,0,0,0,2,0,0,2,7,5,0,0,0,0,0,0,0,0,1,0,0,9,0,0,0,0,0,3.3219280948873626,0
77,21,25,23,0,1,2,0,6,1,1,0,0,0,0,0,0,1,2,6,0,0,3,0,0,0,4,0,0,4,6,4,1,0,0,0,4,0,4,0,0,0,0,18,4,0,0,0,0,3.8208888513501886,1
105,20,25,52,0,1,2,0,6,1,1,0,0,0,0,0,0,1,2,6,0,0,4,0,0,0,4,0,0,4,6,4,1,0,0,0,5,0,4,0,0,0,0,17,4,0,0,0,0,3.684183719779189,1
83,13,25,37,0,3,0,0,6,1,1,0,0,0,0,0,0,3,0,0,1,0,0,0,0,0,4,0,0,4,6,4,1,0,0,1,3,0,14,0,0,0,10,0,4,1,1,0,0,2.5654483718208256,1
108,31,25,44,0,1,3,0,6,1,1,0,0,0,0,0,0,1,3,12,0,0,3,0,0,0,4,0,0,4,6,4,1,0,0,0,4,0,4,0,0,0,0,27,4,0,0,0,0,3.88904953591417,1
21,13,0,0,0,1,0,0,2,0,0,0,0,0,0,0,0,1,0,6,0,0,3,0,0,0,0,0,0,0,0,0,0,0,0,0,0,0,0,0,1,0,0,12,0,0,0,0,0,3.334679141051595,0
72,20,25,19,0,1,2,0,6,1,1,0,0,0,0,0,0,1,2,6,0,0,4,0,0,0,4,0,0,4,6,4,1,0,0,0,5,0,4,0,0,0,0,17,4,0,0,0,0,3.684183719779189,1
21,13,0,0,0,1,0,0,2,0,0,0,0,0,0,0,0,1,0,4,0,0,3,0,0,0,0,0,0,0,0,0,0,0,0,0,0,0,0,0,1,0,0,12,0,0,0,0,0,3.0269868333592873,0
17,9,0,0,0,1,0,0,2,0,0,0,0,0,0,0,0,1,0,3,0,0,3,0,0,0,0,0,0,0,0,0,0,0,0,0,0,0,0,0,1,0,0,8,0,0,0,0,0,2.9477027792200903,0
88,31,25,24,0,1,3,0,6,1,1,0,0,0,0,0,0,1,3,12,0,0,3,0,0,0,4,0,0,4,6,4,1,0,0,0,4,0,4,0,0,0,0,27,4,0,0,0,0,3.88904953591417,1
69,13,25,23,0,3,0,0,6,1,1,0,0,0,0,0,0,3,0,0,1,0,0,0,0,0,4,0,0,4,6,4,1,0,0,1,3,0,14,0,0,0,10,0,4,1,1,0,0,2.5654483718208256,1
32,10,14,0,0,1,0,0,4,0,0,0,0,0,0,0,0,1,0,4,0,0,3,0,0,0,2,0,0,2,7,5,0,0,0,0,0,0,0,0,1,0,0,9,0,0,0,0,0,2.6464393446710157,0
109,20,25,56,0,1,2,0,6,1,1,0,0,0,0,0,0,1,2,6,0,0,4,0,0,0,4,0,0,4,6,4,1,0,0,0,5,0,4,0,0,0,0,17,4,0,0,0,0,3.684183719779189,1
75,20,25,22,0,1,2,0,6,1,1,0,0,0,0,0,0,1,2,6,0,0,4,0,0,0,4,0,0,4,6,4,1,0,0,0,5,0,4,0,0,0,0,17,4,0,0,0,0,3.684183719779189,1
102,20,25,49,0,1,2,0,6,1,1,0,0,0,0,0,0,1,2,6,0,0,4,0,0,0,4,0,0,4,6,4,1,0,0,0,5,0,4,0,0,0,0,17,4,0,0,0,0,3.684183719779189,1
32,10,14,0,0,1,0,0,4,0,0,0,0,0,0,0,0,1,0,4,0,0,3,0,0,0,2,0,0,2,7,5,0,0,0,0,0,0,0,0,1,0,0,9,0,0,0,0,0,2.6464393446710157,0
89,31,25,25,0,1,3,0,6,1,1,0,0,0,0,0,0,1,3,12,0,0,3,0,0,0,4,0,0,4,6,4,1,0,0,0,4,0,4,0,0,0,0,27,4,0,0,0,0,3.88904953591417,1
95,21,25,41,0,1,2,0,6,1,1,0,0,0,0,0,0,1,2,6,0,0,3,0,0,0,4,0,0,4,6,4,1,0,0,0,4,0,4,0,0,0,0,18,4,0,0,0,0,3.8208888513501886,1
98,13,25,52,0,3,0,0,6,1,1,0,0,0,0,0,0,3,0,0,1,0,0,0,0,0,4,0,0,4,6,4,1,0,0,1,3,0,14,0,0,0,10,0,4,1,1,0,0,2.5654483718208256,1
64,13,25,18,0,3,0,0,6,1,1,0,0,0,0,0,0,3,0,0,1,0,0,0,0,0,4,0,0,4,6,4,1,0,0,1,3,0,14,0,0,0,10,0,4,1,1,0,0,2.5654483718208256,1
41,10,14,8,0,1,0,0,4,1,1,0,0,0,0,0,0,1,0,3,0,0,3,0,0,0,2,0,0,2,7,5,1,0,0,0,0,0,0,0,1,0,0,9,0,0,0,0,0,3.3219280948873626,0
109,21,25,55,0,1,2,0,6,1,1,0,0,0,0,0,0,1,2,6,0,0,3,0,0,0,4,0,0,4,6,4,1,0,0,0,4,0,4,0,0,0,0,18,4,0,0,0,0,3.8208888513501886,1
82,31,25,18,0,1,3,0,6,1,1,0,0,0,0,0,0,1,3,12,0,0,3,0,0,0,4,0,0,4,6,4,1,0,0,0,4,0,4,0,0,0,0,27,4,0,0,0,0,3.88904953591417,1
73,21,25,19,0,1,2,0,6,1,1,0,0,0,0,0,0,1,2,6,0,0,3,0,0,0,4,0,0,4,6,4,1,0,0,0,4,0,4,0,0,0,0,18,4,0,0,0,0,3.8208888513501886,1
106,21,25,52,0,1,2,0,6,1,1,0,0,0,0,0,0,1,2,6,0,0,3,0,0,0,4,0,0,4,6,4,1,0,0,0,4,0,4,0,0,0,0,18,4,0,0,0,0,3.8208888513501886,1
74,13,25,28,0,3,0,0,6,1,1,0,0,0,0,0,0,3,0,0,1,0,0,0,0,0,4,0,0,4,6,4,1,0,0,1,3,0,14,0,0,0,10,0,4,1,1,0,0,2.5654483718208256,1
74,20,25,21,0,1,2,0,6,1,1,0,0,0,0,0,0,1,2,6,0,0,4,0,0,0,4,0,0,4,6,4,1,0,0,0,5,0,4,0,0,0,0,17,4,0,0,0,0,3.684183719779189,1
74,21,25,20,0,1,2,0,6,1,1,0,0,0,0,0,0,1,2,6,0,0,3,0,0,0,4,0,0,4,6,4,1,0,0,0,4,0,4,0,0,0,0,18,4,0,0,0,0,3.8208888513501886,1
17,9,0,0,0,1,0,0,2,0,0,0,0,0,0,0,0,1,0,3,0,0,3,0,0,0,0,0,0,0,0,0,0,0,0,0,0,0,0,0,1,0,0,8,0,0,0,0,0,2.9477027792200903,0
30,13,0,8,0,1,0,0,2,1,1,0,0,0,0,0,0,1,0,6,0,0,3,0,0,0,0,0,0,0,0,0,1,0,0,0,0,0,0,0,1,0,0,12,0,0,0,0,0,3.334679141051595,0
89,13,25,43,0,3,0,0,6,1,1,0,0,0,0,0,0,3,0,0,1,0,0,0,0,0,4,0,0,4,6,4,1,0,0,1,3,0,14,0,0,0,10,0,4,1,1,0,0,2.5654483718208256,1
80,31,25,16,0,1,3,0,6,1,1,0,0,0,0,0,0,1,3,12,0,0,3,0,0,0,4,0,0,4,6,4,1,0,0,0,4,0,4,0,0,0,0,27,4,0,0,0,0,3.88904953591417,1
44,13,14,8,0,1,0,0,4,1,1,0,0,0,0,0,0,1,0,4,0,0,3,0,0,0,2,0,0,2,7,5,1,0,0,0,0,0,0,0,1,0,0,12,0,0,0,0,0,3.0269868333592873,0
40,9,14,8,0,1,0,0,4,1,1,0,0,0,0,0,0,1,0,3,0,0,3,0,0,0,2,0,0,2,7,5,1,0,0,0,0,0,0,0,1,0,0,8,0,0,0,0,0,2.9477027792200903,0
110,31,25,46,0,1,3,0,6,1,1,0,0,0,0,0,0,1,3,12,0,0,3,0,0,0,4,0,0,4,6,4,1,0,0,0,4,0,4,0,0,0,0,27,4,0,0,0,0,3.88904953591417,1
44,13,14,8,0,1,0,0,4,1,1,0,0,0,0,0,0,1,0,6,0,0,3,0,0,0,2,0,0,2,7,5,1,0,0,0,0,0,0,0,1,0,0,12,0,0,0,0,0,3.334679141051595,0
87,21,25,33,0,1,2,0,6,1,1,0,0,0,0,0,0,1,2,6,0,0,3,0,0,0,4,0,0,4,6,4,1,0,0,0,4,0,4,0,0,0,0,18,4,0,0,0,0,3.8208888513501886,1
18,10,0,0,0,1,0,0,2,0,0,0,0,0,0,0,0,1,0,3,0,0,3,0,0,0,0,0,0,0,0,0,0,0,0,0,0,0,0,0,1,0,0,9,0,0,0,0,0,3.3219280948873626,0
104,31,25,40,0,1,3,0,6,1,1,0,0,0,0,0,0,1,3,12,0,0,3,0,0,0,4,0,0,4,6,4,1,0,0,0,4,0,4,0,0,0,0,27,4,0,0,0,0,3.88904953591417,1
21,13,0,0,0,1,0,0,2,0,0,0,0,0,0,0,0,1,0,4,0,0,3,0,0,0,0,0,0,0,0,0,0,0,0,0,0,0,0,0,1,0,0,12,0,0,0,0,0,3.0269868333592873,0
92,20,25,39,0,1,2,0,6,1,1,0,0,0,0,0,0,1,2,6,0,0,4,0,0,0,4,0,0,4,6,4,1,0,0,0,5,0,4,0,0,0,0,17,4,0,0,0,0,3.684183719779189,1
32,10,14,0,0,1,0,0,4,0,0,0,0,0,0,0,0,1,0,3,0,0,3,0,0,0,2,0,0,2,7,5,0,0,0,0,0,0,0,0,1,0,0,9,0,0,0,0,0,3.3219280948873626,0
96,20,25,43,0,1,2,0,6,1,1,0,0,0,0,0,0,1,2,6,0,0,4,0,0,0,4,0,0,4,6,4,1,0,0,0,5,0,4,0,0,0,0,17,4,0,0,0,0,3.684183719779189,1
35,13,14,0,0,1,0,0,4,0,0,0,0,0,0,0,0,1,0,6,0,0,3,0,0,0,2,0,0,2,7,5,0,0,0,0,0,0,0,0,1,0,0,12,0,0,0,0,0,3.334679141051595,0
18,10,0,0,0,1,0,0,2,0,0,0,0,0,0,0,0,1,0,3,0,0,3,0,0,0,0,0,0,0,0,0,0,0,0,0,0,0,0,0,1,0,0,9,0,0,0,0,0,3.3219280948873626,0
88,13,25,42,0,3,0,0,6,1,1,0,0,0,0,0,0,3,0,0,1,0,0,0,0,0,4,0,0,4,6,4,1,0,0,1,3,0,14,0,0,0,10,0,4,1,1,0,0,2.5654483718208256,1
21,13,0,0,0,1,0,0,2,0,0,0,0,0,0,0,0,1,0,6,0,0,3,0,0,0,0,0,0,0,0,0,0,0,0,0,0,0,0,0,1,0,0,12,0,0,0,0,0,3.334679141051595,0
86,20,25,33,0,1,2,0,6,1,1,0,0,0,0,0,0,1,2,6,0,0,4,0,0,0,4,0,0,4,6,4,1,0,0,0,5,0,4,0,0,0,0,17,4,0,0,0,0,3.684183719779189,1
97,31,25,33,0,1,3,0,6,1,1,0,0,0,0,0,0,1,3,12,0,0,3,0,0,0,4,0,0,4,6,4,1,0,0,0,4,0,4,0,0,0,0,27,4,0,0,0,0,3.88904953591417,1
27,10,0,8,0,1,0,0,2,1,1,0,0,0,0,0,0,1,0,4,0,0,3,0,0,0,0,0,0,0,0,0,1,0,0,0,0,0,0,0,1,0,0,9,0,0,0,0,0,2.6464393446710157,0
86,13,25,40,0,3,0,0,6,1,1,0,0,0,0,0,0,3,0,0,1,0,0,0,0,0,4,0,0,4,6,4,1,0,0,1,3,0,14,0,0,0,10,0,4,1,1,0,0,2.5654483718208256,1
21,13,0,0,0,1,0,0,2,0,0,0,0,0,0,0,0,1,0,6,0,0,3,0,0,0,0,0,0,0,0,0,0,0,0,0,0,0,0,0,1,0,0,12,0,0,0,0,0,3.334679141051595,0
30,13,0,8,0,1,0,0,2,1,1,0,0,0,0,0,0,1,0,4,0,0,3,0,0,0,0,0,0,0,0,0,1,0,0,0,0,0,0,0,1,0,0,12,0,0,0,0,0,3.0269868333592873,0
89,13,25,43,0,3,0,0,6,1,1,0,0,0,0,0,0,3,0,0,1,0,0,0,0,0,4,0,0,4,6,4,1,0,0,1,3,0,14,0,0,0,10,0,4,1,1,0,0,2.5654483718208256,1
106,21,25,52,0,1,2,0,6,1,1,0,0,0,0,0,0,1,2,6,0,0,3,0,0,0,4,0,0,4,6,4,1,0,0,0,4,0,4,0,0,0,0,18,4,0,0,0,0,3.8208888513501886,1
35,13,14,0,0,1,0,0,4,0,0,0,0,0,0,0,0,1,0,4,0,0,3,0,0,0,2,0,0,2,7,5,0,0,0,0,0,0,0,0,1,0,0,12,0,0,0,0,0,3.0269868333592873,0
98,13,25,52,0,3,0,0,6,1,1,0,0,0,0,0,0,3,0,0,1,0,0,0,0,0,4,0,0,4,6,4,1,0,0,1,3,0,14,0,0,0,10,0,4,1,1,0,0,2.5654483718208256,1
69,20,25,16,0,1,2,0,6,1,1,0,0,0,0,0,0,1,2,6,0,0,4,0,0,0,4,0,0,4,6,4,1,0,0,0,5,0,4,0,0,0,0,17,4,0,0,0,0,3.684183719779189,1
44,13,14,8,0,1,0,0,4,1,1,0,0,0,0,0,0,1,0,4,0,0,3,0,0,0,2,0,0,2,7,5,1,0,0,0,0,0,0,0,1,0,0,12,0,0,0,0,0,3.0269868333592873,0
17,9,0,0,0,1,0,0,2,0,0,0,0,0,0,0,0,1,0,3,0,0,3,0,0,0,0,0,0,0,0,0,0,0,0,0,0,0,0,0,1,0,0,8,0,0,0,0,0,2.9477027792200903,0
44,13,14,8,0,1,0,0,4,1,1,0,0,0,0,0,0,1,0,6,0,0,3,0,0,0,2,0,0,2,7,5,1,0,0,0,0,0,0,0,1,0,0,12,0,0,0,0,0,3.334679141051595,0
70,13,25,24,0,3,0,0,6,1,1,0,0,0,0,0,0,3,0,0,1,0,0,0,0,0,4,0,0,4,6,4,1,0,0,1,3,0,14,0,0,0,10,0,4,1,1,0,0,2.5654483718208256,1
75,20,25,22,0,1,2,0,6,1,1,0,0,0,0,0,0,1,2,6,0,0,4,0,0,0,4,0,0,4,6,4,1,0,0,0,5,0,4,0,0,0,0,17,4,0,0,0,0,3.684183719779189,1
120,31,25,56,0,1,3,0,6,1,1,0,0,0,0,0,0,1,3,12,0,0,3,0,0,0,4,0,0,4,6,4,1,0,0,0,4,0,4,0,0,0,0,27,4,0,0,0,0,3.88904953591417,1
73,20,25,20,0,1,2,0,6,1,1,0,0,0,0,0,0,1,2,6,0,0,4,0,0,0,4,0,0,4,6,4,1,0,0,0,5,0,4,0,0,0,0,17,4,0,0,0,0,3.684183719779189,1
88,13,25,42,0,3,0,0,6,1,1,0,0,0,0,0,0,3,0,0,1,0,0,0,0,0,4,0,0,4,6,4,1,0,0,1,3,0,14,0,0,0,10,0,4,1,1,0,0,2.5654483718208256,1
106,21,25,52,0,1,2,0,6,1,1,0,0,0,0,0,0,1,2,6,0,0,3,0,0,0,4,0,0,4,6,4,1,0,0,0,4,0,4,0,0,0,0,18,4,0,0,0,0,3.8208888513501886,1
32,10,14,0,0,1,0,0,4,0,0,0,0,0,0,0,0,1,0,3,0,0,3,0,0,0,2,0,0,2,7,5,0,0,0,0,0,0,0,0,1,0,0,9,0,0,0,0,0,3.3219280948873626,0
90,13,25,44,0,3,0,0,6,1,1,0,0,0,0,0,0,3,0,0,1,0,0,0,0,0,4,0,0,4,6,4,1,0,0,1,3,0,14,0,0,0,10,0,4,1,1,0,0,2.5654483718208256,1
85,20,25,32,0,1,2,0,6,1,1,0,0,0,0,0,0,1,2,6,0,0,4,0,0,0,4,0,0,4,6,4,1,0,0,0,5,0,4,0,0,0,0,17,4,0,0,0,0,3.684183719779189,1
83,13,25,37,0,3,0,0,6,1,1,0,0,0,0,0,0,3,0,0,1,0,0,0,0,0,4,0,0,4,6,4,1,0,0,1,3,0,14,0,0,0,10,0,4,1,1,0,0,2.5654483718208256,1
100,31,25,36,0,1,3,0,6,1,1,0,0,0,0,0,0,1,3,12,0,0,3,0,0,0,4,0,0,4,6,4,1,0,0,0,4,0,4,0,0,0,0,27,4,0,0,0,0,3.88904953591417,1
100,21,25,46,0,1,2,0,6,1,1,0,0,0,0,0,0,1,2,6,0,0,3,0,0,0,4,0,0,4,6,4,1,0,0,0,4,0,4,0,0,0,0,18,4,0,0,0,0,3.8208888513501886,1
40,9,14,8,0,1,0,0,4,1,1,0,0,0,0,0,0,1,0,3,0,0,3,0,0,0,2,0,0,2,7,5,1,0,0,0,0,0,0,0,1,0,0,8,0,0,0,0,0,2.9477027792200903,0
40,9,14,8,0,1,0,0,4,1,1,0,0,0,0,0,0,1,0,3,0,0,3,0,0,0,2,0,0,2,7,5,1,0,0,0,0,0,0,0,1,0,0,8,0,0,0,0,0,2.9477027792200903,0
72,20,25,19,0,1,2,0,6,1,1,0,0,0,0,0,0,1,2,6,0,0,4,0,0,0,4,0,0,4,6,4,1,0,0,0,5,0,4,0,0,0,0,17,4,0,0,0,0,3.684183719779189,1
115,31,25,51,0,1,3,0,6,1,1,0,0,0,0,0,0,1,3,12,0,0,3,0,0,0,4,0,0,4,6,4,1,0,0,0,4,0,4,0,0,0,0,27,4,0,0,0,0,3.88904953591417,1
85,20,25,32,0,1,2,0,6,1,1,0,0,0,0,0,0,1,2,6,0,0,4,0,0,0,4,0,0,4,6,4,1,0,0,0,5,0,4,0,0,0,0,17,4,0,0,0,0,3.684183719779189,1
40,9,14,8,0,1,0,0,4,1,1,0,0,0,0,0,0,1,0,3,0,0,3,0,0,0,2,0,0,2,7,5,1,0,0,0,0,0,0,0,1,0,0,8,0,0,0,0,0,2.9477027792200903,0
35,13,14,0,0,1,0,0,4,0,0,0,0,0,0,0,0,1,0,4,0,0,3,0,0,0,2,0,0,2,7,5,0,0,0,0,0,0,0,0,1,0,0,12,0,0,0,0,0,3.0269868333592873,0
35,13,14,0,0,1,0,0,4,0,0,0,0,0,0,0,0,1,0,4,0,0,3,0,0,0,2,0,0,2,7,5,0,0,0,0,0,0,0,0,1,0,0,12,0,0,0,0,0,3.0269868333592873,0
40,9,14,8,0,1,0,0,4,1,1,0,0,0,0,0,0,1,0,3,0,0,3,0,0,0,2,0,0,2,7,5,1,0,0,0,0,0,0,0,1,0,0,8,0,0,0,0,0,2.9477027792200903,0
40,9,14,8,0,1,0,0,4,1,1,0,0,0,0,0,0,1,0,3,0,0,3,0,0,0,2,0,0,2,7,5,1,0,0,0,0,0,0,0,1,0,0,8,0,0,0,0,0,2.9477027792200903,0
35,13,14,0,0,1,0,0,4,0,0,0,0,0,0,0,0,1,0,4,0,0,3,0,0,0,2,0,0,2,7,5,0,0,0,0,0,0,0,0,1,0,0,12,0,0,0,0,0,3.0269868333592873,0
120,31,25,56,0,1,3,0,6,1,1,0,0,0,0,0,0,1,3,12,0,0,3,0,0,0,4,0,0,4,6,4,1,0,0,0,4,0,4,0,0,0,0,27,4,0,0,0,0,3.88904953591417,1
21,13,0,0,0,1,0,0,2,0,0,0,0,0,0,0,0,1,0,4,0,0,3,0,0,0,0,0,0,0,0,0,0,0,0,0,0,0,0,0,1,0,0,12,0,0,0,0,0,3.0269868333592873,0
27,10,0,8,0,1,0,0,2,1,1,0,0,0,0,0,0,1,0,3,0,0,3,0,0,0,0,0,0,0,0,0,1,0,0,0,0,0,0,0,1,0,0,9,0,0,0,0,0,3.3219280948873626,0
32,10,14,0,0,1,0,0,4,0,0,0,0,0,0,0,0,1,0,4,0,0,3,0,0,0,2,0,0,2,7,5,0,0,0,0,0,0,0,0,1,0,0,9,0,0,0,0,0,2.6464393446710157,0
18,10,0,0,0,1,0,0,2,0,0,0,0,0,0,0,0,1,0,4,0,0,3,0,0,0,0,0,0,0,0,0,0,0,0,0,0,0,0,0,1,0,0,9,0,0,0,0,0,2.6464393446710157,0
109,31,25,45,0,1,3,0,6,1,1,0,0,0,0,0,0,1,3,12,0,0,3,0,0,0,4,0,0,4,6,4,1,0,0,0,4,0,4,0,0,0,0,27,4,0,0,0,0,3.88904953591417,1
27,10,0,8,0,1,0,0,2,1,1,0,0,0,0,0,0,1,0,4,0,0,3,0,0,0,0,0,0,0,0,0,1,0,0,0,0,0,0,0,1,0,0,9,0,0,0,0,0,2.6464393446710157,0
27,10,0,8,0,1,0,0,2,1,1,0,0,0,0,0,0,1,0,3,0,0,3,0,0,0,0,0,0,0,0,0,1,0,0,0,0,0,0,0,1,0,0,9,0,0,0,0,0,3.3219280948873626,0
89,21,25,35,0,1,2,0,6,1,1,0,0,0,0,0,0,1,2,6,0,0,3,0,0,0,4,0,0,4,6,4,1,0,0,0,4,0,4,0,0,0,0,18,4,0,0,0,0,3.8208888513501886,1
104,31,25,40,0,1,3,0,6,1,1,0,0,0,0,0,0,1,3,12,0,0,3,0,0,0,4,0,0,4,6,4,1,0,0,0,4,0,4,0,0,0,0,27,4,0,0,0,0,3.88904953591417,1
35,13,14,0,0,1,0,0,4,0,0,0,0,0,0,0,0,1,0,6,0,0,3,0,0,0,2,0,0,2,7,5,0,0,0,0,0,0,0,0,1,0,0,12,0,0,0,0,0,3.334679141051595,0
80,21,25,26,0,1,2,0,6,1,1,0,0,0,0,0,0,1,2,6,0,0,3,0,0,0,4,0,0,4,6,4,1,0,0,0,4,0,4,0,0,0,0,18,4,0,0,0,0,3.8208888513501886,1
108,21,25,54,0,1,2,0,6,1,1,0,0,0,0,0,0,1,2,6,0,0,3,0,0,0,4,0,0,4,6,4,1,0,0,0,4,0,4,0,0,0,0,18,4,0,0,0,0,3.8208888513501886,1
40,9,14,8,0,1,0,0,4,1,1,0,0,0,0,0,0,1,0,3,0,0,3,0,0,0,2,0,0,2,7,5,1,0,0,0,0,0,0,0,1,0,0,8,0,0,0,0,0,2.9477027792200903,0
80,20,25,27,0,1,2,0,6,1,1,0,0,0,0,0,0,1,2,6,0,0,4,0,0,0,4,0,0,4,6,4,1,0,0,0,5,0,4,0,0,0,0,17,4,0,0,0,0,3.684183719779189,1
113,31,25,49,0,1,3,0,6,1,1,0,0,0,0,0,0,1,3,12,0,0,3,0,0,0,4,0,0,4,6,4,1,0,0,0,4,0,4,0,0,0,0,27,4,0,0,0,0,3.88904953591417,1
96,13,25,50,0,3,0,0,6,1,1,0,0,0,0,0,0,3,0,0,1,0,0,0,0,0,4,0,0,4,6,4,1,0,0,1,3,0,14,0,0,0,10,0,4,1,1,0,0,2.5654483718208256,1
99,31,25,35,0,1,3,0,6,1,1,0,0,0,0,0,0,1,3,12,0,0,3,0,0,0,4,0,0,4,6,4,1,0,0,0,4,0,4,0,0,0,0,27,4,0,0,0,0,3.88904953591417,1
118,31,25,54,0,1,3,0,6,1,1,0,0,0,0,0,0,1,3,12,0,0,3,0,0,0,4,0,0,4,6,4,1,0,0,0,4,0,4,0,0,0,0,27,4,0,0,0,0,3.88904953591417,1
95,13,25,49,0,3,0,0,6,1,1,0,0,0,0,0,0,3,0,0,1,0,0,0,0,0,4,0,0,4,6,4,1,0,0,1,3,0,14,0,0,0,10,0,4,1,1,0,0,2.5654483718208256,1
93,31,25,29,0,1,3,0,6,1,1,0,0,0,0,0,0,1,3,12,0,0,3,0,0,0,4,0,0,4,6,4,1,0,0,0,4,0,4,0,0,0,0,27,4,0,0,0,0,3.88904953591417,1
44,13,14,8,0,1,0,0,4,1,1,0,0,0,0,0,0,1,0,6,0,0,3,0,0,0,2,0,0,2,7,5,1,0,0,0,0,0,0,0,1,0,0,12,0,0,0,0,0,3.334679141051595,0
80,13,25,34,0,3,0,0,6,1,1,0,0,0,0,0,0,3,0,0,1,0,0,0,0,0,4,0,0,4,6,4,1,0,0,1,3,0,14,0,0,0,10,0,4,1,1,0,0,2.5654483718208256,1
79,21,25,25,0,1,2,0,6,1,1,0,0,0,0,0,0,1,2,6,0,0,3,0,0,0,4,0,0,4,6,4,1,0,0,0,4,0,4,0,0,0,0,18,4,0,0,0,0,3.8208888513501886,1
95,20,25,42,0,1,2,0,6,1,1,0,0,0,0,0,0,1,2,6,0,0,4,0,0,0,4,0,0,4,6,4,1,0,0,0,5,0,4,0,0,0,0,17,4,0,0,0,0,3.684183719779189,1
44,13,14,8,0,1,0,0,4,1,1,0,0,0,0,0,0,1,0,4,0,0,3,0,0,0,2,0,0,2,7,5,1,0,0,0,0,0,0,0,1,0,0,12,0,0,0,0,0,3.0269868333592873,0
105,31,25,41,0,1,3,0,6,1,1,0,0,0,0,0,0,1,3,12,0,0,3,0,0,0,4,0,0,4,6,4,1,0,0,0,4,0,4,0,0,0,0,27,4,0,0,0,0,3.88904953591417,1
35,13,14,0,0,1,0,0,4,0,0,0,0,0,0,0,0,1,0,6,0,0,3,0,0,0,2,0,0,2,7,5,0,0,0,0,0,0,0,0,1,0,0,12,0,0,0,0,0,3.334679141051595,0
27,10,0,8,0,1,0,0,2,1,1,0,0,0,0,0,0,1,0,4,0,0,3,0,0,0,0,0,0,0,0,0,1,0,0,0,0,0,0,0,1,0,0,9,0,0,0,0,0,2.6464393446710157,0
35,13,14,0,0,1,0,0,4,0,0,0,0,0,0,0,0,1,0,4,0,0,3,0,0,0,2,0,0,2,7,5,0,0,0,0,0,0,0,0,1,0,0,12,0,0,0,0,0,3.0269868333592873,0
115,31,25,51,0,1,3,0,6,1,1,0,0,0,0,0,0,1,3,12,0,0,3,0,0,0,4,0,0,4,6,4,1,0,0,0,4,0,4,0,0,0,0,27,4,0,0,0,0,3.88904953591417,1
18,10,0,0,0,1,0,0,2,0,0,0,0,0,0,0,0,1,0,4,0,0,3,0,0,0,0,0,0,0,0,0,0,0,0,0,0,0,0,0,1,0,0,9,0,0,0,0,0,2.6464393446710157,0
35,13,14,0,0,1,0,0,4,0,0,0,0,0,0,0,0,1,0,4,0,0,3,0,0,0,2,0,0,2,7,5,0,0,0,0,0,0,0,0,1,0,0,12,0,0,0,0,0,3.0269868333592873,0
44,13,14,8,0,1,0,0,4,1,1,0,0,0,0,0,0,1,0,6,0,0,3,0,0,0,2,0,0,2,7,5,1,0,0,0,0,0,0,0,1,0,0,12,0,0,0,0,0,3.334679141051595,0
100,13,25,54,0,3,0,0,6,1,1,0,0,0,0,0,0,3,0,0,1,0,0,0,0,0,4,0,0,4,6,4,1,0,0,1,3,0,14,0,0,0,10,0,4,1,1,0,0,2.5654483718208256,1
30,13,0,8,0,1,0,0,2,1,1,0,0,0,0,0,0,1,0,6,0,0,3,0,0,0,0,0,0,0,0,0,1,0,0,0,0,0,0,0,1,0,0,12,0,0,0,0,0,3.334679141051595,0
44,13,14,8,0,1,0,0,4,1,1,0,0,0,0,0,0,1,0,4,0,0,3,0,0,0,2,0,0,2,7,5,1,0,0,0,0,0,0,0,1,0,0,12,0,0,0,0,0,3.0269868333592873,0
117,31,25,53,0,1,3,0,6,1,1,0,0,0,0,0,0,1,3,12,0,0,3,0,0,0,4,0,0,4,6,4,1,0,0,0,4,0,4,0,0,0,0,27,4,0,0,0,0,3.88904953591417,1
76,20,25,23,0,1,2,0,6,1,1,0,0,0,0,0,0,1,2,6,0,0,4,0,0,0,4,0,0,4,6,4,1,0,0,0,5,0,4,0,0,0,0,17,4,0,0,0,0,3.684183719779189,1
95,31,25,31,0,1,3,0,6,1,1,0,0,0,0,0,0,1,3,12,0,0,3,0,0,0,4,0,0,4,6,4,1,0,0,0,4,0,4,0,0,0,0,27,4,0,0,0,0,3.88904953591417,1
84,20,25,31,0,1,2,0,6,1,1,0,0,0,0,0,0,1,2,6,0,0,4,0,0,0,4,0,0,4,6,4,1,0,0,0,5,0,4,0,0,0,0,17,4,0,0,0,0,3.684183719779189,1
26,9,0,8,0,1,0,0,2,1,1,0,0,0,0,0,0,1,0,3,0,0,3,0,0,0,0,0,0,0,0,0,1,0,0,0,0,0,0,0,1,0,0,8,0,0,0,0,0,2.9477027792200903,0
88,31,25,24,0,1,3,0,6,1,1,0,0,0,0,0,0,1,3,12,0,0,3,0,0,0,4,0,0,4,6,4,1,0,0,0,4,0,4,0,0,0,0,27,4,0,0,0,0,3.88904953591417,1
26,9,0,8,0,1,0,0,2,1,1,0,0,0,0,0,0,1,0,3,0,0,3,0,0,0,0,0,0,0,0,0,1,0,0,0,0,0,0,0,1,0,0,8,0,0,0,0,0,2.9477027792200903,0
86,20,25,33,0,1,2,0,6,1,1,0,0,0,0,0,0,1,2,6,0,0,4,0,0,0,4,0,0,4,6,4,1,0,0,0,5,0,4,0,0,0,0,17,4,0,0,0,0,3.684183719779189,1
76,13,25,30,0,3,0,0,6,1,1,0,0,0,0,0,0,3,0,0,1,0,0,0,0,0,4,0,0,4,6,4,1,0,0,1,3,0,14,0,0,0,10,0,4,1,1,0,0,2.5654483718208256,1
79,13,25,33,0,3,0,0,6,1,1,0,0,0,0,0,0,3,0,0,1,0,0,0,0,0,4,0,0,4,6,4,1,0,0,1,3,0,14,0,0,0,10,0,4,1,1,0,0,2.5654483718208256,1
40,9,14,8,0,1,0,0,4,1,1,0,0,0,0,0,0,1,0,3,0,0,3,0,0,0,2,0,0,2,7,5,1,0,0,0,0,0,0,0,1,0,0,8,0,0,0,0,0,2.9477027792200903,0
96,13,25,50,0,3,0,0,6,1,1,0,0,0,0,0,0,3,0,0,1,0,0,0,0,0,4,0,0,4,6,4,1,0,0,1,3,0,14,0,0,0,10,0,4,1,1,0,0,2.5654483718208256,1
95,21,25,41,0,1,2,0,6,1,1,0,0,0,0,0,0,1,2,6,0,0,3,0,0,0,4,0,0,4,6,4,1,0,0,0,4,0,4,0,0,0,0,18,4,0,0,0,0,3.8208888513501886,1
35,13,14,0,0,1,0,0,4,0,0,0,0,0,0,0,0,1,0,4,0,0,3,0,0,0,2,0,0,2,7,5,0,0,0,0,0,0,0,0,1,0,0,12,0,0,0,0,0,3.0269868333592873,0
26,9,0,8,0,1,0,0,2,1,1,0,0,0,0,0,0,1,0,3,0,0,3,0,0,0,0,0,0,0,0,0,1,0,0,0,0,0,0,0,1,0,0,8,0,0,0,0,0,2.9477027792200903,0
40,9,14,8,0,1,0,0,4,1,1,0,0,0,0,0,0,1,0,3,0,0,3,0,0,0,2,0,0,2,7,5,1,0,0,0,0,0,0,0,1,0,0,8,0,0,0,0,0,2.9477027792200903,0
64,13,25,18,0,3,0,0,6,1,1,0,0,0,0,0,0,3,0,0,1,0,0,0,0,0,4,0,0,4,6,4,1,0,0,1,3,0,14,0,0,0,10,0,4,1,1,0,0,2.5654483718208256,1
21,13,0,0,0,1,0,0,2,0,0,0,0,0,0,0,0,1,0,6,0,0,3,0,0,0,0,0,0,0,0,0,0,0,0,0,0,0,0,0,1,0,0,12,0,0,0,0,0,3.334679141051595,0
32,10,14,0,0,1,0,0,4,0,0,0,0,0,0,0,0,1,0,4,0,0,3,0,0,0,2,0,0,2,7,5,0,0,0,0,0,0,0,0,1,0,0,9,0,0,0,0,0,2.6464393446710157,0
26,9,0,8,0,1,0,0,2,1,1,0,0,0,0,0,0,1,0,3,0,0,3,0,0,0,0,0,0,0,0,0,1,0,0,0,0,0,0,0,1,0,0,8,0,0,0,0,0,2.9477027792200903,0
41,10,14,8,0,1,0,0,4,1,1,0,0,0,0,0,0,1,0,3,0,0,3,0,0,0,2,0,0,2,7,5,1,0,0,0,0,0,0,0,1,0,0,9,0,0,0,0,0,3.3219280948873626,0
21,13,0,0,0,1,0,0,2,0,0,0,0,0,0,0,0,1,0,4,0,0,3,0,0,0,0,0,0,0,0,0,0,0,0,0,0,0,0,0,1,0,0,12,0,0,0,0,0,3.0269868333592873,0
85,13,25,39,0,3,0,0,6,1,1,0,0,0,0,0,0,3,0,0,1,0,0,0,0,0,4,0,0,4,6,4,1,0,0,1,3,0,14,0,0,0,10,0,4,1,1,0,0,2.5654483718208256,1
96,31,25,32,0,1,3,0,6,1,1,0,0,0,0,0,0,1,3,12,0,0,3,0,0,0,4,0,0,4,6,4,1,0,0,0,4,0,4,0,0,0,0,27,4,0,0,0,0,3.88904953591417,1
87,21,25,33,0,1,2,0,6,1,1,0,0,0,0,0,0,1,2,6,0,0,3,0,0,0,4,0,0,4,6,4,1,0,0,0,4,0,4,0,0,0,0,18,4,0,0,0,0,3.8208888513501886,1
32,10,14,0,0,1,0,0,4,0,0,0,0,0,0,0,0,1,0,3,0,0,3,0,0,0,2,0,0,2,7,5,0,0,0,0,0,0,0,0,1,0,0,9,0,0,0,0,0,3.3219280948873626,0
26,9,0,8,0,1,0,0,2,1,1,0,0,0,0,0,0,1,0,3,0,0,3,0,0,0,0,0,0,0,0,0,1,0,0,0,0,0,0,0,1,0,0,8,0,0,0,0,0,2.9477027792200903,0
27,10,0,8,0,1,0,0,2,1,1,0,0,0,0,0,0,1,0,3,0,0,3,0,0,0,0,0,0,0,0,0,1,0,0,0,0,0,0,0,1,0,0,9,0,0,0,0,0,3.3219280948873626,0
35,13,14,0,0,1,0,0,4,0,0,0,0,0,0,0,0,1,0,6,0,0,3,0,0,0,2,0,0,2,7,5,0,0,0,0,0,0,0,0,1,0,0,12,0,0,0,0,0,3.334679141051595,0
106,20,25,53,0,1,2,0,6,1,1,0,0,0,0,0,0,1,2,6,0,0,4,0,0,0,4,0,0,4,6,4,1,0,0,0,5,0,4,0,0,0,0,17,4,0,0,0,0,3.684183719779189,1
90,20,25,37,0,1,2,0,6,1,1,0,0,0,0,0,0,1,2,6,0,0,4,0,0,0,4,0,0,4,6,4,1,0,0,0,5,0,4,0,0,0,0,17,4,0,0,0,0,3.684183719779189,1
102,20,25,49,0,1,2,0,6,1,1,0,0,0,0,0,0,1,2,6,0,0,4,0,0,0,4,0,0,4,6,4,1,0,0,0,5,0,4,0,0,0,0,17,4,0,0,0,0,3.684183719779189,1
41,10,14,8,0,1,0,0,4,1,1,0,0,0,0,0,0,1,0,3,0,0,3,0,0,0,2,0,0,2,7,5,1,0,0,0,0,0,0,0,1,0,0,9,0,0,0,0,0,3.3219280948873626,0
106,21,25,52,0,1,2,0,6,1,1,0,0,0,0,0,0,1,2,6,0,0,3,0,0,0,4,0,0,4,6,4,1,0,0,0,4,0,4,0,0,0,0,18,4,0,0,0,0,3.8208888513501886,1
120,31,25,56,0,1,3,0,6,1,1,0,0,0,0,0,0,1,3,12,0,0,3,0,0,0,4,0,0,4,6,4,1,0,0,0,4,0,4,0,0,0,0,27,4,0,0,0,0,3.88904953591417,1
44,13,14,8,0,1,0,0,4,1,1,0,0,0,0,0,0,1,0,4,0,0,3,0,0,0,2,0,0,2,7,5,1,0,0,0,0,0,0,0,1,0,0,12,0,0,0,0,0,3.0269868333592873,0
92,20,25,39,0,1,2,0,6,1,1,0,0,0,0,0,0,1,2,6,0,0,4,0,0,0,4,0,0,4,6,4,1,0,0,0,5,0,4,0,0,0,0,17,4,0,0,0,0,3.684183719779189,1
110,21,25,56,0,1,2,0,6,1,1,0,0,0,0,0,0,1,2,6,0,0,3,0,0,0,4,0,0,4,6,4,1,0,0,0,4,0,4,0,0,0,0,18,4,0,0,0,0,3.8208888513501886,1
76,21,25,22,0,1,2,0,6,1,1,0,0,0,0,0,0,1,2,6,0,0,3,0,0,0,4,0,0,4,6,4,1,0,0,0,4,0,4,0,0,0,0,18,4,0,0,0,0,3.8208888513501886,1
90,20,25,37,0,1,2,0,6,1,1,0,0,0,0,0,0,1,2,6,0,0,4,0,0,0,4,0,0,4,6,4,1,0,0,0,5,0,4,0,0,0,0,17,4,0,0,0,0,3.684183719779189,1
72,20,25,19,0,1,2,0,6,1,1,0,0,0,0,0,0,1,2,6,0,0,4,0,0,0,4,0,0,4,6,4,1,0,0,0,5,0,4,0,0,0,0,17,4,0,0,0,0,3.684183719779189,1
70,13,25,24,0,3,0,0,6,1,1,0,0,0,0,0,0,3,0,0,1,0,0,0,0,0,4,0,0,4,6,4,1,0,0,1,3,0,14,0,0,0,10,0,4,1,1,0,0,2.5654483718208256,1
18,10,0,0,0,1,0,0,2,0,0,0,0,0,0,0,0,1,0,3,0,0,3,0,0,0,0,0,0,0,0,0,0,0,0,0,0,0,0,0,1,0,0,9,0,0,0,0,0,3.3219280948873626,0
26,9,0,8,0,1,0,0,2,1,1,0,0,0,0,0,0,1,0,3,0,0,3,0,0,0,0,0,0,0,0,0,1,0,0,0,0,0,0,0,1,0,0,8,0,0,0,0,0,2.9477027792200903,0
41,10,14,8,0,1,0,0,4,1,1,0,0,0,0,0,0,1,0,4,0,0,3,0,0,0,2,0,0,2,7,5,1,0,0,0,0,0,0,0,1,0,0,9,0,0,0,0,0,2.6464393446710157,0
21,13,0,0,0,1,0,0,2,0,0,0,0,0,0,0,0,1,0,4,0,0,3,0,0,0,0,0,0,0,0,0,0,0,0,0,0,0,0,0,1,0,0,12,0,0,0,0,0,3.0269868333592873,0
30,13,0,8,0,1,0,0,2,1,1,0,0,0,0,0,0,1,0,6,0,0,3,0,0,0,0,0,0,0,0,0,1,0,0,0,0,0,0,0,1,0,0,12,0,0,0,0,0,3.334679141051595,0
17,9,0,0,0,1,0,0,2,0,0,0,0,0,0,0,0,1,0,3,0,0,3,0,0,0,0,0,0,0,0,0,0,0,0,0,0,0,0,0,1,0,0,8,0,0,0,0,0,2.9477027792200903,0
98,13,25,52,0,3,0,0,6,1,1,0,0,0,0,0,0,3,0,0,1,0,0,0,0,0,4,0,0,4,6,4,1,0,0,1,3,0,14,0,0,0,10,0,4,1,1,0,0,2.5654483718208256,1
73,13,25,27,0,3,0,0,6,1,1,0,0,0,0,0,0,3,0,0,1,0,0,0,0,0,4,0,0,4,6,4,1,0,0,1,3,0,14,0,0,0,10,0,4,1,1,0,0,2.5654483718208256,1
30,13,0,8,0,1,0,0,2,1,1,0,0,0,0,0,0,1,0,6,0,0,3,0,0,0,0,0,0,0,0,0,1,0,0,0,0,0,0,0,1,0,0,12,0,0,0,0,0,3.334679141051595,0
72,20,25,19,0,1,2,0,6,1,1,0,0,0,0,0,0,1,2,6,0,0,4,0,0,0,4,0,0,4,6,4,1,0,0,0,5,0,4,0,0,0,0,17,4,0,0,0,0,3.684183719779189,1
30,13,0,8,0,1,0,0,2,1,1,0,0,0,0,0,0,1,0,6,0,0,3,0,0,0,0,0,0,0,0,0,1,0,0,0,0,0,0,0,1,0,0,12,0,0,0,0,0,3.334679141051595,0
32,10,14,0,0,1,0,0,4,0,0,0,0,0,0,0,0,1,0,3,0,0,3,0,0,0,2,0,0,2,7,5,0,0,0,0,0,0,0,0,1,0,0,9,0,0,0,0,0,3.3219280948873626,0
69,13,25,23,0,3,0,0,6,1,1,0,0,0,0,0,0,3,0,0,1,0,0,0,0,0,4,0,0,4,6,4,1,0,0,1,3,0,14,0,0,0,10,0,4,1,1,0,0,2.5654483718208256,1
40,9,14,8,0,1,0,0,4,1,1,0,0,0,0,0,0,1,0,3,0,0,3,0,0,0,2,0,0,2,7,5,1,0,0,0,0,0,0,0,1,0,0,8,0,0,0,0,0,2.9477027792200903,0
93,21,25,39,0,1,2,0,6,1,1,0,0,0,0,0,0,1,2,6,0,0,3,0,0,0,4,0,0,4,6,4,1,0,0,0,4,0,4,0,0,0,0,18,4,0,0,0,0,3.8208888513501886,1
92,31,25,28,0,1,3,0,6,1,1,0,0,0,0,0,0,1,3,12,0,0,3,0,0,0,4,0,0,4,6,4,1,0,0,0,4,0,4,0,0,0,0,27,4,0,0,0,0,3.88904953591417,1
32,10,14,0,0,1,0,0,4,0,0,0,0,0,0,0,0,1,0,4,0,0,3,0,0,0,2,0,0,2,7,5,0,0,0,0,0,0,0,0,1,0,0,9,0,0,0,0,0,2.6464393446710157,0
89,20,25,36,0,1,2,0,6,1,1,0,0,0,0,0,0,1,2,6,0,0,4,0,0,0,4,0,0,4,6,4,1,0,0,0,5,0,4,0,0,0,0,17,4,0,0,0,0,3.684183719779189,1
91,21,25,37,0,1,2,0,6,1,1,0,0,0,0,0,0,1,2,6,0,0,3,0,0,0,4,0,0,4,6,4,1,0,0,0,4,0,4,0,0,0,0,18,4,0,0,0,0,3.8208888513501886,1
101,20,25,48,0,1,2,0,6,1,1,0,0,0,0,0,0,1,2,6,0,0,4,0,0,0,4,0,0,4,6,4,1,0,0,0,5,0,4,0,0,0,0,17,4,0,0,0,0,3.684183719779189,1
96,31,25,32,0,1,3,0,6,1,1,0,0,0,0,0,0,1,3,12,0,0,3,0,0,0,4,0,0,4,6,4,1,0,0,0,4,0,4,0,0,0,0,27,4,0,0,0,0,3.88904953591417,1
18,10,0,0,0,1,0,0,2,0,0,0,0,0,0,0,0,1,0,4,0,0,3,0,0,0,0,0,0,0,0,0,0,0,0,0,0,0,0,0,1,0,0,9,0,0,0,0,0,2.6464393446710157,0
32,10,14,0,0,1,0,0,4,0,0,0,0,0,0,0,0,1,0,3,0,0,3,0,0,0,2,0,0,2,7,5,0,0,0,0,0,0,0,0,1,0,0,9,0,0,0,0,0,3.3219280948873626,0
18,10,0,0,0,1,0,0,2,0,0,0,0,0,0,0,0,1,0,3,0,0,3,0,0,0,0,0,0,0,0,0,0,0,0,0,0,0,0,0,1,0,0,9,0,0,0,0,0,3.3219280948873626,0
41,10,14,8,0,1,0,0,4,1,1,0,0,0,0,0,0,1,0,3,0,0,3,0,0,0,2,0,0,2,7,5,1,0,0,0,0,0,0,0,1,0,0,9,0,0,0,0,0,3.3219280948873626,0
98,31,25,34,0,1,3,0,6,1,1,0,0,0,0,0,0,1,3,12,0,0,3,0,0,0,4,0,0,4,6,4,1,0,0,0,4,0,4,0,0,0,0,27,4,0,0,0,0,3.88904953591417,1
94,31,25,30,0,1,3,0,6,1,1,0,0,0,0,0,0,1,3,12,0,0,3,0,0,0,4,0,0,4,6,4,1,0,0,0,4,0,4,0,0,0,0,27,4,0,0,0,0,3.88904953591417,1
98,13,25,52,0,3,0,0,6,1,1,0,0,0,0,0,0,3,0,0,1,0,0,0,0,0,4,0,0,4,6,4,1,0,0,1,3,0,14,0,0,0,10,0,4,1,1,0,0,2.5654483718208256,1
75,13,25,29,0,3,0,0,6,1,1,0,0,0,0,0,0,3,0,0,1,0,0,0,0,0,4,0,0,4,6,4,1,0,0,1,3,0,14,0,0,0,10,0,4,1,1,0,0,2.5654483718208256,1
109,31,25,45,0,1,3,0,6,1,1,0,0,0,0,0,0,1,3,12,0,0,3,0,0,0,4,0,0,4,6,4,1,0,0,0,4,0,4,0,0,0,0,27,4,0,0,0,0,3.88904953591417,1
109,31,25,45,0,1,3,0,6,1,1,0,0,0,0,0,0,1,3,12,0,0,3,0,0,0,4,0,0,4,6,4,1,0,0,0,4,0,4,0,0,0,0,27,4,0,0,0,0,3.88904953591417,1
32,10,14,0,0,1,0,0,4,0,0,0,0,0,0,0,0,1,0,3,0,0,3,0,0,0,2,0,0,2,7,5,0,0,0,0,0,0,0,0,1,0,0,9,0,0,0,0,0,3.3219280948873626,0
44,13,14,8,0,1,0,0,4,1,1,0,0,0,0,0,0,1,0,4,0,0,3,0,0,0,2,0,0,2,7,5,1,0,0,0,0,0,0,0,1,0,0,12,0,0,0,0,0,3.0269868333592873,0
94,20,25,41,0,1,2,0,6,1,1,0,0,0,0,0,0,1,2,6,0,0,4,0,0,0,4,0,0,4,6,4,1,0,0,0,5,0,4,0,0,0,0,17,4,0,0,0,0,3.684183719779189,1
44,13,14,8,0,1,0,0,4,1,1,0,0,0,0,0,0,1,0,6,0,0,3,0,0,0,2,0,0,2,7,5,1,0,0,0,0,0,0,0,1,0,0,12,0,0,0,0,0,3.334679141051595,0
32,10,14,0,0,1,0,0,4,0,0,0,0,0,0,0,0,1,0,3,0,0,3,0,0,0,2,0,0,2,7,5,0,0,0,0,0,0,0,0,1,0,0,9,0,0,0,0,0,3.3219280948873626,0
90,31,25,26,0,1,3,0,6,1,1,0,0,0,0,0,0,1,3,12,0,0,3,0,0,0,4,0,0,4,6,4,1,0,0,0,4,0,4,0,0,0,0,27,4,0,0,0,0,3.88904953591417,1
95,20,25,42,0,1,2,0,6,1,1,0,0,0,0,0,0,1,2,6,0,0,4,0,0,0,4,0,0,4,6,4,1,0,0,0,5,0,4,0,0,0,0,17,4,0,0,0,0,3.684183719779189,1
26,9,0,8,0,1,0,0,2,1,1,0,0,0,0,0,0,1,0,3,0,0,3,0,0,0,0,0,0,0,0,0,1,0,0,0,0,0,0,0,1,0,0,8,0,0,0,0,0,2.9477027792200903,0
109,20,25,56,0,1,2,0,6,1,1,0,0,0,0,0,0,1,2,6,0,0,4,0,0,0,4,0,0,4,6,4,1,0,0,0,5,0,4,0,0,0,0,17,4,0,0,0,0,3.684183719779189,1
118,31,25,54,0,1,3,0,6,1,1,0,0,0,0,0,0,1,3,12,0,0,3,0,0,0,4,0,0,4,6,4,1,0,0,0,4,0,4,0,0,0,0,27,4,0,0,0,0,3.88904953591417,1
32,10,14,0,0,1,0,0,4,0,0,0,0,0,0,0,0,1,0,3,0,0,3,0,0,0,2,0,0,2,7,5,0,0,0,0,0,0,0,0,1,0,0,9,0,0,0,0,0,3.3219280948873626,0
17,9,0,0,0,1,0,0,2,0,0,0,0,0,0,0,0,1,0,3,0,0,3,0,0,0,0,0,0,0,0,0,0,0,0,0,0,0,0,0,1,0,0,8,0,0,0,0,0,2.9477027792200903,0
21,13,0,0,0,1,0,0,2,0,0,0,0,0,0,0,0,1,0,4,0,0,3,0,0,0,0,0,0,0,0,0,0,0,0,0,0,0,0,0,1,0,0,12,0,0,0,0,0,3.0269868333592873,0
32,10,14,0,0,1,0,0,4,0,0,0,0,0,0,0,0,1,0,3,0,0,3,0,0,0,2,0,0,2,7,5,0,0,0,0,0,0,0,0,1,0,0,9,0,0,0,0,0,3.3219280948873626,0
31,9,14,0,0,1,0,0,4,0,0,0,0,0,0,0,0,1,0,3,0,0,3,0,0,0,2,0,0,2,7,5,0,0,0,0,0,0,0,0,1,0,0,8,0,0,0,0,0,2.9477027792200903,0
71,21,25,17,0,1,2,0,6,1,1,0,0,0,0,0,0,1,2,6,0,0,3,0,0,0,4,0,0,4,6,4,1,0,0,0,4,0,4,0,0,0,0,18,4,0,0,0,0,3.8208888513501886,1
102,21,25,48,0,1,2,0,6,1,1,0,0,0,0,0,0,1,2,6,0,0,3,0,0,0,4,0,0,4,6,4,1,0,0,0,4,0,4,0,0,0,0,18,4,0,0,0,0,3.8208888513501886,1
27,10,0,8,0,1,0,0,2,1,1,0,0,0,0,0,0,1,0,4,0,0,3,0,0,0,0,0,0,0,0,0,1,0,0,0,0,0,0,0,1,0,0,9,0,0,0,0,0,2.6464393446710157,0
91,20,25,38,0,1,2,0,6,1,1,0,0,0,0,0,0,1,2,6,0,0,4,0,0,0,4,0,0,4,6,4,1,0,0,0,5,0,4,0,0,0,0,17,4,0,0,0,0,3.684183719779189,1
85,31,25,21,0,1,3,0,6,1,1,0,0,0,0,0,0,1,3,12,0,0,3,0,0,0,4,0,0,4,6,4,1,0,0,0,4,0,4,0,0,0,0,27,4,0,0,0,0,3.88904953591417,1
27,10,0,8,0,1,0,0,2,1,1,0,0,0,0,0,0,1,0,4,0,0,3,0,0,0,0,0,0,0,0,0,1,0,0,0,0,0,0,0,1,0,0,9,0,0,0,0,0,2.6464393446710157,0
118,31,25,54,0,1,3,0,6,1,1,0,0,0,0,0,0,1,3,12,0,0,3,0,0,0,4,0,0,4,6,4,1,0,0,0,4,0,4,0,0,0,0,27,4,0,0,0,0,3.88904953591417,1
102,31,25,38,0,1,3,0,6,1,1,0,0,0,0,0,0,1,3,12,0,0,3,0,0,0,4,0,0,4,6,4,1,0,0,0,4,0,4,0,0,0,0,27,4,0,0,0,0,3.88904953591417,1
106,31,25,42,0,1,3,0,6,1,1,0,0,0,0,0,0,1,3,12,0,0,3,0,0,0,4,0,0,4,6,4,1,0,0,0,4,0,4,0,0,0,0,27,4,0,0,0,0,3.88904953591417,1
94,21,25,40,0,1,2,0,6,1,1,0,0,0,0,0,0,1,2,6,0,0,3,0,0,0,4,0,0,4,6,4,1,0,0,0,4,0,4,0,0,0,0,18,4,0,0,0,0,3.8208888513501886,1
86,31,25,22,0,1,3,0,6,1,1,0,0,0,0,0,0,1,3,12,0,0,3,0,0,0,4,0,0,4,6,4,1,0,0,0,4,0,4,0,0,0,0,27,4,0,0,0,0,3.88904953591417,1
40,9,14,8,0,1,0,0,4,1,1,0,0,0,0,0,0,1,0,3,0,0,3,0,0,0,2,0,0,2,7,5,1,0,0,0,0,0,0,0,1,0,0,8,0,0,0,0,0,2.9477027792200903,0
18,10,0,0,0,1,0,0,2,0,0,0,0,0,0,0,0,1,0,3,0,0,3,0,0,0,0,0,0,0,0,0,0,0,0,0,0,0,0,0,1,0,0,9,0,0,0,0,0,3.3219280948873626,0
120,31,25,56,0,1,3,0,6,1,1,0,0,0,0,0,0,1,3,12,0,0,3,0,0,0,4,0,0,4,6,4,1,0,0,0,4,0,4,0,0,0,0,27,4,0,0,0,0,3.88904953591417,1
44,13,14,8,0,1,0,0,4,1,1,0,0,0,0,0,0,1,0,4,0,0,3,0,0,0,2,0,0,2,7,5,1,0,0,0,0,0,0,0,1,0,0,12,0,0,0,0,0,3.0269868333592873,0
97,13,25,51,0,3,0,0,6,1,1,0,0,0,0,0,0,3,0,0,1,0,0,0,0,0,4,0,0,4,6,4,1,0,0,1,3,0,14,0,0,0,10,0,4,1,1,0,0,2.5654483718208256,1
85,21,25,31,0,1,2,0,6,1,1,0,0,0,0,0,0,1,2,6,0,0,3,0,0,0,4,0,0,4,6,4,1,0,0,0,4,0,4,0,0,0,0,18,4,0,0,0,0,3.8208888513501886,1
105,21,25,51,0,1,2,0,6,1,1,0,0,0,0,0,0,1,2,6,0,0,3,0,0,0,4,0,0,4,6,4,1,0,0,0,4,0,4,0,0,0,0,18,4,0,0,0,0,3.8208888513501886,1
32,10,14,0,0,1,0,0,4,0,0,0,0,0,0,0,0,1,0,3,0,0,3,0,0,0,2,0,0,2,7,5,0,0,0,0,0,0,0,0,1,0,0,9,0,0,0,0,0,3.3219280948873626,0
40,9,14,8,0,1,0,0,4,1,1,0,0,0,0,0,0,1,0,3,0,0,3,0,0,0,2,0,0,2,7,5,1,0,0,0,0,0,0,0,1,0,0,8,0,0,0,0,0,2.9477027792200903,0
99,31,25,35,0,1,3,0,6,1,1,0,0,0,0,0,0,1,3,12,0,0,3,0,0,0,4,0,0,4,6,4,1,0,0,0,4,0,4,0,0,0,0,27,4,0,0,0,0,3.88904953591417,1
26,9,0,8,0,1,0,0,2,1,1,0,0,0,0,0,0,1,0,3,0,0,3,0,0,0,0,0,0,0,0,0,1,0,0,0,0,0,0,0,1,0,0,8,0,0,0,0,0,2.9477027792200903,0
89,21,25,35,0,1,2,0,6,1,1,0,0,0,0,0,0,1,2,6,0,0,3,0,0,0,4,0,0,4,6,4,1,0,0,0,4,0,4,0,0,0,0,18,4,0,0,0,0,3.8208888513501886,1
94,20,25,41,0,1,2,0,6,1,1,0,0,0,0,0,0,1,2,6,0,0,4,0,0,0,4,0,0,4,6,4,1,0,0,0,5,0,4,0,0,0,0,17,4,0,0,0,0,3.684183719779189,1
21,13,0,0,0,1,0,0,2,0,0,0,0,0,0,0,0,1,0,6,0,0,3,0,0,0,0,0,0,0,0,0,0,0,0,0,0,0,0,0,1,0,0,12,0,0,0,0,0,3.334679141051595,0
18,10,0,0,0,1,0,0,2,0,0,0,0,0,0,0,0,1,0,3,0,0,3,0,0,0,0,0,0,0,0,0,0,0,0,0,0,0,0,0,1,0,0,9,0,0,0,0,0,3.3219280948873626,0
31,9,14,0,0,1,0,0,4,0,0,0,0,0,0,0,0,1,0,3,0,0,3,0,0,0,2,0,0,2,7,5,0,0,0,0,0,0,0,0,1,0,0,8,0,0,0,0,0,2.9477027792200903,0
98,21,25,44,0,1,2,0,6,1,1,0,0,0,0,0,0,1,2,6,0,0,3,0,0,0,4,0,0,4,6,4,1,0,0,0,4,0,4,0,0,0,0,18,4,0,0,0,0,3.8208888513501886,1
62,13,25,16,0,3,0,0,6,1,1,0,0,0,0,0,0,3,0,0,1,0,0,0,0,0,4,0,0,4,6,4,1,0,0,1,3,0,14,0,0,0,10,0,4,1,1,0,0,2.5654483718208256,1
41,10,14,8,0,1,0,0,4,1,1,0,0,0,0,0,0,1,0,4,0,0,3,0,0,0,2,0,0,2,7,5,1,0,0,0,0,0,0,0,1,0,0,9,0,0,0,0,0,2.6464393446710157,0
30,13,0,8,0,1,0,0,2,1,1,0,0,0,0,0,0,1,0,4,0,0,3,0,0,0,0,0,0,0,0,0,1,0,0,0,0,0,0,0,1,0,0,12,0,0,0,0,0,3.0269868333592873,0
101,21,25,47,0,1,2,0,6,1,1,0,0,0,0,0,0,1,2,6,0,0,3,0,0,0,4,0,0,4,6,4,1,0,0,0,4,0,4,0,0,0,0,18,4,0,0,0,0,3.8208888513501886,1
18,10,0,0,0,1,0,0,2,0,0,0,0,0,0,0,0,1,0,4,0,0,3,0,0,0,0,0,0,0,0,0,0,0,0,0,0,0,0,0,1,0,0,9,0,0,0,0,0,2.6464393446710157,0
35,13,14,0,0,1,0,0,4,0,0,0,0,0,0,0,0,1,0,4,0,0,3,0,0,0,2,0,0,2,7,5,0,0,0,0,0,0,0,0,1,0,0,12,0,0,0,0,0,3.0269868333592873,0
105,20,25,52,0,1,2,0,6,1,1,0,0,0,0,0,0,1,2,6,0,0,4,0,0,0,4,0,0,4,6,4,1,0,0,0,5,0,4,0,0,0,0,17,4,0,0,0,0,3.684183719779189,1
67,13,25,21,0,3,0,0,6,1,1,0,0,0,0,0,0,3,0,0,1,0,0,0,0,0,4,0,0,4,6,4,1,0,0,1,3,0,14,0,0,0,10,0,4,1,1,0,0,2.5654483718208256,1
32,10,14,0,0,1,0,0,4,0,0,0,0,0,0,0,0,1,0,3,0,0,3,0,0,0,2,0,0,2,7,5,0,0,0,0,0,0,0,0,1,0,0,9,0,0,0,0,0,3.3219280948873626,0
91,31,25,27,0,1,3,0,6,1,1,0,0,0,0,0,0,1,3,12,0,0,3,0,0,0,4,0,0,4,6,4,1,0,0,0,4,0,4,0,0,0,0,27,4,0,0,0,0,3.88904953591417,1
31,9,14,0,0,1,0,0,4,0,0,0,0,0,0,0,0,1,0,3,0,0,3,0,0,0,2,0,0,2,7,5,0,0,0,0,0,0,0,0,1,0,0,8,0,0,0,0,0,2.9477027792200903,0
27,10,0,8,0,1,0,0,2,1,1,0,0,0,0,0,0,1,0,4,0,0,3,0,0,0,0,0,0,0,0,0,1,0,0,0,0,0,0,0,1,0,0,9,0,0,0,0,0,2.6464393446710157,0
32,10,14,0,0,1,0,0,4,0,0,0,0,0,0,0,0,1,0,3,0,0,3,0,0,0,2,0,0,2,7,5,0,0,0,0,0,0,0,0,1,0,0,9,0,0,0,0,0,3.3219280948873626,0
35,13,14,0,0,1,0,0,4,0,0,0,0,0,0,0,0,1,0,6,0,0,3,0,0,0,2,0,0,2,7,5,0,0,0,0,0,0,0,0,1,0,0,12,0,0,0,0,0,3.334679141051595,0
32,10,14,0,0,1,0,0,4,0,0,0,0,0,0,0,0,1,0,4,0,0,3,0,0,0,2,0,0,2,7,5,0,0,0,0,0,0,0,0,1,0,0,9,0,0,0,0,0,2.6464393446710157,0
74,20,25,21,0,1,2,0,6,1,1,0,0,0,0,0,0,1,2,6,0,0,4,0,0,0,4,0,0,4,6,4,1,0,0,0,5,0,4,0,0,0,0,17,4,0,0,0,0,3.684183719779189,1
30,13,0,8,0,1,0,0,2,1,1,0,0,0,0,0,0,1,0,4,0,0,3,0,0,0,0,0,0,0,0,0,1,0,0,0,0,0,0,0,1,0,0,12,0,0,0,0,0,3.0269868333592873,0
31,9,14,0,0,1,0,0,4,0,0,0,0,0,0,0,0,1,0,3,0,0,3,0,0,0,2,0,0,2,7,5,0,0,0,0,0,0,0,0,1,0,0,8,0,0,0,0,0,2.9477027792200903,0
41,10,14,8,0,1,0,0,4,1,1,0,0,0,0,0,0,1,0,3,0,0,3,0,0,0,2,0,0,2,7,5,1,0,0,0,0,0,0,0,1,0,0,9,0,0,0,0,0,3.3219280948873626,0
21,13,0,0,0,1,0,0,2,0,0,0,0,0,0,0,0,1,0,6,0,0,3,0,0,0,0,0,0,0,0,0,0,0,0,0,0,0,0,0,1,0,0,12,0,0,0,0,0,3.334679141051595,0
90,21,25,36,0,1,2,0,6,1,1,0,0,0,0,0,0,1,2,6,0,0,3,0,0,0,4,0,0,4,6,4,1,0,0,0,4,0,4,0,0,0,0,18,4,0,0,0,0,3.8208888513501886,1
18,10,0,0,0,1,0,0,2,0,0,0,0,0,0,0,0,1,0,3,0,0,3,0,0,0,0,0,0,0,0,0,0,0,0,0,0,0,0,0,1,0,0,9,0,0,0,0,0,3.3219280948873626,0
67,13,25,21,0,3,0,0,6,1,1,0,0,0,0,0,0,3,0,0,1,0,0,0,0,0,4,0,0,4,6,4,1,0,0,1,3,0,14,0,0,0,10,0,4,1,1,0,0,2.5654483718208256,1
32,10,14,0,0,1,0,0,4,0,0,0,0,0,0,0,0,1,0,4,0,0,3,0,0,0,2,0,0,2,7,5,0,0,0,0,0,0,0,0,1,0,0,9,0,0,0,0,0,2.6464393446710157,0
17,9,0,0,0,1,0,0,2,0,0,0,0,0,0,0,0,1,0,3,0,0,3,0,0,0,0,0,0,0,0,0,0,0,0,0,0,0,0,0,1,0,0,8,0,0,0,0,0,2.9477027792200903,0
70,20,25,17,0,1,2,0,6,1,1,0,0,0,0,0,0,1,2,6,0,0,4,0,0,0,4,0,0,4,6,4,1,0,0,0,5,0,4,0,0,0,0,17,4,0,0,0,0,3.684183719779189,1
21,13,0,0,0,1,0,0,2,0,0,0,0,0,0,0,0,1,0,6,0,0,3,0,0,0,0,0,0,0,0,0,0,0,0,0,0,0,0,0,1,0,0,12,0,0,0,0,0,3.334679141051595,0
97,13,25,51,0,3,0,0,6,1,1,0,0,0,0,0,0,3,0,0,1,0,0,0,0,0,4,0,0,4,6,4,1,0,0,1,3,0,14,0,0,0,10,0,4,1,1,0,0,2.5654483718208256,1
18,10,0,0,0,1,0,0,2,0,0,0,0,0,0,0,0,1,0,4,0,0,3,0,0,0,0,0,0,0,0,0,0,0,0,0,0,0,0,0,1,0,0,9,0,0,0,0,0,2.6464393446710157,0
27,10,0,8,0,1,0,0,2,1,1,0,0,0,0,0,0,1,0,3,0,0,3,0,0,0,0,0,0,0,0,0,1,0,0,0,0,0,0,0,1,0,0,9,0,0,0,0,0,3.3219280948873626,0
93,21,25,39,0,1,2,0,6,1,1,0,0,0,0,0,0,1,2,6,0,0,3,0,0,0,4,0,0,4,6,4,1,0,0,0,4,0,4,0,0,0,0,18,4,0,0,0,0,3.8208888513501886,1
40,9,14,8,0,1,0,0,4,1,1,0,0,0,0,0,0,1,0,3,0,0,3,0,0,0,2,0,0,2,7,5,1,0,0,0,0,0,0,0,1,0,0,8,0,0,0,0,0,2.9477027792200903,0
105,31,25,41,0,1,3,0,6,1,1,0,0,0,0,0,0,1,3,12,0,0,3,0,0,0,4,0,0,4,6,4,1,0,0,0,4,0,4,0,0,0,0,27,4,0,0,0,0,3.88904953591417,1
95,21,25,41,0,1,2,0,6,1,1,0,0,0,0,0,0,1,2,6,0,0,3,0,0,0,4,0,0,4,6,4,1,0,0,0,4,0,4,0,0,0,0,18,4,0,0,0,0,3.8208888513501886,1
17,9,0,0,0,1,0,0,2,0,0,0,0,0,0,0,0,1,0,3,0,0,3,0,0,0,0,0,0,0,0,0,0,0,0,0,0,0,0,0,1,0,0,8,0,0,0,0,0,2.9477027792200903,0
17,9,0,0,0,1,0,0,2,0,0,0,0,0,0,0,0,1,0,3,0,0,3,0,0,0,0,0,0,0,0,0,0,0,0,0,0,0,0,0,1,0,0,8,0,0,0,0,0,2.9477027792200903,0
18,10,0,0,0,1,0,0,2,0,0,0,0,0,0,0,0,1,0,4,0,0,3,0,0,0,0,0,0,0,0,0,0,0,0,0,0,0,0,0,1,0,0,9,0,0,0,0,0,2.6464393446710157,0
40,9,14,8,0,1,0,0,4,1,1,0,0,0,0,0,0,1,0,3,0,0,3,0,0,0,2,0,0,2,7,5,1,0,0,0,0,0,0,0,1,0,0,8,0,0,0,0,0,2.9477027792200903,0
74,20,25,21,0,1,2,0,6,1,1,0,0,0,0,0,0,1,2,6,0,0,4,0,0,0,4,0,0,4,6,4,1,0,0,0,5,0,4,0,0,0,0,17,4,0,0,0,0,3.684183719779189,1
21,13,0,0,0,1,0,0,2,0,0,0,0,0,0,0,0,1,0,4,0,0,3,0,0,0,0,0,0,0,0,0,0,0,0,0,0,0,0,0,1,0,0,12,0,0,0,0,0,3.0269868333592873,0
17,9,0,0,0,1,0,0,2,0,0,0,0,0,0,0,0,1,0,3,0,0,3,0,0,0,0,0,0,0,0,0,0,0,0,0,0,0,0,0,1,0,0,8,0,0,0,0,0,2.9477027792200903,0
93,20,25,40,0,1,2,0,6,1,1,0,0,0,0,0,0,1,2,6,0,0,4,0,0,0,4,0,0,4,6,4,1,0,0,0,5,0,4,0,0,0,0,17,4,0,0,0,0,3.684183719779189,1
112,31,25,48,0,1,3,0,6,1,1,0,0,0,0,0,0,1,3,12,0,0,3,0,0,0,4,0,0,4,6,4,1,0,0,0,4,0,4,0,0,0,0,27,4,0,0,0,0,3.88904953591417,1
79,13,25,33,0,3,0,0,6,1,1,0,0,0,0,0,0,3,0,0,1,0,0,0,0,0,4,0,0,4,6,4,1,0,0,1,3,0,14,0,0,0,10,0,4,1,1,0,0,2.5654483718208256,1
108,20,25,55,0,1,2,0,6,1,1,0,0,0,0,0,0,1,2,6,0,0,4,0,0,0,4,0,0,4,6,4,1,0,0,0,5,0,4,0,0,0,0,17,4,0,0,0,0,3.684183719779189,1
104,20,25,51,0,1,2,0,6,1,1,0,0,0,0,0,0,1,2,6,0,0,4,0,0,0,4,0,0,4,6,4,1,0,0,0,5,0,4,0,0,0,0,17,4,0,0,0,0,3.684183719779189,1
44,13,14,8,0,1,0,0,4,1,1,0,0,0,0,0,0,1,0,4,0,0,3,0,0,0,2,0,0,2,7,5,1,0,0,0,0,0,0,0,1,0,0,12,0,0,0,0,0,3.0269868333592873,0
30,13,0,8,0,1,0,0,2,1,1,0,0,0,0,0,0,1,0,6,0,0,3,0,0,0,0,0,0,0,0,0,1,0,0,0,0,0,0,0,1,0,0,12,0,0,0,0,0,3.334679141051595,0
27,10,0,8,0,1,0,0,2,1,1,0,0,0,0,0,0,1,0,4,0,0,3,0,0,0,0,0,0,0,0,0,1,0,0,0,0,0,0,0,1,0,0,9,0,0,0,0,0,2.6464393446710157,0
86,21,25,32,0,1,2,0,6,1,1,0,0,0,0,0,0,1,2,6,0,0,3,0,0,0,4,0,0,4,6,4,1,0,0,0,4,0,4,0,0,0,0,18,4,0,0,0,0,3.8208888513501886,1
80,20,25,27,0,1,2,0,6,1,1,0,0,0,0,0,0,1,2,6,0,0,4,0,0,0,4,0,0,4,6,4,1,0,0,0,5,0,4,0,0,0,0,17,4,0,0,0,0,3.684183719779189,1
118,31,25,54,0,1,3,0,6,1,1,0,0,0,0,0,0,1,3,12,0,0,3,0,0,0,4,0,0,4,6,4,1,0,0,0,4,0,4,0,0,0,0,27,4,0,0,0,0,3.88904953591417,1
31,9,14,0,0,1,0,0,4,0,0,0,0,0,0,0,0,1,0,3,0,0,3,0,0,0,2,0,0,2,7,5,0,0,0,0,0,0,0,0,1,0,0,8,0,0,0,0,0,2.9477027792200903,0
88,20,25,35,0,1,2,0,6,1,1,0,0,0,0,0,0,1,2,6,0,0,4,0,0,0,4,0,0,4,6,4,1,0,0,0,5,0,4,0,0,0,0,17,4,0,0,0,0,3.684183719779189,1
30,13,0,8,0,1,0,0,2,1,1,0,0,0,0,0,0,1,0,4,0,0,3,0,0,0,0,0,0,0,0,0,1,0,0,0,0,0,0,0,1,0,0,12,0,0,0,0,0,3.0269868333592873,0
32,10,14,0,0,1,0,0,4,0,0,0,0,0,0,0,0,1,0,4,0,0,3,0,0,0,2,0,0,2,7,5,0,0,0,0,0,0,0,0,1,0,0,9,0,0,0,0,0,2.6464393446710157,0
41,10,14,8,0,1,0,0,4,1,1,0,0,0,0,0,0,1,0,4,0,0,3,0,0,0,2,0,0,2,7,5,1,0,0,0,0,0,0,0,1,0,0,9,0,0,0,0,0,2.6464393446710157,0
30,13,0,8,0,1,0,0,2,1,1,0,0,0,0,0,0,1,0,6,0,0,3,0,0,0,0,0,0,0,0,0,1,0,0,0,0,0,0,0,1,0,0,12,0,0,0,0,0,3.334679141051595,0
110,21,25,56,0,1,2,0,6,1,1,0,0,0,0,0,0,1,2,6,0,0,3,0,0,0,4,0,0,4,6,4,1,0,0,0,4,0,4,0,0,0,0,18,4,0,0,0,0,3.8208888513501886,1
18,10,0,0,0,1,0,0,2,0,0,0,0,0,0,0,0,1,0,3,0,0,3,0,0,0,0,0,0,0,0,0,0,0,0,0,0,0,0,0,1,0,0,9,0,0,0,0,0,3.3219280948873626,0
40,9,14,8,0,1,0,0,4,1,1,0,0,0,0,0,0,1,0,3,0,0,3,0,0,0,2,0,0,2,7,5,1,0,0,0,0,0,0,0,1,0,0,8,0,0,0,0,0,2.9477027792200903,0
35,13,14,0,0,1,0,0,4,0,0,0,0,0,0,0,0,1,0,6,0,0,3,0,0,0,2,0,0,2,7,5,0,0,0,0,0,0,0,0,1,0,0,12,0,0,0,0,0,3.334679141051595,0
27,10,0,8,0,1,0,0,2,1,1,0,0,0,0,0,0,1,0,3,0,0,3,0,0,0,0,0,0,0,0,0,1,0,0,0,0,0,0,0,1,0,0,9,0,0,0,0,0,3.3219280948873626,0
41,10,14,8,0,1,0,0,4,1,1,0,0,0,0,0,0,1,0,4,0,0,3,0,0,0,2,0,0,2,7,5,1,0,0,0,0,0,0,0,1,0,0,9,0,0,0,0,0,2.6464393446710157,0
35,13,14,0,0,1,0,0,4,0,0,0,0,0,0,0,0,1,0,6,0,0,3,0,0,0,2,0,0,2,7,5,0,0,0,0,0,0,0,0,1,0,0,12,0,0,0,0,0,3.334679141051595,0
118,31,25,54,0,1,3,0,6,1,1,0,0,0,0,0,0,1,3,12,0,0,3,0,0,0,4,0,0,4,6,4,1,0,0,0,4,0,4,0,0,0,0,27,4,0,0,0,0,3.88904953591417,1
35,13,14,0,0,1,0,0,4,0,0,0,0,0,0,0,0,1,0,4,0,0,3,0,0,0,2,0,0,2,7,5,0,0,0,0,0,0,0,0,1,0,0,12,0,0,0,0,0,3.0269868333592873,0
21,13,0,0,0,1,0,0,2,0,0,0,0,0,0,0,0,1,0,4,0,0,3,0,0,0,0,0,0,0,0,0,0,0,0,0,0,0,0,0,1,0,0,12,0,0,0,0,0,3.0269868333592873,0
90,31,25,26,0,1,3,0,6,1,1,0,0,0,0,0,0,1,3,12,0,0,3,0,0,0,4,0,0,4,6,4,1,0,0,0,4,0,4,0,0,0,0,27,4,0,0,0,0,3.88904953591417,1
17,9,0,0,0,1,0,0,2,0,0,0,0,0,0,0,0,1,0,3,0,0,3,0,0,0,0,0,0,0,0,0,0,0,0,0,0,0,0,0,1,0,0,8,0,0,0,0,0,2.9477027792200903,0
18,10,0,0,0,1,0,0,2,0,0,0,0,0,0,0,0,1,0,3,0,0,3,0,0,0,0,0,0,0,0,0,0,0,0,0,0,0,0,0,1,0,0,9,0,0,0,0,0,3.3219280948873626,0
97,21,25,43,0,1,2,0,6,1,1,0,0,0,0,0,0,1,2,6,0,0,3,0,0,0,4,0,0,4,6,4,1,0,0,0,4,0,4,0,0,0,0,18,4,0,0,0,0,3.8208888513501886,1
17,9,0,0,0,1,0,0,2,0,0,0,0,0,0,0,0,1,0,3,0,0,3,0,0,0,0,0,0,0,0,0,0,0,0,0,0,0,0,0,1,0,0,8,0,0,0,0,0,2.9477027792200903,0
91,13,25,45,0,3,0,0,6,1,1,0,0,0,0,0,0,3,0,0,1,0,0,0,0,0,4,0,0,4,6,4,1,0,0,1,3,0,14,0,0,0,10,0,4,1,1,0,0,2.5654483718208256,1
104,31,25,40,0,1,3,0,6,1,1,0,0,0,0,0,0,1,3,12,0,0,3,0,0,0,4,0,0,4,6,4,1,0,0,0,4,0,4,0,0,0,0,27,4,0,0,0,0,3.88904953591417,1
32,10,14,0,0,1,0,0,4,0,0,0,0,0,0,0,0,1,0,4,0,0,3,0,0,0,2,0,0,2,7,5,0,0,0,0,0,0,0,0,1,0,0,9,0,0,0,0,0,2.6464393446710157,0
44,13,14,8,0,1,0,0,4,1,1,0,0,0,0,0,0,1,0,6,0,0,3,0,0,0,2,0,0,2,7,5,1,0,0,0,0,0,0,0,1,0,0,12,0,0,0,0,0,3.334679141051595,0
27,10,0,8,0,1,0,0,2,1,1,0,0,0,0,0,0,1,0,4,0,0,3,0,0,0,0,0,0,0,0,0,1,0,0,0,0,0,0,0,1,0,0,9,0,0,0,0,0,2.6464393446710157,0
18,10,0,0,0,1,0,0,2,0,0,0,0,0,0,0,0,1,0,4,0,0,3,0,0,0,0,0,0,0,0,0,0,0,0,0,0,0,0,0,1,0,0,9,0,0,0,0,0,2.6464393446710157,0
21,13,0,0,0,1,0,0,2,0,0,0,0,0,0,0,0,1,0,4,0,0,3,0,0,0,0,0,0,0,0,0,0,0,0,0,0,0,0,0,1,0,0,12,0,0,0,0,0,3.0269868333592873,0
74,21,25,20,0,1,2,0,6,1,1,0,0,0,0,0,0,1,2,6,0,0,3,0,0,0,4,0,0,4,6,4,1,0,0,0,4,0,4,0,0,0,0,18,4,0,0,0,0,3.8208888513501886,1
30,13,0,8,0,1,0,0,2,1,1,0,0,0,0,0,0,1,0,6,0,0,3,0,0,0,0,0,0,0,0,0,1,0,0,0,0,0,0,0,1,0,0,12,0,0,0,0,0,3.334679141051595,0
90,21,25,36,0,1,2,0,6,1,1,0,0,0,0,0,0,1,2,6,0,0,3,0,0,0,4,0,0,4,6,4,1,0,0,0,4,0,4,0,0,0,0,18,4,0,0,0,0,3.8208888513501886,1
18,10,0,0,0,1,0,0,2,0,0,0,0,0,0,0,0,1,0,3,0,0,3,0,0,0,0,0,0,0,0,0,0,0,0,0,0,0,0,0,1,0,0,9,0,0,0,0,0,3.3219280948873626,0
21,13,0,0,0,1,0,0,2,0,0,0,0,0,0,0,0,1,0,6,0,0,3,0,0,0,0,0,0,0,0,0,0,0,0,0,0,0,0,0,1,0,0,12,0,0,0,0,0,3.334679141051595,0
41,10,14,8,0,1,0,0,4,1,1,0,0,0,0,0,0,1,0,3,0,0,3,0,0,0,2,0,0,2,7,5,1,0,0,0,0,0,0,0,1,0,0,9,0,0,0,0,0,3.3219280948873626,0
41,10,14,8,0,1,0,0,4,1,1,0,0,0,0,0,0,1,0,3,0,0,3,0,0,0,2,0,0,2,7,5,1,0,0,0,0,0,0,0,1,0,0,9,0,0,0,0,0,3.3219280948873626,0
82,31,25,18,0,1,3,0,6,1,1,0,0,0,0,0,0,1,3,12,0,0,3,0,0,0,4,0,0,4,6,4,1,0,0,0,4,0,4,0,0,0,0,27,4,0,0,0,0,3.88904953591417,1
41,10,14,8,0,1,0,0,4,1,1,0,0,0,0,0,0,1,0,3,0,0,3,0,0,0,2,0,0,2,7,5,1,0,0,0,0,0,0,0,1,0,0,9,0,0,0,0,0,3.3219280948873626,0
74,21,25,20,0,1,2,0,6,1,1,0,0,0,0,0,0,1,2,6,0,0,3,0,0,0,4,0,0,4,6,4,1,0,0,0,4,0,4,0,0,0,0,18,4,0,0,0,0,3.8208888513501886,1
65,13,25,19,0,3,0,0,6,1,1,0,0,0,0,0,0,3,0,0,1,0,0,0,0,0,4,0,0,4,6,4,1,0,0,1,3,0,14,0,0,0,10,0,4,1,1,0,0,2.5654483718208256,1
21,13,0,0,0,1,0,0,2,0,0,0,0,0,0,0,0,1,0,6,0,0,3,0,0,0,0,0,0,0,0,0,0,0,0,0,0,0,0,0,1,0,0,12,0,0,0,0,0,3.334679141051595,0
32,10,14,0,0,1,0,0,4,0,0,0,0,0,0,0,0,1,0,4,0,0,3,0,0,0,2,0,0,2,7,5,0,0,0,0,0,0,0,0,1,0,0,9,0,0,0,0,0,2.6464393446710157,0
30,13,0,8,0,1,0,0,2,1,1,0,0,0,0,0,0,1,0,6,0,0,3,0,0,0,0,0,0,0,0,0,1,0,0,0,0,0,0,0,1,0,0,12,0,0,0,0,0,3.334679141051595,0
110,31,25,46,0,1,3,0,6,1,1,0,0,0,0,0,0,1,3,12,0,0,3,0,0,0,4,0,0,4,6,4,1,0,0,0,4,0,4,0,0,0,0,27,4,0,0,0,0,3.88904953591417,1
40,9,14,8,0,1,0,0,4,1,1,0,0,0,0,0,0,1,0,3,0,0,3,0,0,0,2,0,0,2,7,5,1,0,0,0,0,0,0,0,1,0,0,8,0,0,0,0,0,2.9477027792200903,0
41,10,14,8,0,1,0,0,4,1,1,0,0,0,0,0,0,1,0,3,0,0,3,0,0,0,2,0,0,2,7,5,1,0,0,0,0,0,0,0,1,0,0,9,0,0,0,0,0,3.3219280948873626,0
105,21,25,51,0,1,2,0,6,1,1,0,0,0,0,0,0,1,2,6,0,0,3,0,0,0,4,0,0,4,6,4,1,0,0,0,4,0,4,0,0,0,0,18,4,0,0,0,0,3.8208888513501886,1
95,21,25,41,0,1,2,0,6,1,1,0,0,0,0,0,0,1,2,6,0,0,3,0,0,0,4,0,0,4,6,4,1,0,0,0,4,0,4,0,0,0,0,18,4,0,0,0,0,3.8208888513501886,1
92,31,25,28,0,1,3,0,6,1,1,0,0,0,0,0,0,1,3,12,0,0,3,0,0,0,4,0,0,4,6,4,1,0,0,0,4,0,4,0,0,0,0,27,4,0,0,0,0,3.88904953591417,1
87,21,25,33,0,1,2,0,6,1,1,0,0,0,0,0,0,1,2,6,0,0,3,0,0,0,4,0,0,4,6,4,1,0,0,0,4,0,4,0,0,0,0,18,4,0,0,0,0,3.8208888513501886,1
35,13,14,0,0,1,0,0,4,0,0,0,0,0,0,0,0,1,0,4,0,0,3,0,0,0,2,0,0,2,7,5,0,0,0,0,0,0,0,0,1,0,0,12,0,0,0,0,0,3.0269868333592873,0
21,13,0,0,0,1,0,0,2,0,0,0,0,0,0,0,0,1,0,6,0,0,3,0,0,0,0,0,0,0,0,0,0,0,0,0,0,0,0,0,1,0,0,12,0,0,0,0,0,3.334679141051595,0
96,21,25,42,0,1,2,0,6,1,1,0,0,0,0,0,0,1,2,6,0,0,3,0,0,0,4,0,0,4,6,4,1,0,0,0,4,0,4,0,0,0,0,18,4,0,0,0,0,3.8208888513501886,1
21,13,0,0,0,1,0,0,2,0,0,0,0,0,0,0,0,1,0,4,0,0,3,0,0,0,0,0,0,0,0,0,0,0,0,0,0,0,0,0,1,0,0,12,0,0,0,0,0,3.0269868333592873,0
18,10,0,0,0,1,0,0,2,0,0,0,0,0,0,0,0,1,0,4,0,0,3,0,0,0,0,0,0,0,0,0,0,0,0,0,0,0,0,0,1,0,0,9,0,0,0,0,0,2.6464393446710157,0
101,13,25,55,0,3,0,0,6,1,1,0,0,0,0,0,0,3,0,0,1,0,0,0,0,0,4,0,0,4,6,4,1,0,0,1,3,0,14,0,0,0,10,0,4,1,1,0,0,2.5654483718208256,1
76,13,25,30,0,3,0,0,6,1,1,0,0,0,0,0,0,3,0,0,1,0,0,0,0,0,4,0,0,4,6,4,1,0,0,1,3,0,14,0,0,0,10,0,4,1,1,0,0,2.5654483718208256,1
99,21,25,45,0,1,2,0,6,1,1,0,0,0,0,0,0,1,2,6,0,0,3,0,0,0,4,0,0,4,6,4,1,0,0,0,4,0,4,0,0,0,0,18,4,0,0,0,0,3.8208888513501886,1
21,13,0,0,0,1,0,0,2,0,0,0,0,0,0,0,0,1,0,6,0,0,3,0,0,0,0,0,0,0,0,0,0,0,0,0,0,0,0,0,1,0,0,12,0,0,0,0,0,3.334679141051595,0
35,13,14,0,0,1,0,0,4,0,0,0,0,0,0,0,0,1,0,6,0,0,3,0,0,0,2,0,0,2,7,5,0,0,0,0,0,0,0,0,1,0,0,12,0,0,0,0,0,3.334679141051595,0
21,13,0,0,0,1,0,0,2,0,0,0,0,0,0,0,0,1,0,4,0,0,3,0,0,0,0,0,0,0,0,0,0,0,0,0,0,0,0,0,1,0,0,12,0,0,0,0,0,3.0269868333592873,0
27,10,0,8,0,1,0,0,2,1,1,0,0,0,0,0,0,1,0,4,0,0,3,0,0,0,0,0,0,0,0,0,1,0,0,0,0,0,0,0,1,0,0,9,0,0,0,0,0,2.6464393446710157,0
101,20,25,48,0,1,2,0,6,1,1,0,0,0,0,0,0,1,2,6,0,0,4,0,0,0,4,0,0,4,6,4,1,0,0,0,5,0,4,0,0,0,0,17,4,0,0,0,0,3.684183719779189,1
35,13,14,0,0,1,0,0,4,0,0,0,0,0,0,0,0,1,0,6,0,0,3,0,0,0,2,0,0,2,7,5,0,0,0,0,0,0,0,0,1,0,0,12,0,0,0,0,0,3.334679141051595,0
41,10,14,8,0,1,0,0,4,1,1,0,0,0,0,0,0,1,0,3,0,0,3,0,0,0,2,0,0,2,7,5,1,0,0,0,0,0,0,0,1,0,0,9,0,0,0,0,0,3.3219280948873626,0
73,13,25,27,0,3,0,0,6,1,1,0,0,0,0,0,0,3,0,0,1,0,0,0,0,0,4,0,0,4,6,4,1,0,0,1,3,0,14,0,0,0,10,0,4,1,1,0,0,2.5654483718208256,1
44,13,14,8,0,1,0,0,4,1,1,0,0,0,0,0,0,1,0,4,0,0,3,0,0,0,2,0,0,2,7,5,1,0,0,0,0,0,0,0,1,0,0,12,0,0,0,0,0,3.0269868333592873,0
41,10,14,8,0,1,0,0,4,1,1,0,0,0,0,0,0,1,0,3,0,0,3,0,0,0,2,0,0,2,7,5,1,0,0,0,0,0,0,0,1,0,0,9,0,0,0,0,0,3.3219280948873626,0
96,13,25,50,0,3,0,0,6,1,1,0,0,0,0,0,0,3,0,0,1,0,0,0,0,0,4,0,0,4,6,4,1,0,0,1,3,0,14,0,0,0,10,0,4,1,1,0,0,2.5654483718208256,1
30,13,0,8,0,1,0,0,2,1,1,0,0,0,0,0,0,1,0,4,0,0,3,0,0,0,0,0,0,0,0,0,1,0,0,0,0,0,0,0,1,0,0,12,0,0,0,0,0,3.0269868333592873,0
120,31,25,56,0,1,3,0,6,1,1,0,0,0,0,0,0,1,3,12,0,0,3,0,0,0,4,0,0,4,6,4,1,0,0,0,4,0,4,0,0,0,0,27,4,0,0,0,0,3.88904953591417,1
30,13,0,8,0,1,0,0,2,1,1,0,0,0,0,0,0,1,0,6,0,0,3,0,0,0,0,0,0,0,0,0,1,0,0,0,0,0,0,0,1,0,0,12,0,0,0,0,0,3.334679141051595,0
111,31,25,47,0,1,3,0,6,1,1,0,0,0,0,0,0,1,3,12,0,0,3,0,0,0,4,0,0,4,6,4,1,0,0,0,4,0,4,0,0,0,0,27,4,0,0,0,0,3.88904953591417,1
31,9,14,0,0,1,0,0,4,0,0,0,0,0,0,0,0,1,0,3,0,0,3,0,0,0,2,0,0,2,7,5,0,0,0,0,0,0,0,0,1,0,0,8,0,0,0,0,0,2.9477027792200903,0
79,13,25,33,0,3,0,0,6,1,1,0,0,0,0,0,0,3,0,0,1,0,0,0,0,0,4,0,0,4,6,4,1,0,0,1,3,0,14,0,0,0,10,0,4,1,1,0,0,2.5654483718208256,1
73,13,25,27,0,3,0,0,6,1,1,0,0,0,0,0,0,3,0,0,1,0,0,0,0,0,4,0,0,4,6,4,1,0,0,1,3,0,14,0,0,0,10,0,4,1,1,0,0,2.5654483718208256,1
99,20,25,46,0,1,2,0,6,1,1,0,0,0,0,0,0,1,2,6,0,0,4,0,0,0,4,0,0,4,6,4,1,0,0,0,5,0,4,0,0,0,0,17,4,0,0,0,0,3.684183719779189,1
76,21,25,22,0,1,2,0,6,1,1,0,0,0,0,0,0,1,2,6,0,0,3,0,0,0,4,0,0,4,6,4,1,0,0,0,4,0,4,0,0,0,0,18,4,0,0,0,0,3.8208888513501886,1
105,20,25,52,0,1,2,0,6,1,1,0,0,0,0,0,0,1,2,6,0,0,4,0,0,0,4,0,0,4,6,4,1,0,0,0,5,0,4,0,0,0,0,17,4,0,0,0,0,3.684183719779189,1
80,31,25,16,0,1,3,0,6,1,1,0,0,0,0,0,0,1,3,12,0,0,3,0,0,0,4,0,0,4,6,4,1,0,0,0,4,0,4,0,0,0,0,27,4,0,0,0,0,3.88904953591417,1
30,13,0,8,0,1,0,0,2,1,1,0,0,0,0,0,0,1,0,6,0,0,3,0,0,0,0,0,0,0,0,0,1,0,0,0,0,0,0,0,1,0,0,12,0,0,0,0,0,3.334679141051595,0
81,13,25,35,0,3,0,0,6,1,1,0,0,0,0,0,0,3,0,0,1,0,0,0,0,0,4,0,0,4,6,4,1,0,0,1,3,0,14,0,0,0,10,0,4,1,1,0,0,2.5654483718208256,1
44,13,14,8,0,1,0,0,4,1,1,0,0,0,0,0,0,1,0,4,0,0,3,0,0,0,2,0,0,2,7,5,1,0,0,0,0,0,0,0,1,0,0,12,0,0,0,0,0,3.0269868333592873,0
21,13,0,0,0,1,0,0,2,0,0,0,0,0,0,0,0,1,0,4,0,0,3,0,0,0,0,0,0,0,0,0,0,0,0,0,0,0,0,0,1,0,0,12,0,0,0,0,0,3.0269868333592873,0
106,21,25,52,0,1,2,0,6,1,1,0,0,0,0,0,0,1,2,6,0,0,3,0,0,0,4,0,0,4,6,4,1,0,0,0,4,0,4,0,0,0,0,18,4,0,0,0,0,3.8208888513501886,1
18,10,0,0,0,1,0,0,2,0,0,0,0,0,0,0,0,1,0,4,0,0,3,0,0,0,0,0,0,0,0,0,0,0,0,0,0,0,0,0,1,0,0,9,0,0,0,0,0,2.6464393446710157,0
112,31,25,48,0,1,3,0,6,1,1,0,0,0,0,0,0,1,3,12,0,0,3,0,0,0,4,0,0,4,6,4,1,0,0,0,4,0,4,0,0,0,0,27,4,0,0,0,0,3.88904953591417,1
88,20,25,35,0,1,2,0,6,1,1,0,0,0,0,0,0,1,2,6,0,0,4,0,0,0,4,0,0,4,6,4,1,0,0,0,5,0,4,0,0,0,0,17,4,0,0,0,0,3.684183719779189,1
41,10,14,8,0,1,0,0,4,1,1,0,0,0,0,0,0,1,0,4,0,0,3,0,0,0,2,0,0,2,7,5,1,0,0,0,0,0,0,0,1,0,0,9,0,0,0,0,0,2.6464393446710157,0
93,21,25,39,0,1,2,0,6,1,1,0,0,0,0,0,0,1,2,6,0,0,3,0,0,0,4,0,0,4,6,4,1,0,0,0,4,0,4,0,0,0,0,18,4,0,0,0,0,3.8208888513501886,1
18,10,0,0,0,1,0,0,2,0,0,0,0,0,0,0,0,1,0,3,0,0,3,0,0,0,0,0,0,0,0,0,0,0,0,0,0,0,0,0,1,0,0,9,0,0,0,0,0,3.3219280948873626,0
32,10,14,0,0,1,0,0,4,0,0,0,0,0,0,0,0,1,0,4,0,0,3,0,0,0,2,0,0,2,7,5,0,0,0,0,0,0,0,0,1,0,0,9,0,0,0,0,0,2.6464393446710157,0
21,13,0,0,0,1,0,0,2,0,0,0,0,0,0,0,0,1,0,4,0,0,3,0,0,0,0,0,0,0,0,0,0,0,0,0,0,0,0,0,1,0,0,12,0,0,0,0,0,3.0269868333592873,0
44,13,14,8,0,1,0,0,4,1,1,0,0,0,0,0,0,1,0,4,0,0,3,0,0,0,2,0,0,2,7,5,1,0,0,0,0,0,0,0,1,0,0,12,0,0,0,0,0,3.0269868333592873,0
21,13,0,0,0,1,0,0,2,0,0,0,0,0,0,0,0,1,0,6,0,0,3,0,0,0,0,0,0,0,0,0,0,0,0,0,0,0,0,0,1,0,0,12,0,0,0,0,0,3.334679141051595,0
32,10,14,0,0,1,0,0,4,0,0,0,0,0,0,0,0,1,0,3,0,0,3,0,0,0,2,0,0,2,7,5,0,0,0,0,0,0,0,0,1,0,0,9,0,0,0,0,0,3.3219280948873626,0
27,10,0,8,0,1,0,0,2,1,1,0,0,0,0,0,0,1,0,3,0,0,3,0,0,0,0,0,0,0,0,0,1,0,0,0,0,0,0,0,1,0,0,9,0,0,0,0,0,3.3219280948873626,0
26,9,0,8,0,1,0,0,2,1,1,0,0,0,0,0,0,1,0,3,0,0,3,0,0,0,0,0,0,0,0,0,1,0,0,0,0,0,0,0,1,0,0,8,0,0,0,0,0,2.9477027792200903,0
79,13,25,33,0,3,0,0,6,1,1,0,0,0,0,0,0,3,0,0,1,0,0,0,0,0,4,0,0,4,6,4,1,0,0,1,3,0,14,0,0,0,10,0,4,1,1,0,0,2.5654483718208256,1
94,21,25,40,0,1,2,0,6,1,1,0,0,0,0,0,0,1,2,6,0,0,3,0,0,0,4,0,0,4,6,4,1,0,0,0,4,0,4,0,0,0,0,18,4,0,0,0,0,3.8208888513501886,1
83,21,25,29,0,1,2,0,6,1,1,0,0,0,0,0,0,1,2,6,0,0,3,0,0,0,4,0,0,4,6,4,1,0,0,0,4,0,4,0,0,0,0,18,4,0,0,0,0,3.8208888513501886,1
97,13,25,51,0,3,0,0,6,1,1,0,0,0,0,0,0,3,0,0,1,0,0,0,0,0,4,0,0,4,6,4,1,0,0,1,3,0,14,0,0,0,10,0,4,1,1,0,0,2.5654483718208256,1
104,20,25,51,0,1,2,0,6,1,1,0,0,0,0,0,0,1,2,6,0,0,4,0,0,0,4,0,0,4,6,4,1,0,0,0,5,0,4,0,0,0,0,17,4,0,0,0,0,3.684183719779189,1
31,9,14,0,0,1,0,0,4,0,0,0,0,0,0,0,0,1,0,3,0,0,3,0,0,0,2,0,0,2,7,5,0,0,0,0,0,0,0,0,1,0,0,8,0,0,0,0,0,2.9477027792200903,0
44,13,14,8,0,1,0,0,4,1,1,0,0,0,0,0,0,1,0,6,0,0,3,0,0,0,2,0,0,2,7,5,1,0,0,0,0,0,0,0,1,0,0,12,0,0,0,0,0,3.334679141051595,0
68,13,25,22,0,3,0,0,6,1,1,0,0,0,0,0,0,3,0,0,1,0,0,0,0,0,4,0,0,4,6,4,1,0,0,1,3,0,14,0,0,0,10,0,4,1,1,0,0,2.5654483718208256,1
18,10,0,0,0,1,0,0,2,0,0,0,0,0,0,0,0,1,0,3,0,0,3,0,0,0,0,0,0,0,0,0,0,0,0,0,0,0,0,0,1,0,0,9,0,0,0,0,0,3.3219280948873626,0
21,13,0,0,0,1,0,0,2,0,0,0,0,0,0,0,0,1,0,4,0,0,3,0,0,0,0,0,0,0,0,0,0,0,0,0,0,0,0,0,1,0,0,12,0,0,0,0,0,3.0269868333592873,0
85,13,25,39,0,3,0,0,6,1,1,0,0,0,0,0,0,3,0,0,1,0,0,0,0,0,4,0,0,4,6,4,1,0,0,1,3,0,14,0,0,0,10,0,4,1,1,0,0,2.5654483718208256,1
27,10,0,8,0,1,0,0,2,1,1,0,0,0,0,0,0,1,0,3,0,0,3,0,0,0,0,0,0,0,0,0,1,0,0,0,0,0,0,0,1,0,0,9,0,0,0,0,0,3.3219280948873626,0
107,20,25,54,0,1,2,0,6,1,1,0,0,0,0,0,0,1,2,6,0,0,4,0,0,0,4,0,0,4,6,4,1,0,0,0,5,0,4,0,0,0,0,17,4,0,0,0,0,3.684183719779189,1
31,9,14,0,0,1,0,0,4,0,0,0,0,0,0,0,0,1,0,3,0,0,3,0,0,0,2,0,0,2,7,5,0,0,0,0,0,0,0,0,1,0,0,8,0,0,0,0,0,2.9477027792200903,0
21,13,0,0,0,1,0,0,2,0,0,0,0,0,0,0,0,1,0,6,0,0,3,0,0,0,0,0,0,0,0,0,0,0,0,0,0,0,0,0,1,0,0,12,0,0,0,0,0,3.334679141051595,0
18,10,0,0,0,1,0,0,2,0,0,0,0,0,0,0,0,1,0,3,0,0,3,0,0,0,0,0,0,0,0,0,0,0,0,0,0,0,0,0,1,0,0,9,0,0,0,0,0,3.3219280948873626,0
35,13,14,0,0,1,0,0,4,0,0,0,0,0,0,0,0,1,0,4,0,0,3,0,0,0,2,0,0,2,7,5,0,0,0,0,0,0,0,0,1,0,0,12,0,0,0,0,0,3.0269868333592873,0
32,10,14,0,0,1,0,0,4,0,0,0,0,0,0,0,0,1,0,3,0,0,3,0,0,0,2,0,0,2,7,5,0,0,0,0,0,0,0,0,1,0,0,9,0,0,0,0,0,3.3219280948873626,0
104,20,25,51,0,1,2,0,6,1,1,0,0,0,0,0,0,1,2,6,0,0,4,0,0,0,4,0,0,4,6,4,1,0,0,0,5,0,4,0,0,0,0,17,4,0,0,0,0,3.684183719779189,1
21,13,0,0,0,1,0,0,2,0,0,0,0,0,0,0,0,1,0,6,0,0,3,0,0,0,0,0,0,0,0,0,0,0,0,0,0,0,0,0,1,0,0,12,0,0,0,0,0,3.334679141051595,0
102,13,25,56,0,3,0,0,6,1,1,0,0,0,0,0,0,3,0,0,1,0,0,0,0,0,4,0,0,4,6,4,1,0,0,1,3,0,14,0,0,0,10,0,4,1,1,0,0,2.5654483718208256,1
94,13,25,48,0,3,0,0,6,1,1,0,0,0,0,0,0,3,0,0,1,0,0,0,0,0,4,0,0,4,6,4,1,0,0,1,3,0,14,0,0,0,10,0,4,1,1,0,0,2.5654483718208256,1
44,13,14,8,0,1,0,0,4,1,1,0,0,0,0,0,0,1,0,4,0,0,3,0,0,0,2,0,0,2,7,5,1,0,0,0,0,0,0,0,1,0,0,12,0,0,0,0,0,3.0269868333592873,0
26,9,0,8,0,1,0,0,2,1,1,0,0,0,0,0,0,1,0,3,0,0,3,0,0,0,0,0,0,0,0,0,1,0,0,0,0,0,0,0,1,0,0,8,0,0,0,0,0,2.9477027792200903,0
40,9,14,8,0,1,0,0,4,1,1,0,0,0,0,0,0,1,0,3,0,0,3,0,0,0,2,0,0,2,7,5,1,0,0,0,0,0,0,0,1,0,0,8,0,0,0,0,0,2.9477027792200903,0
117,31,25,53,0,1,3,0,6,1,1,0,0,0,0,0,0,1,3,12,0,0,3,0,0,0,4,0,0,4,6,4,1,0,0,0,4,0,4,0,0,0,0,27,4,0,0,0,0,3.88904953591417,1
94,31,25,30,0,1,3,0,6,1,1,0,0,0,0,0,0,1,3,12,0,0,3,0,0,0,4,0,0,4,6,4,1,0,0,0,4,0,4,0,0,0,0,27,4,0,0,0,0,3.88904953591417,1
17,9,0,0,0,1,0,0,2,0,0,0,0,0,0,0,0,1,0,3,0,0,3,0,0,0,0,0,0,0,0,0,0,0,0,0,0,0,0,0,1,0,0,8,0,0,0,0,0,2.9477027792200903,0
35,13,14,0,0,1,0,0,4,0,0,0,0,0,0,0,0,1,0,4,0,0,3,0,0,0,2,0,0,2,7,5,0,0,0,0,0,0,0,0,1,0,0,12,0,0,0,0,0,3.0269868333592873,0
94,21,25,40,0,1,2,0,6,1,1,0,0,0,0,0,0,1,2,6,0,0,3,0,0,0,4,0,0,4,6,4,1,0,0,0,4,0,4,0,0,0,0,18,4,0,0,0,0,3.8208888513501886,1
32,10,14,0,0,1,0,0,4,0,0,0,0,0,0,0,0,1,0,4,0,0,3,0,0,0,2,0,0,2,7,5,0,0,0,0,0,0,0,0,1,0,0,9,0,0,0,0,0,2.6464393446710157,0
21,13,0,0,0,1,0,0,2,0,0,0,0,0,0,0,0,1,0,4,0,0,3,0,0,0,0,0,0,0,0,0,0,0,0,0,0,0,0,0,1,0,0,12,0,0,0,0,0,3.0269868333592873,0
35,13,14,0,0,1,0,0,4,0,0,0,0,0,0,0,0,1,0,4,0,0,3,0,0,0,2,0,0,2,7,5,0,0,0,0,0,0,0,0,1,0,0,12,0,0,0,0,0,3.0269868333592873,0
94,20,25,41,0,1,2,0,6,1,1,0,0,0,0,0,0,1,2,6,0,0,4,0,0,0,4,0,0,4,6,4,1,0,0,0,5,0,4,0,0,0,0,17,4,0,0,0,0,3.684183719779189,1
18,10,0,0,0,1,0,0,2,0,0,0,0,0,0,0,0,1,0,3,0,0,3,0,0,0,0,0,0,0,0,0,0,0,0,0,0,0,0,0,1,0,0,9,0,0,0,0,0,3.3219280948873626,0
74,13,25,28,0,3,0,0,6,1,1,0,0,0,0,0,0,3,0,0,1,0,0,0,0,0,4,0,0,4,6,4,1,0,0,1,3,0,14,0,0,0,10,0,4,1,1,0,0,2.5654483718208256,1
30,13,0,8,0,1,0,0,2,1,1,0,0,0,0,0,0,1,0,4,0,0,3,0,0,0,0,0,0,0,0,0,1,0,0,0,0,0,0,0,1,0,0,12,0,0,0,0,0,3.0269868333592873,0
110,21,25,56,0,1,2,0,6,1,1,0,0,0,0,0,0,1,2,6,0,0,3,0,0,0,4,0,0,4,6,4,1,0,0,0,4,0,4,0,0,0,0,18,4,0,0,0,0,3.8208888513501886,1
109,20,25,56,0,1,2,0,6,1,1,0,0,0,0,0,0,1,2,6,0,0,4,0,0,0,4,0,0,4,6,4,1,0,0,0,5,0,4,0,0,0,0,17,4,0,0,0,0,3.684183719779189,1
35,13,14,0,0,1,0,0,4,0,0,0,0,0,0,0,0,1,0,6,0,0,3,0,0,0,2,0,0,2,7,5,0,0,0,0,0,0,0,0,1,0,0,12,0,0,0,0,0,3.334679141051595,0
103,31,25,39,0,1,3,0,6,1,1,0,0,0,0,0,0,1,3,12,0,0,3,0,0,0,4,0,0,4,6,4,1,0,0,0,4,0,4,0,0,0,0,27,4,0,0,0,0,3.88904953591417,1
91,20,25,38,0,1,2,0,6,1,1,0,0,0,0,0,0,1,2,6,0,0,4,0,0,0,4,0,0,4,6,4,1,0,0,0,5,0,4,0,0,0,0,17,4,0,0,0,0,3.684183719779189,1
90,13,25,44,0,3,0,0,6,1,1,0,0,0,0,0,0,3,0,0,1,0,0,0,0,0,4,0,0,4,6,4,1,0,0,1,3,0,14,0,0,0,10,0,4,1,1,0,0,2.5654483718208256,1
30,13,0,8,0,1,0,0,2,1,1,0,0,0,0,0,0,1,0,6,0,0,3,0,0,0,0,0,0,0,0,0,1,0,0,0,0,0,0,0,1,0,0,12,0,0,0,0,0,3.334679141051595,0
27,10,0,8,0,1,0,0,2,1,1,0,0,0,0,0,0,1,0,3,0,0,3,0,0,0,0,0,0,0,0,0,1,0,0,0,0,0,0,0,1,0,0,9,0,0,0,0,0,3.3219280948873626,0
26,9,0,8,0,1,0,0,2,1,1,0,0,0,0,0,0,1,0,3,0,0,3,0,0,0,0,0,0,0,0,0,1,0,0,0,0,0,0,0,1,0,0,8,0,0,0,0,0,2.9477027792200903,0
110,21,25,56,0,1,2,0,6,1,1,0,0,0,0,0,0,1,2,6,0,0,3,0,0,0,4,0,0,4,6,4,1,0,0,0,4,0,4,0,0,0,0,18,4,0,0,0,0,3.8208888513501886,1
87,31,25,23,0,1,3,0,6,1,1,0,0,0,0,0,0,1,3,12,0,0,3,0,0,0,4,0,0,4,6,4,1,0,0,0,4,0,4,0,0,0,0,27,4,0,0,0,0,3.88904953591417,1
87,31,25,23,0,1,3,0,6,1,1,0,0,0,0,0,0,1,3,12,0,0,3,0,0,0,4,0,0,4,6,4,1,0,0,0,4,0,4,0,0,0,0,27,4,0,0,0,0,3.88904953591417,1
94,20,25,41,0,1,2,0,6,1,1,0,0,0,0,0,0,1,2,6,0,0,4,0,0,0,4,0,0,4,6,4,1,0,0,0,5,0,4,0,0,0,0,17,4,0,0,0,0,3.684183719779189,1
69,20,25,16,0,1,2,0,6,1,1,0,0,0,0,0,0,1,2,6,0,0,4,0,0,0,4,0,0,4,6,4,1,0,0,0,5,0,4,0,0,0,0,17,4,0,0,0,0,3.684183719779189,1
85,21,25,31,0,1,2,0,6,1,1,0,0,0,0,0,0,1,2,6,0,0,3,0,0,0,4,0,0,4,6,4,1,0,0,0,4,0,4,0,0,0,0,18,4,0,0,0,0,3.8208888513501886,1
106,20,25,53,0,1,2,0,6,1,1,0,0,0,0,0,0,1,2,6,0,0,4,0,0,0,4,0,0,4,6,4,1,0,0,0,5,0,4,0,0,0,0,17,4,0,0,0,0,3.684183719779189,1
75,13,25,29,0,3,0,0,6,1,1,0,0,0,0,0,0,3,0,0,1,0,0,0,0,0,4,0,0,4,6,4,1,0,0,1,3,0,14,0,0,0,10,0,4,1,1,0,0,2.5654483718208256,1
35,13,14,0,0,1,0,0,4,0,0,0,0,0,0,0,0,1,0,4,0,0,3,0,0,0,2,0,0,2,7,5,0,0,0,0,0,0,0,0,1,0,0,12,0,0,0,0,0,3.0269868333592873,0
31,9,14,0,0,1,0,0,4,0,0,0,0,0,0,0,0,1,0,3,0,0,3,0,0,0,2,0,0,2,7,5,0,0,0,0,0,0,0,0,1,0,0,8,0,0,0,0,0,2.9477027792200903,0
94,13,25,48,0,3,0,0,6,1,1,0,0,0,0,0,0,3,0,0,1,0,0,0,0,0,4,0,0,4,6,4,1,0,0,1,3,0,14,0,0,0,10,0,4,1,1,0,0,2.5654483718208256,1
88,20,25,35,0,1,2,0,6,1,1,0,0,0,0,0,0,1,2,6,0,0,4,0,0,0,4,0,0,4,6,4,1,0,0,0,5,0,4,0,0,0,0,17,4,0,0,0,0,3.684183719779189,1
44,13,14,8,0,1,0,0,4,1,1,0,0,0,0,0,0,1,0,4,0,0,3,0,0,0,2,0,0,2,7,5,1,0,0,0,0,0,0,0,1,0,0,12,0,0,0,0,0,3.0269868333592873,0
85,20,25,32,0,1,2,0,6,1,1,0,0,0,0,0,0,1,2,6,0,0,4,0,0,0,4,0,0,4,6,4,1,0,0,0,5,0,4,0,0,0,0,17,4,0,0,0,0,3.684183719779189,1
30,13,0,8,0,1,0,0,2,1,1,0,0,0,0,0,0,1,0,4,0,0,3,0,0,0,0,0,0,0,0,0,1,0,0,0,0,0,0,0,1,0,0,12,0,0,0,0,0,3.0269868333592873,0
101,21,25,47,0,1,2,0,6,1,1,0,0,0,0,0,0,1,2,6,0,0,3,0,0,0,4,0,0,4,6,4,1,0,0,0,4,0,4,0,0,0,0,18,4,0,0,0,0,3.8208888513501886,1
119,31,25,55,0,1,3,0,6,1,1,0,0,0,0,0,0,1,3,12,0,0,3,0,0,0,4,0,0,4,6,4,1,0,0,0,4,0,4,0,0,0,0,27,4,0,0,0,0,3.88904953591417,1
21,13,0,0,0,1,0,0,2,0,0,0,0,0,0,0,0,1,0,4,0,0,3,0,0,0,0,0,0,0,0,0,0,0,0,0,0,0,0,0,1,0,0,12,0,0,0,0,0,3.0269868333592873,0
104,20,25,51,0,1,2,0,6,1,1,0,0,0,0,0,0,1,2,6,0,0,4,0,0,0,4,0,0,4,6,4,1,0,0,0,5,0,4,0,0,0,0,17,4,0,0,0,0,3.684183719779189,1
18,10,0,0,0,1,0,0,2,0,0,0,0,0,0,0,0,1,0,3,0,0,3,0,0,0,0,0,0,0,0,0,0,0,0,0,0,0,0,0,1,0,0,9,0,0,0,0,0,3.3219280948873626,0
95,31,25,31,0,1,3,0,6,1,1,0,0,0,0,0,0,1,3,12,0,0,3,0,0,0,4,0,0,4,6,4,1,0,0,0,4,0,4,0,0,0,0,27,4,0,0,0,0,3.88904953591417,1
31,9,14,0,0,1,0,0,4,0,0,0,0,0,0,0,0,1,0,3,0,0,3,0,0,0,2,0,0,2,7,5,0,0,0,0,0,0,0,0,1,0,0,8,0,0,0,0,0,2.9477027792200903,0
18,10,0,0,0,1,0,0,2,0,0,0,0,0,0,0,0,1,0,4,0,0,3,0,0,0,0,0,0,0,0,0,0,0,0,0,0,0,0,0,1,0,0,9,0,0,0,0,0,2.6464393446710157,0
106,20,25,53,0,1,2,0,6,1,1,0,0,0,0,0,0,1,2,6,0,0,4,0,0,0,4,0,0,4,6,4,1,0,0,0,5,0,4,0,0,0,0,17,4,0,0,0,0,3.684183719779189,1
108,21,25,54,0,1,2,0,6,1,1,0,0,0,0,0,0,1,2,6,0,0,3,0,0,0,4,0,0,4,6,4,1,0,0,0,4,0,4,0,0,0,0,18,4,0,0,0,0,3.8208888513501886,1
31,9,14,0,0,1,0,0,4,0,0,0,0,0,0,0,0,1,0,3,0,0,3,0,0,0,2,0,0,2,7,5,0,0,0,0,0,0,0,0,1,0,0,8,0,0,0,0,0,2.9477027792200903,0
98,21,25,44,0,1,2,0,6,1,1,0,0,0,0,0,0,1,2,6,0,0,3,0,0,0,4,0,0,4,6,4,1,0,0,0,4,0,4,0,0,0,0,18,4,0,0,0,0,3.8208888513501886,1
30,13,0,8,0,1,0,0,2,1,1,0,0,0,0,0,0,1,0,6,0,0,3,0,0,0,0,0,0,0,0,0,1,0,0,0,0,0,0,0,1,0,0,12,0,0,0,0,0,3.334679141051595,0
18,10,0,0,0,1,0,0,2,0,0,0,0,0,0,0,0,1,0,3,0,0,3,0,0,0,0,0,0,0,0,0,0,0,0,0,0,0,0,0,1,0,0,9,0,0,0,0,0,3.3219280948873626,0
26,9,0,8,0,1,0,0,2,1,1,0,0,0,0,0,0,1,0,3,0,0,3,0,0,0,0,0,0,0,0,0,1,0,0,0,0,0,0,0,1,0,0,8,0,0,0,0,0,2.9477027792200903,0
40,9,14,8,0,1,0,0,4,1,1,0,0,0,0,0,0,1,0,3,0,0,3,0,0,0,2,0,0,2,7,5,1,0,0,0,0,0,0,0,1,0,0,8,0,0,0,0,0,2.9477027792200903,0
44,13,14,8,0,1,0,0,4,1,1,0,0,0,0,0,0,1,0,6,0,0,3,0,0,0,2,0,0,2,7,5,1,0,0,0,0,0,0,0,1,0,0,12,0,0,0,0,0,3.334679141051595,0
30,13,0,8,0,1,0,0,2,1,1,0,0,0,0,0,0,1,0,4,0,0,3,0,0,0,0,0,0,0,0,0,1,0,0,0,0,0,0,0,1,0,0,12,0,0,0,0,0,3.0269868333592873,0
26,9,0,8,0,1,0,0,2,1,1,0,0,0,0,0,0,1,0,3,0,0,3,0,0,0,0,0,0,0,0,0,1,0,0,0,0,0,0,0,1,0,0,8,0,0,0,0,0,2.9477027792200903,0
105,31,25,41,0,1,3,0,6,1,1,0,0,0,0,0,0,1,3,12,0,0,3,0,0,0,4,0,0,4,6,4,1,0,0,0,4,0,4,0,0,0,0,27,4,0,0,0,0,3.88904953591417,1
30,13,0,8,0,1,0,0,2,1,1,0,0,0,0,0,0,1,0,4,0,0,3,0,0,0,0,0,0,0,0,0,1,0,0,0,0,0,0,0,1,0,0,12,0,0,0,0,0,3.0269868333592873,0
106,31,25,42,0,1,3,0,6,1,1,0,0,0,0,0,0,1,3,12,0,0,3,0,0,0,4,0,0,4,6,4,1,0,0,0,4,0,4,0,0,0,0,27,4,0,0,0,0,3.88904953591417,1
35,13,14,0,0,1,0,0,4,0,0,0,0,0,0,0,0,1,0,6,0,0,3,0,0,0,2,0,0,2,7,5,0,0,0,0,0,0,0,0,1,0,0,12,0,0,0,0,0,3.334679141051595,0
96,13,25,50,0,3,0,0,6,1,1,0,0,0,0,0,0,3,0,0,1,0,0,0,0,0,4,0,0,4,6,4,1,0,0,1,3,0,14,0,0,0,10,0,4,1,1,0,0,2.5654483718208256,1
66,13,25,20,0,3,0,0,6,1,1,0,0,0,0,0,0,3,0,0,1,0,0,0,0,0,4,0,0,4,6,4,1,0,0,1,3,0,14,0,0,0,10,0,4,1,1,0,0,2.5654483718208256,1
96,21,25,42,0,1,2,0,6,1,1,0,0,0,0,0,0,1,2,6,0,0,3,0,0,0,4,0,0,4,6,4,1,0,0,0,4,0,4,0,0,0,0,18,4,0,0,0,0,3.8208888513501886,1
30,13,0,8,0,1,0,0,2,1,1,0,0,0,0,0,0,1,0,4,0,0,3,0,0,0,0,0,0,0,0,0,1,0,0,0,0,0,0,0,1,0,0,12,0,0,0,0,0,3.0269868333592873,0
27,10,0,8,0,1,0,0,2,1,1,0,0,0,0,0,0,1,0,3,0,0,3,0,0,0,0,0,0,0,0,0,1,0,0,0,0,0,0,0,1,0,0,9,0,0,0,0,0,3.3219280948873626,0
84,21,25,30,0,1,2,0,6,1,1,0,0,0,0,0,0,1,2,6,0,0,3,0,0,0,4,0,0,4,6,4,1,0,0,0,4,0,4,0,0,0,0,18,4,0,0,0,0,3.8208888513501886,1
30,13,0,8,0,1,0,0,2,1,1,0,0,0,0,0,0,1,0,6,0,0,3,0,0,0,0,0,0,0,0,0,1,0,0,0,0,0,0,0,1,0,0,12,0,0,0,0,0,3.334679141051595,0
84,21,25,30,0,1,2,0,6,1,1,0,0,0,0,0,0,1,2,6,0,0,3,0,0,0,4,0,0,4,6,4,1,0,0,0,4,0,4,0,0,0,0,18,4,0,0,0,0,3.8208888513501886,1
86,20,25,33,0,1,2,0,6,1,1,0,0,0,0,0,0,1,2,6,0,0,4,0,0,0,4,0,0,4,6,4,1,0,0,0,5,0,4,0,0,0,0,17,4,0,0,0,0,3.684183719779189,1
95,21,25,41,0,1,2,0,6,1,1,0,0,0,0,0,0,1,2,6,0,0,3,0,0,0,4,0,0,4,6,4,1,0,0,0,4,0,4,0,0,0,0,18,4,0,0,0,0,3.8208888513501886,1
32,10,14,0,0,1,0,0,4,0,0,0,0,0,0,0,0,1,0,3,0,0,3,0,0,0,2,0,0,2,7,5,0,0,0,0,0,0,0,0,1,0,0,9,0,0,0,0,0,3.3219280948873626,0
27,10,0,8,0,1,0,0,2,1,1,0,0,0,0,0,0,1,0,4,0,0,3,0,0,0,0,0,0,0,0,0,1,0,0,0,0,0,0,0,1,0,0,9,0,0,0,0,0,2.6464393446710157,0
74,13,25,28,0,3,0,0,6,1,1,0,0,0,0,0,0,3,0,0,1,0,0,0,0,0,4,0,0,4,6,4,1,0,0,1,3,0,14,0,0,0,10,0,4,1,1,0,0,2.5654483718208256,1
95,20,25,42,0,1,2,0,6,1,1,0,0,0,0,0,0,1,2,6,0,0,4,0,0,0,4,0,0,4,6,4,1,0,0,0,5,0,4,0,0,0,0,17,4,0,0,0,0,3.684183719779189,1
118,31,25,54,0,1,3,0,6,1,1,0,0,0,0,0,0,1,3,12,0,0,3,0,0,0,4,0,0,4,6,4,1,0,0,0,4,0,4,0,0,0,0,27,4,0,0,0,0,3.88904953591417,1
27,10,0,8,0,1,0,0,2,1,1,0,0,0,0,0,0,1,0,4,0,0,3,0,0,0,0,0,0,0,0,0,1,0,0,0,0,0,0,0,1,0,0,9,0,0,0,0,0,2.6464393446710157,0
85,20,25,32,0,1,2,0,6,1,1,0,0,0,0,0,0,1,2,6,0,0,4,0,0,0,4,0,0,4,6,4,1,0,0,0,5,0,4,0,0,0,0,17,4,0,0,0,0,3.684183719779189,1
99,20,25,46,0,1,2,0,6,1,1,0,0,0,0,0,0,1,2,6,0,0,4,0,0,0,4,0,0,4,6,4,1,0,0,0,5,0,4,0,0,0,0,17,4,0,0,0,0,3.684183719779189,1
31,9,14,0,0,1,0,0,4,0,0,0,0,0,0,0,0,1,0,3,0,0,3,0,0,0,2,0,0,2,7,5,0,0,0,0,0,0,0,0,1,0,0,8,0,0,0,0,0,2.9477027792200903,0
67,13,25,21,0,3,0,0,6,1,1,0,0,0,0,0,0,3,0,0,1,0,0,0,0,0,4,0,0,4,6,4,1,0,0,1,3,0,14,0,0,0,10,0,4,1,1,0,0,2.5654483718208256,1
21,13,0,0,0,1,0,0,2,0,0,0,0,0,0,0,0,1,0,4,0,0,3,0,0,0,0,0,0,0,0,0,0,0,0,0,0,0,0,0,1,0,0,12,0,0,0,0,0,3.0269868333592873,0
92,21,25,38,0,1,2,0,6,1,1,0,0,0,0,0,0,1,2,6,0,0,3,0,0,0,4,0,0,4,6,4,1,0,0,0,4,0,4,0,0,0,0,18,4,0,0,0,0,3.8208888513501886,1
32,10,14,0,0,1,0,0,4,0,0,0,0,0,0,0,0,1,0,3,0,0,3,0,0,0,2,0,0,2,7,5,0,0,0,0,0,0,0,0,1,0,0,9,0,0,0,0,0,3.3219280948873626,0
97,31,25,33,0,1,3,0,6,1,1,0,0,0,0,0,0,1,3,12,0,0,3,0,0,0,4,0,0,4,6,4,1,0,0,0,4,0,4,0,0,0,0,27,4,0,0,0,0,3.88904953591417,1
35,13,14,0,0,1,0,0,4,0,0,0,0,0,0,0,0,1,0,4,0,0,3,0,0,0,2,0,0,2,7,5,0,0,0,0,0,0,0,0,1,0,0,12,0,0,0,0,0,3.0269868333592873,0
97,20,25,44,0,1,2,0,6,1,1,0,0,0,0,0,0,1,2,6,0,0,4,0,0,0,4,0,0,4,6,4,1,0,0,0,5,0,4,0,0,0,0,17,4,0,0,0,0,3.684183719779189,1
79,21,25,25,0,1,2,0,6,1,1,0,0,0,0,0,0,1,2,6,0,0,3,0,0,0,4,0,0,4,6,4,1,0,0,0,4,0,4,0,0,0,0,18,4,0,0,0,0,3.8208888513501886,1
102,13,25,56,0,3,0,0,6,1,1,0,0,0,0,0,0,3,0,0,1,0,0,0,0,0,4,0,0,4,6,4,1,0,0,1,3,0,14,0,0,0,10,0,4,1,1,0,0,2.5654483718208256,1
103,31,25,39,0,1,3,0,6,1,1,0,0,0,0,0,0,1,3,12,0,0,3,0,0,0,4,0,0,4,6,4,1,0,0,0,4,0,4,0,0,0,0,27,4,0,0,0,0,3.88904953591417,1
35,13,14,0,0,1,0,0,4,0,0,0,0,0,0,0,0,1,0,4,0,0,3,0,0,0,2,0,0,2,7,5,0,0,0,0,0,0,0,0,1,0,0,12,0,0,0,0,0,3.0269868333592873,0
17,9,0,0,0,1,0,0,2,0,0,0,0,0,0,0,0,1,0,3,0,0,3,0,0,0,0,0,0,0,0,0,0,0,0,0,0,0,0,0,1,0,0,8,0,0,0,0,0,2.9477027792200903,0
90,31,25,26,0,1,3,0,6,1,1,0,0,0,0,0,0,1,3,12,0,0,3,0,0,0,4,0,0,4,6,4,1,0,0,0,4,0,4,0,0,0,0,27,4,0,0,0,0,3.88904953591417,1
27,10,0,8,0,1,0,0,2,1,1,0,0,0,0,0,0,1,0,4,0,0,3,0,0,0,0,0,0,0,0,0,1,0,0,0,0,0,0,0,1,0,0,9,0,0,0,0,0,2.6464393446710157,0
21,13,0,0,0,1,0,0,2,0,0,0,0,0,0,0,0,1,0,6,0,0,3,0,0,0,0,0,0,0,0,0,0,0,0,0,0,0,0,0,1,0,0,12,0,0,0,0,0,3.334679141051595,0
30,13,0,8,0,1,0,0,2,1,1,0,0,0,0,0,0,1,0,6,0,0,3,0,0,0,0,0,0,0,0,0,1,0,0,0,0,0,0,0,1,0,0,12,0,0,0,0,0,3.334679141051595,0
75,20,25,22,0,1,2,0,6,1,1,0,0,0,0,0,0,1,2,6,0,0,4,0,0,0,4,0,0,4,6,4,1,0,0,0,5,0,4,0,0,0,0,17,4,0,0,0,0,3.684183719779189,1
101,13,25,55,0,3,0,0,6,1,1,0,0,0,0,0,0,3,0,0,1,0,0,0,0,0,4,0,0,4,6,4,1,0,0,1,3,0,14,0,0,0,10,0,4,1,1,0,0,2.5654483718208256,1
27,10,0,8,0,1,0,0,2,1,1,0,0,0,0,0,0,1,0,3,0,0,3,0,0,0,0,0,0,0,0,0,1,0,0,0,0,0,0,0,1,0,0,9,0,0,0,0,0,3.3219280948873626,0
92,21,25,38,0,1,2,0,6,1,1,0,0,0,0,0,0,1,2,6,0,0,3,0,0,0,4,0,0,4,6,4,1,0,0,0,4,0,4,0,0,0,0,18,4,0,0,0,0,3.8208888513501886,1
96,21,25,42,0,1,2,0,6,1,1,0,0,0,0,0,0,1,2,6,0,0,3,0,0,0,4,0,0,4,6,4,1,0,0,0,4,0,4,0,0,0,0,18,4,0,0,0,0,3.8208888513501886,1
119,31,25,55,0,1,3,0,6,1,1,0,0,0,0,0,0,1,3,12,0,0,3,0,0,0,4,0,0,4,6,4,1,0,0,0,4,0,4,0,0,0,0,27,4,0,0,0,0,3.88904953591417,1
95,20,25,42,0,1,2,0,6,1,1,0,0,0,0,0,0,1,2,6,0,0,4,0,0,0,4,0,0,4,6,4,1,0,0,0,5,0,4,0,0,0,0,17,4,0,0,0,0,3.684183719779189,1
88,13,25,42,0,3,0,0,6,1,1,0,0,0,0,0,0,3,0,0,1,0,0,0,0,0,4,0,0,4,6,4,1,0,0,1,3,0,14,0,0,0,10,0,4,1,1,0,0,2.5654483718208256,1
44,13,14,8,0,1,0,0,4,1,1,0,0,0,0,0,0,1,0,4,0,0,3,0,0,0,2,0,0,2,7,5,1,0,0,0,0,0,0,0,1,0,0,12,0,0,0,0,0,3.0269868333592873,0
107,31,25,43,0,1,3,0,6,1,1,0,0,0,0,0,0,1,3,12,0,0,3,0,0,0,4,0,0,4,6,4,1,0,0,0,4,0,4,0,0,0,0,27,4,0,0,0,0,3.88904953591417,1
77,20,25,24,0,1,2,0,6,1,1,0,0,0,0,0,0,1,2,6,0,0,4,0,0,0,4,0,0,4,6,4,1,0,0,0,5,0,4,0,0,0,0,17,4,0,0,0,0,3.684183719779189,1
108,21,25,54,0,1,2,0,6,1,1,0,0,0,0,0,0,1,2,6,0,0,3,0,0,0,4,0,0,4,6,4,1,0,0,0,4,0,4,0,0,0,0,18,4,0,0,0,0,3.8208888513501886,1
35,13,14,0,0,1,0,0,4,0,0,0,0,0,0,0,0,1,0,6,0,0,3,0,0,0,2,0,0,2,7,5,0,0,0,0,0,0,0,0,1,0,0,12,0,0,0,0,0,3.334679141051595,0
31,9,14,0,0,1,0,0,4,0,0,0,0,0,0,0,0,1,0,3,0,0,3,0,0,0,2,0,0,2,7,5,0,0,0,0,0,0,0,0,1,0,0,8,0,0,0,0,0,2.9477027792200903,0
27,10,0,8,0,1,0,0,2,1,1,0,0,0,0,0,0,1,0,4,0,0,3,0,0,0,0,0,0,0,0,0,1,0,0,0,0,0,0,0,1,0,0,9,0,0,0,0,0,2.6464393446710157,0
86,13,25,40,0,3,0,0,6,1,1,0,0,0,0,0,0,3,0,0,1,0,0,0,0,0,4,0,0,4,6,4,1,0,0,1,3,0,14,0,0,0,10,0,4,1,1,0,0,2.5654483718208256,1
108,20,25,55,0,1,2,0,6,1,1,0,0,0,0,0,0,1,2,6,0,0,4,0,0,0,4,0,0,4,6,4,1,0,0,0,5,0,4,0,0,0,0,17,4,0,0,0,0,3.684183719779189,1
81,31,25,17,0,1,3,0,6,1,1,0,0,0,0,0,0,1,3,12,0,0,3,0,0,0,4,0,0,4,6,4,1,0,0,0,4,0,4,0,0,0,0,27,4,0,0,0,0,3.88904953591417,1
30,13,0,8,0,1,0,0,2,1,1,0,0,0,0,0,0,1,0,6,0,0,3,0,0,0,0,0,0,0,0,0,1,0,0,0,0,0,0,0,1,0,0,12,0,0,0,0,0,3.334679141051595,0
21,13,0,0,0,1,0,0,2,0,0,0,0,0,0,0,0,1,0,4,0,0,3,0,0,0,0,0,0,0,0,0,0,0,0,0,0,0,0,0,1,0,0,12,0,0,0,0,0,3.0269868333592873,0
97,20,25,44,0,1,2,0,6,1,1,0,0,0,0,0,0,1,2,6,0,0,4,0,0,0,4,0,0,4,6,4,1,0,0,0,5,0,4,0,0,0,0,17,4,0,0,0,0,3.684183719779189,1
17,9,0,0,0,1,0,0,2,0,0,0,0,0,0,0,0,1,0,3,0,0,3,0,0,0,0,0,0,0,0,0,0,0,0,0,0,0,0,0,1,0,0,8,0,0,0,0,0,2.9477027792200903,0
41,10,14,8,0,1,0,0,4,1,1,0,0,0,0,0,0,1,0,3,0,0,3,0,0,0,2,0,0,2,7,5,1,0,0,0,0,0,0,0,1,0,0,9,0,0,0,0,0,3.3219280948873626,0
32,10,14,0,0,1,0,0,4,0,0,0,0,0,0,0,0,1,0,3,0,0,3,0,0,0,2,0,0,2,7,5,0,0,0,0,0,0,0,0,1,0,0,9,0,0,0,0,0,3.3219280948873626,0
21,13,0,0,0,1,0,0,2,0,0,0,0,0,0,0,0,1,0,4,0,0,3,0,0,0,0,0,0,0,0,0,0,0,0,0,0,0,0,0,1,0,0,12,0,0,0,0,0,3.0269868333592873,0
18,10,0,0,0,1,0,0,2,0,0,0,0,0,0,0,0,1,0,3,0,0,3,0,0,0,0,0,0,0,0,0,0,0,0,0,0,0,0,0,1,0,0,9,0,0,0,0,0,3.3219280948873626,0
93,21,25,39,0,1,2,0,6,1,1,0,0,0,0,0,0,1,2,6,0,0,3,0,0,0,4,0,0,4,6,4,1,0,0,0,4,0,4,0,0,0,0,18,4,0,0,0,0,3.8208888513501886,1
91,20,25,38,0,1,2,0,6,1,1,0,0,0,0,0,0,1,2,6,0,0,4,0,0,0,4,0,0,4,6,4,1,0,0,0,5,0,4,0,0,0,0,17,4,0,0,0,0,3.684183719779189,1
27,10,0,8,0,1,0,0,2,1,1,0,0,0,0,0,0,1,0,3,0,0,3,0,0,0,0,0,0,0,0,0,1,0,0,0,0,0,0,0,1,0,0,9,0,0,0,0,0,3.3219280948873626,0
30,13,0,8,0,1,0,0,2,1,1,0,0,0,0,0,0,1,0,6,0,0,3,0,0,0,0,0,0,0,0,0,1,0,0,0,0,0,0,0,1,0,0,12,0,0,0,0,0,3.334679141051595,0
109,20,25,56,0,1,2,0,6,1,1,0,0,0,0,0,0,1,2,6,0,0,4,0,0,0,4,0,0,4,6,4,1,0,0,0,5,0,4,0,0,0,0,17,4,0,0,0,0,3.684183719779189,1
17,9,0,0,0,1,0,0,2,0,0,0,0,0,0,0,0,1,0,3,0,0,3,0,0,0,0,0,0,0,0,0,0,0,0,0,0,0,0,0,1,0,0,8,0,0,0,0,0,2.9477027792200903,0
21,13,0,0,0,1,0,0,2,0,0,0,0,0,0,0,0,1,0,4,0,0,3,0,0,0,0,0,0,0,0,0,0,0,0,0,0,0,0,0,1,0,0,12,0,0,0,0,0,3.0269868333592873,0
114,31,25,50,0,1,3,0,6,1,1,0,0,0,0,0,0,1,3,12,0,0,3,0,0,0,4,0,0,4,6,4,1,0,0,0,4,0,4,0,0,0,0,27,4,0,0,0,0,3.88904953591417,1
88,21,25,34,0,1,2,0,6,1,1,0,0,0,0,0,0,1,2,6,0,0,3,0,0,0,4,0,0,4,6,4,1,0,0,0,4,0,4,0,0,0,0,18,4,0,0,0,0,3.8208888513501886,1
18,10,0,0,0,1,0,0,2,0,0,0,0,0,0,0,0,1,0,3,0,0,3,0,0,0,0,0,0,0,0,0,0,0,0,0,0,0,0,0,1,0,0,9,0,0,0,0,0,3.3219280948873626,0
83,31,25,19,0,1,3,0,6,1,1,0,0,0,0,0,0,1,3,12,0,0,3,0,0,0,4,0,0,4,6,4,1,0,0,0,4,0,4,0,0,0,0,27,4,0,0,0,0,3.88904953591417,1
18,10,0,0,0,1,0,0,2,0,0,0,0,0,0,0,0,1,0,3,0,0,3,0,0,0,0,0,0,0,0,0,0,0,0,0,0,0,0,0,1,0,0,9,0,0,0,0,0,3.3219280948873626,0
90,13,25,44,0,3,0,0,6,1,1,0,0,0,0,0,0,3,0,0,1,0,0,0,0,0,4,0,0,4,6,4,1,0,0,1,3,0,14,0,0,0,10,0,4,1,1,0,0,2.5654483718208256,1
27,10,0,8,0,1,0,0,2,1,1,0,0,0,0,0,0,1,0,4,0,0,3,0,0,0,0,0,0,0,0,0,1,0,0,0,0,0,0,0,1,0,0,9,0,0,0,0,0,2.6464393446710157,0
18,10,0,0,0,1,0,0,2,0,0,0,0,0,0,0,0,1,0,4,0,0,3,0,0,0,0,0,0,0,0,0,0,0,0,0,0,0,0,0,1,0,0,9,0,0,0,0,0,2.6464393446710157,0
41,10,14,8,0,1,0,0,4,1,1,0,0,0,0,0,0,1,0,3,0,0,3,0,0,0,2,0,0,2,7,5,1,0,0,0,0,0,0,0,1,0,0,9,0,0,0,0,0,3.3219280948873626,0
32,10,14,0,0,1,0,0,4,0,0,0,0,0,0,0,0,1,0,4,0,0,3,0,0,0,2,0,0,2,7,5,0,0,0,0,0,0,0,0,1,0,0,9,0,0,0,0,0,2.6464393446710157,0
93,20,25,40,0,1,2,0,6,1,1,0,0,0,0,0,0,1,2,6,0,0,4,0,0,0,4,0,0,4,6,4,1,0,0,0,5,0,4,0,0,0,0,17,4,0,0,0,0,3.684183719779189,1
72,21,25,18,0,1,2,0,6,1,1,0,0,0,0,0,0,1,2,6,0,0,3,0,0,0,4,0,0,4,6,4,1,0,0,0,4,0,4,0,0,0,0,18,4,0,0,0,0,3.8208888513501886,1
27,10,0,8,0,1,0,0,2,1,1,0,0,0,0,0,0,1,0,4,0,0,3,0,0,0,0,0,0,0,0,0,1,0,0,0,0,0,0,0,1,0,0,9,0,0,0,0,0,2.6464393446710157,0
21,13,0,0,0,1,0,0,2,0,0,0,0,0,0,0,0,1,0,6,0,0,3,0,0,0,0,0,0,0,0,0,0,0,0,0,0,0,0,0,1,0,0,12,0,0,0,0,0,3.334679141051595,0
41,10,14,8,0,1,0,0,4,1,1,0,0,0,0,0,0,1,0,4,0,0,3,0,0,0,2,0,0,2,7,5,1,0,0,0,0,0,0,0,1,0,0,9,0,0,0,0,0,2.6464393446710157,0
73,20,25,20,0,1,2,0,6,1,1,0,0,0,0,0,0,1,2,6,0,0,4,0,0,0,4,0,0,4,6,4,1,0,0,0,5,0,4,0,0,0,0,17,4,0,0,0,0,3.684183719779189,1
31,9,14,0,0,1,0,0,4,0,0,0,0,0,0,0,0,1,0,3,0,0,3,0,0,0,2,0,0,2,7,5,0,0,0,0,0,0,0,0,1,0,0,8,0,0,0,0,0,2.9477027792200903,0
41,10,14,8,0,1,0,0,4,1,1,0,0,0,0,0,0,1,0,3,0,0,3,0,0,0,2,0,0,2,7,5,1,0,0,0,0,0,0,0,1,0,0,9,0,0,0,0,0,3.3219280948873626,0
32,10,14,0,0,1,0,0,4,0,0,0,0,0,0,0,0,1,0,3,0,0,3,0,0,0,2,0,0,2,7,5,0,0,0,0,0,0,0,0,1,0,0,9,0,0,0,0,0,3.3219280948873626,0
95,13,25,49,0,3,0,0,6,1,1,0,0,0,0,0,0,3,0,0,1,0,0,0,0,0,4,0,0,4,6,4,1,0,0,1,3,0,14,0,0,0,10,0,4,1,1,0,0,2.5654483718208256,1
96,21,25,42,0,1,2,0,6,1,1,0,0,0,0,0,0,1,2,6,0,0,3,0,0,0,4,0,0,4,6,4,1,0,0,0,4,0,4,0,0,0,0,18,4,0,0,0,0,3.8208888513501886,1
82,13,25,36,0,3,0,0,6,1,1,0,0,0,0,0,0,3,0,0,1,0,0,0,0,0,4,0,0,4,6,4,1,0,0,1,3,0,14,0,0,0,10,0,4,1,1,0,0,2.5654483718208256,1
99,13,25,53,0,3,0,0,6,1,1,0,0,0,0,0,0,3,0,0,1,0,0,0,0,0,4,0,0,4,6,4,1,0,0,1,3,0,14,0,0,0,10,0,4,1,1,0,0,2.5654483718208256,1
71,21,25,17,0,1,2,0,6,1,1,0,0,0,0,0,0,1,2,6,0,0,3,0,0,0,4,0,0,4,6,4,1,0,0,0,4,0,4,0,0,0,0,18,4,0,0,0,0,3.8208888513501886,1
91,13,25,45,0,3,0,0,6,1,1,0,0,0,0,0,0,3,0,0,1,0,0,0,0,0,4,0,0,4,6,4,1,0,0,1,3,0,14,0,0,0,10,0,4,1,1,0,0,2.5654483718208256,1
83,20,25,30,0,1,2,0,6,1,1,0,0,0,0,0,0,1,2,6,0,0,4,0,0,0,4,0,0,4,6,4,1,0,0,0,5,0,4,0,0,0,0,17,4,0,0,0,0,3.684183719779189,1
18,10,0,0,0,1,0,0,2,0,0,0,0,0,0,0,0,1,0,4,0,0,3,0,0,0,0,0,0,0,0,0,0,0,0,0,0,0,0,0,1,0,0,9,0,0,0,0,0,2.6464393446710157,0
84,20,25,31,0,1,2,0,6,1,1,0,0,0,0,0,0,1,2,6,0,0,4,0,0,0,4,0,0,4,6,4,1,0,0,0,5,0,4,0,0,0,0,17,4,0,0,0,0,3.684183719779189,1
27,10,0,8,0,1,0,0,2,1,1,0,0,0,0,0,0,1,0,3,0,0,3,0,0,0,0,0,0,0,0,0,1,0,0,0,0,0,0,0,1,0,0,9,0,0,0,0,0,3.3219280948873626,0
100,21,25,46,0,1,2,0,6,1,1,0,0,0,0,0,0,1,2,6,0,0,3,0,0,0,4,0,0,4,6,4,1,0,0,0,4,0,4,0,0,0,0,18,4,0,0,0,0,3.8208888513501886,1
109,20,25,56,0,1,2,0,6,1,1,0,0,0,0,0,0,1,2,6,0,0,4,0,0,0,4,0,0,4,6,4,1,0,0,0,5,0,4,0,0,0,0,17,4,0,0,0,0,3.684183719779189,1
78,13,25,32,0,3,0,0,6,1,1,0,0,0,0,0,0,3,0,0,1,0,0,0,0,0,4,0,0,4,6,4,1,0,0,1,3,0,14,0,0,0,10,0,4,1,1,0,0,2.5654483718208256,1
79,20,25,26,0,1,2,0,6,1,1,0,0,0,0,0,0,1,2,6,0,0,4,0,0,0,4,0,0,4,6,4,1,0,0,0,5,0,4,0,0,0,0,17,4,0,0,0,0,3.684183719779189,1
107,21,25,53,0,1,2,0,6,1,1,0,0,0,0,0,0,1,2,6,0,0,3,0,0,0,4,0,0,4,6,4,1,0,0,0,4,0,4,0,0,0,0,18,4,0,0,0,0,3.8208888513501886,1
40,9,14,8,0,1,0,0,4,1,1,0,0,0,0,0,0,1,0,3,0,0,3,0,0,0,2,0,0,2,7,5,1,0,0,0,0,0,0,0,1,0,0,8,0,0,0,0,0,2.9477027792200903,0
27,10,0,8,0,1,0,0,2,1,1,0,0,0,0,0,0,1,0,4,0,0,3,0,0,0,0,0,0,0,0,0,1,0,0,0,0,0,0,0,1,0,0,9,0,0,0,0,0,2.6464393446710157,0
32,10,14,0,0,1,0,0,4,0,0,0,0,0,0,0,0,1,0,3,0,0,3,0,0,0,2,0,0,2,7,5,0,0,0,0,0,0,0,0,1,0,0,9,0,0,0,0,0,3.3219280948873626,0
110,31,25,46,0,1,3,0,6,1,1,0,0,0,0,0,0,1,3,12,0,0,3,0,0,0,4,0,0,4,6,4,1,0,0,0,4,0,4,0,0,0,0,27,4,0,0,0,0,3.88904953591417,1
18,10,0,0,0,1,0,0,2,0,0,0,0,0,0,0,0,1,0,4,0,0,3,0,0,0,0,0,0,0,0,0,0,0,0,0,0,0,0,0,1,0,0,9,0,0,0,0,0,2.6464393446710157,0
30,13,0,8,0,1,0,0,2,1,1,0,0,0,0,0,0,1,0,6,0,0,3,0,0,0,0,0,0,0,0,0,1,0,0,0,0,0,0,0,1,0,0,12,0,0,0,0,0,3.334679141051595,0
17,9,0,0,0,1,0,0,2,0,0,0,0,0,0,0,0,1,0,3,0,0,3,0,0,0,0,0,0,0,0,0,0,0,0,0,0,0,0,0,1,0,0,8,0,0,0,0,0,2.9477027792200903,0
106,20,25,53,0,1,2,0,6,1,1,0,0,0,0,0,0,1,2,6,0,0,4,0,0,0,4,0,0,4,6,4,1,0,0,0,5,0,4,0,0,0,0,17,4,0,0,0,0,3.684183719779189,1
21,13,0,0,0,1,0,0,2,0,0,0,0,0,0,0,0,1,0,4,0,0,3,0,0,0,0,0,0,0,0,0,0,0,0,0,0,0,0,0,1,0,0,12,0,0,0,0,0,3.0269868333592873,0
27,10,0,8,0,1,0,0,2,1,1,0,0,0,0,0,0,1,0,4,0,0,3,0,0,0,0,0,0,0,0,0,1,0,0,0,0,0,0,0,1,0,0,9,0,0,0,0,0,2.6464393446710157,0
35,13,14,0,0,1,0,0,4,0,0,0,0,0,0,0,0,1,0,6,0,0,3,0,0,0,2,0,0,2,7,5,0,0,0,0,0,0,0,0,1,0,0,12,0,0,0,0,0,3.334679141051595,0
90,21,25,36,0,1,2,0,6,1,1,0,0,0,0,0,0,1,2,6,0,0,3,0,0,0,4,0,0,4,6,4,1,0,0,0,4,0,4,0,0,0,0,18,4,0,0,0,0,3.8208888513501886,1
77,20,25,24,0,1,2,0,6,1,1,0,0,0,0,0,0,1,2,6,0,0,4,0,0,0,4,0,0,4,6,4,1,0,0,0,5,0,4,0,0,0,0,17,4,0,0,0,0,3.684183719779189,1
71,13,25,25,0,3,0,0,6,1,1,0,0,0,0,0,0,3,0,0,1,0,0,0,0,0,4,0,0,4,6,4,1,0,0,1,3,0,14,0,0,0,10,0,4,1,1,0,0,2.5654483718208256,1
17,9,0,0,0,1,0,0,2,0,0,0,0,0,0,0,0,1,0,3,0,0,3,0,0,0,0,0,0,0,0,0,0,0,0,0,0,0,0,0,1,0,0,8,0,0,0,0,0,2.9477027792200903,0
94,21,25,40,0,1,2,0,6,1,1,0,0,0,0,0,0,1,2,6,0,0,3,0,0,0,4,0,0,4,6,4,1,0,0,0,4,0,4,0,0,0,0,18,4,0,0,0,0,3.8208888513501886,1
35,13,14,0,0,1,0,0,4,0,0,0,0,0,0,0,0,1,0,6,0,0,3,0,0,0,2,0,0,2,7,5,0,0,0,0,0,0,0,0,1,0,0,12,0,0,0,0,0,3.334679141051595,0
101,21,25,47,0,1,2,0,6,1,1,0,0,0,0,0,0,1,2,6,0,0,3,0,0,0,4,0,0,4,6,4,1,0,0,0,4,0,4,0,0,0,0,18,4,0,0,0,0,3.8208888513501886,1
40,9,14,8,0,1,0,0,4,1,1,0,0,0,0,0,0,1,0,3,0,0,3,0,0,0,2,0,0,2,7,5,1,0,0,0,0,0,0,0,1,0,0,8,0,0,0,0,0,2.9477027792200903,0
71,21,25,17,0,1,2,0,6,1,1,0,0,0,0,0,0,1,2,6,0,0,3,0,0,0,4,0,0,4,6,4,1,0,0,0,4,0,4,0,0,0,0,18,4,0,0,0,0,3.8208888513501886,1
71,21,25,17,0,1,2,0,6,1,1,0,0,0,0,0,0,1,2,6,0,0,3,0,0,0,4,0,0,4,6,4,1,0,0,0,4,0,4,0,0,0,0,18,4,0,0,0,0,3.8208888513501886,1
110,21,25,56,0,1,2,0,6,1,1,0,0,0,0,0,0,1,2,6,0,0,3,0,0,0,4,0,0,4,6,4,1,0,0,0,4,0,4,0,0,0,0,18,4,0,0,0,0,3.8208888513501886,1
18,10,0,0,0,1,0,0,2,0,0,0,0,0,0,0,0,1,0,3,0,0,3,0,0,0,0,0,0,0,0,0,0,0,0,0,0,0,0,0,1,0,0,9,0,0,0,0,0,3.3219280948873626,0
32,10,14,0,0,1,0,0,4,0,0,0,0,0,0,0,0,1,0,3,0,0,3,0,0,0,2,0,0,2,7,5,0,0,0,0,0,0,0,0,1,0,0,9,0,0,0,0,0,3.3219280948873626,0
93,20,25,40,0,1,2,0,6,1,1,0,0,0,0,0,0,1,2,6,0,0,4,0,0,0,4,0,0,4,6,4,1,0,0,0,5,0,4,0,0,0,0,17,4,0,0,0,0,3.684183719779189,1
41,10,14,8,0,1,0,0,4,1,1,0,0,0,0,0,0,1,0,4,0,0,3,0,0,0,2,0,0,2,7,5,1,0,0,0,0,0,0,0,1,0,0,9,0,0,0,0,0,2.6464393446710157,0
115,31,25,51,0,1,3,0,6,1,1,0,0,0,0,0,0,1,3,12,0,0,3,0,0,0,4,0,0,4,6,4,1,0,0,0,4,0,4,0,0,0,0,27,4,0,0,0,0,3.88904953591417,1
21,13,0,0,0,1,0,0,2,0,0,0,0,0,0,0,0,1,0,6,0,0,3,0,0,0,0,0,0,0,0,0,0,0,0,0,0,0,0,0,1,0,0,12,0,0,0,0,0,3.334679141051595,0
72,20,25,19,0,1,2,0,6,1,1,0,0,0,0,0,0,1,2,6,0,0,4,0,0,0,4,0,0,4,6,4,1,0,0,0,5,0,4,0,0,0,0,17,4,0,0,0,0,3.684183719779189,1
91,21,25,37,0,1,2,0,6,1,1,0,0,0,0,0,0,1,2,6,0,0,3,0,0,0,4,0,0,4,6,4,1,0,0,0,4,0,4,0,0,0,0,18,4,0,0,0,0,3.8208888513501886,1
32,10,14,0,0,1,0,0,4,0,0,0,0,0,0,0,0,1,0,3,0,0,3,0,0,0,2,0,0,2,7,5,0,0,0,0,0,0,0,0,1,0,0,9,0,0,0,0,0,3.3219280948873626,0
75,21,25,21,0,1,2,0,6,1,1,0,0,0,0,0,0,1,2,6,0,0,3,0,0,0,4,0,0,4,6,4,1,0,0,0,4,0,4,0,0,0,0,18,4,0,0,0,0,3.8208888513501886,1
27,10,0,8,0,1,0,0,2,1,1,0,0,0,0,0,0,1,0,4,0,0,3,0,0,0,0,0,0,0,0,0,1,0,0,0,0,0,0,0,1,0,0,9,0,0,0,0,0,2.6464393446710157,0
80,20,25,27,0,1,2,0,6,1,1,0,0,0,0,0,0,1,2,6,0,0,4,0,0,0,4,0,0,4,6,4,1,0,0,0,5,0,4,0,0,0,0,17,4,0,0,0,0,3.684183719779189,1
105,31,25,41,0,1,3,0,6,1,1,0,0,0,0,0,0,1,3,12,0,0,3,0,0,0,4,0,0,4,6,4,1,0,0,0,4,0,4,0,0,0,0,27,4,0,0,0,0,3.88904953591417,1
93,20,25,40,0,1,2,0,6,1,1,0,0,0,0,0,0,1,2,6,0,0,4,0,0,0,4,0,0,4,6,4,1,0,0,0,5,0,4,0,0,0,0,17,4,0,0,0,0,3.684183719779189,1
44,13,14,8,0,1,0,0,4,1,1,0,0,0,0,0,0,1,0,4,0,0,3,0,0,0,2,0,0,2,7,5,1,0,0,0,0,0,0,0,1,0,0,12,0,0,0,0,0,3.0269868333592873,0
77,20,25,24,0,1,2,0,6,1,1,0,0,0,0,0,0,1,2,6,0,0,4,0,0,0,4,0,0,4,6,4,1,0,0,0,5,0,4,0,0,0,0,17,4,0,0,0,0,3.684183719779189,1
31,9,14,0,0,1,0,0,4,0,0,0,0,0,0,0,0,1,0,3,0,0,3,0,0,0,2,0,0,2,7,5,0,0,0,0,0,0,0,0,1,0,0,8,0,0,0,0,0,2.9477027792200903,0
32,10,14,0,0,1,0,0,4,0,0,0,0,0,0,0,0,1,0,3,0,0,3,0,0,0,2,0,0,2,7,5,0,0,0,0,0,0,0,0,1,0,0,9,0,0,0,0,0,3.3219280948873626,0
94,13,25,48,0,3,0,0,6,1,1,0,0,0,0,0,0,3,0,0,1,0,0,0,0,0,4,0,0,4,6,4,1,0,0,1,3,0,14,0,0,0,10,0,4,1,1,0,0,2.5654483718208256,1
21,13,0,0,0,1,0,0,2,0,0,0,0,0,0,0,0,1,0,6,0,0,3,0,0,0,0,0,0,0,0,0,0,0,0,0,0,0,0,0,1,0,0,12,0,0,0,0,0,3.334679141051595,0
35,13,14,0,0,1,0,0,4,0,0,0,0,0,0,0,0,1,0,4,0,0,3,0,0,0,2,0,0,2,7,5,0,0,0,0,0,0,0,0,1,0,0,12,0,0,0,0,0,3.0269868333592873,0
102,21,25,48,0,1,2,0,6,1,1,0,0,0,0,0,0,1,2,6,0,0,3,0,0,0,4,0,0,4,6,4,1,0,0,0,4,0,4,0,0,0,0,18,4,0,0,0,0,3.8208888513501886,1
108,21,25,54,0,1,2,0,6,1,1,0,0,0,0,0,0,1,2,6,0,0,3,0,0,0,4,0,0,4,6,4,1,0,0,0,4,0,4,0,0,0,0,18,4,0,0,0,0,3.8208888513501886,1
68,13,25,22,0,3,0,0,6,1,1,0,0,0,0,0,0,3,0,0,1,0,0,0,0,0,4,0,0,4,6,4,1,0,0,1,3,0,14,0,0,0,10,0,4,1,1,0,0,2.5654483718208256,1
70,20,25,17,0,1,2,0,6,1,1,0,0,0,0,0,0,1,2,6,0,0,4,0,0,0,4,0,0,4,6,4,1,0,0,0,5,0,4,0,0,0,0,17,4,0,0,0,0,3.684183719779189,1
73,13,25,27,0,3,0,0,6,1,1,0,0,0,0,0,0,3,0,0,1,0,0,0,0,0,4,0,0,4,6,4,1,0,0,1,3,0,14,0,0,0,10,0,4,1,1,0,0,2.5654483718208256,1
102,21,25,48,0,1,2,0,6,1,1,0,0,0,0,0,0,1,2,6,0,0,3,0,0,0,4,0,0,4,6,4,1,0,0,0,4,0,4,0,0,0,0,18,4,0,0,0,0,3.8208888513501886,1
40,9,14,8,0,1,0,0,4,1,1,0,0,0,0,0,0,1,0,3,0,0,3,0,0,0,2,0,0,2,7,5,1,0,0,0,0,0,0,0,1,0,0,8,0,0,0,0,0,2.9477027792200903,0
90,31,25,26,0,1,3,0,6,1,1,0,0,0,0,0,0,1,3,12,0,0,3,0,0,0,4,0,0,4,6,4,1,0,0,0,4,0,4,0,0,0,0,27,4,0,0,0,0,3.88904953591417,1
27,10,0,8,0,1,0,0,2,1,1,0,0,0,0,0,0,1,0,3,0,0,3,0,0,0,0,0,0,0,0,0,1,0,0,0,0,0,0,0,1,0,0,9,0,0,0,0,0,3.3219280948873626,0
17,9,0,0,0,1,0,0,2,0,0,0,0,0,0,0,0,1,0,3,0,0,3,0,0,0,0,0,0,0,0,0,0,0,0,0,0,0,0,0,1,0,0,8,0,0,0,0,0,2.9477027792200903,0
77,21,25,23,0,1,2,0,6,1,1,0,0,0,0,0,0,1,2,6,0,0,3,0,0,0,4,0,0,4,6,4,1,0,0,0,4,0,4,0,0,0,0,18,4,0,0,0,0,3.8208888513501886,1
17,9,0,0,0,1,0,0,2,0,0,0,0,0,0,0,0,1,0,3,0,0,3,0,0,0,0,0,0,0,0,0,0,0,0,0,0,0,0,0,1,0,0,8,0,0,0,0,0,2.9477027792200903,0
85,31,25,21,0,1,3,0,6,1,1,0,0,0,0,0,0,1,3,12,0,0,3,0,0,0,4,0,0,4,6,4,1,0,0,0,4,0,4,0,0,0,0,27,4,0,0,0,0,3.88904953591417,1
18,10,0,0,0,1,0,0,2,0,0,0,0,0,0,0,0,1,0,4,0,0,3,0,0,0,0,0,0,0,0,0,0,0,0,0,0,0,0,0,1,0,0,9,0,0,0,0,0,2.6464393446710157,0
87,31,25,23,0,1,3,0,6,1,1,0,0,0,0,0,0,1,3,12,0,0,3,0,0,0,4,0,0,4,6,4,1,0,0,0,4,0,4,0,0,0,0,27,4,0,0,0,0,3.88904953591417,1
100,21,25,46,0,1,2,0,6,1,1,0,0,0,0,0,0,1,2,6,0,0,3,0,0,0,4,0,0,4,6,4,1,0,0,0,4,0,4,0,0,0,0,18,4,0,0,0,0,3.8208888513501886,1
82,20,25,29,0,1,2,0,6,1,1,0,0,0,0,0,0,1,2,6,0,0,4,0,0,0,4,0,0,4,6,4,1,0,0,0,5,0,4,0,0,0,0,17,4,0,0,0,0,3.684183719779189,1
108,20,25,55,0,1,2,0,6,1,1,0,0,0,0,0,0,1,2,6,0,0,4,0,0,0,4,0,0,4,6,4,1,0,0,0,5,0,4,0,0,0,0,17,4,0,0,0,0,3.684183719779189,1
93,21,25,39,0,1,2,0,6,1,1,0,0,0,0,0,0,1,2,6,0,0,3,0,0,0,4,0,0,4,6,4,1,0,0,0,4,0,4,0,0,0,0,18,4,0,0,0,0,3.8208888513501886,1
93,13,25,47,0,3,0,0,6,1,1,0,0,0,0,0,0,3,0,0,1,0,0,0,0,0,4,0,0,4,6,4,1,0,0,1,3,0,14,0,0,0,10,0,4,1,1,0,0,2.5654483718208256,1
86,13,25,40,0,3,0,0,6,1,1,0,0,0,0,0,0,3,0,0,1,0,0,0,0,0,4,0,0,4,6,4,1,0,0,1,3,0,14,0,0,0,10,0,4,1,1,0,0,2.5654483718208256,1
90,21,25,36,0,1,2,0,6,1,1,0,0,0,0,0,0,1,2,6,0,0,3,0,0,0,4,0,0,4,6,4,1,0,0,0,4,0,4,0,0,0,0,18,4,0,0,0,0,3.8208888513501886,1
32,10,14,0,0,1,0,0,4,0,0,0,0,0,0,0,0,1,0,4,0,0,3,0,0,0,2,0,0,2,7,5,0,0,0,0,0,0,0,0,1,0,0,9,0,0,0,0,0,2.6464393446710157,0
87,31,25,23,0,1,3,0,6,1,1,0,0,0,0,0,0,1,3,12,0,0,3,0,0,0,4,0,0,4,6,4,1,0,0,0,4,0,4,0,0,0,0,27,4,0,0,0,0,3.88904953591417,1
17,9,0,0,0,1,0,0,2,0,0,0,0,0,0,0,0,1,0,3,0,0,3,0,0,0,0,0,0,0,0,0,0,0,0,0,0,0,0,0,1,0,0,8,0,0,0,0,0,2.9477027792200903,0
80,13,25,34,0,3,0,0,6,1,1,0,0,0,0,0,0,3,0,0,1,0,0,0,0,0,4,0,0,4,6,4,1,0,0,1,3,0,14,0,0,0,10,0,4,1,1,0,0,2.5654483718208256,1
44,13,14,8,0,1,0,0,4,1,1,0,0,0,0,0,0,1,0,6,0,0,3,0,0,0,2,0,0,2,7,5,1,0,0,0,0,0,0,0,1,0,0,12,0,0,0,0,0,3.334679141051595,0
27,10,0,8,0,1,0,0,2,1,1,0,0,0,0,0,0,1,0,4,0,0,3,0,0,0,0,0,0,0,0,0,1,0,0,0,0,0,0,0,1,0,0,9,0,0,0,0,0,2.6464393446710157,0
32,10,14,0,0,1,0,0,4,0,0,0,0,0,0,0,0,1,0,3,0,0,3,0,0,0,2,0,0,2,7,5,0,0,0,0,0,0,0,0,1,0,0,9,0,0,0,0,0,3.3219280948873626,0
70,20,25,17,0,1,2,0,6,1,1,0,0,0,0,0,0,1,2,6,0,0,4,0,0,0,4,0,0,4,6,4,1,0,0,0,5,0,4,0,0,0,0,17,4,0,0,0,0,3.684183719779189,1
21,13,0,0,0,1,0,0,2,0,0,0,0,0,0,0,0,1,0,6,0,0,3,0,0,0,0,0,0,0,0,0,0,0,0,0,0,0,0,0,1,0,0,12,0,0,0,0,0,3.334679141051595,0
76,21,25,22,0,1,2,0,6,1,1,0,0,0,0,0,0,1,2,6,0,0,3,0,0,0,4,0,0,4,6,4,1,0,0,0,4,0,4,0,0,0,0,18,4,0,0,0,0,3.8208888513501886,1
106,21,25,52,0,1,2,0,6,1,1,0,0,0,0,0,0,1,2,6,0,0,3,0,0,0,4,0,0,4,6,4,1,0,0,0,4,0,4,0,0,0,0,18,4,0,0,0,0,3.8208888513501886,1
35,13,14,0,0,1,0,0,4,0,0,0,0,0,0,0,0,1,0,4,0,0,3,0,0,0,2,0,0,2,7,5,0,0,0,0,0,0,0,0,1,0,0,12,0,0,0,0,0,3.0269868333592873,0
30,13,0,8,0,1,0,0,2,1,1,0,0,0,0,0,0,1,0,6,0,0,3,0,0,0,0,0,0,0,0,0,1,0,0,0,0,0,0,0,1,0,0,12,0,0,0,0,0,3.334679141051595,0
97,31,25,33,0,1,3,0,6,1,1,0,0,0,0,0,0,1,3,12,0,0,3,0,0,0,4,0,0,4,6,4,1,0,0,0,4,0,4,0,0,0,0,27,4,0,0,0,0,3.88904953591417,1
80,20,25,27,0,1,2,0,6,1,1,0,0,0,0,0,0,1,2,6,0,0,4,0,0,0,4,0,0,4,6,4,1,0,0,0,5,0,4,0,0,0,0,17,4,0,0,0,0,3.684183719779189,1
21,13,0,0,0,1,0,0,2,0,0,0,0,0,0,0,0,1,0,6,0,0,3,0,0,0,0,0,0,0,0,0,0,0,0,0,0,0,0,0,1,0,0,12,0,0,0,0,0,3.334679141051595,0
26,9,0,8,0,1,0,0,2,1,1,0,0,0,0,0,0,1,0,3,0,0,3,0,0,0,0,0,0,0,0,0,1,0,0,0,0,0,0,0,1,0,0,8,0,0,0,0,0,2.9477027792200903,0
31,9,14,0,0,1,0,0,4,0,0,0,0,0,0,0,0,1,0,3,0,0,3,0,0,0,2,0,0,2,7,5,0,0,0,0,0,0,0,0,1,0,0,8,0,0,0,0,0,2.9477027792200903,0
41,10,14,8,0,1,0,0,4,1,1,0,0,0,0,0,0,1,0,3,0,0,3,0,0,0,2,0,0,2,7,5,1,0,0,0,0,0,0,0,1,0,0,9,0,0,0,0,0,3.3219280948873626,0
80,20,25,27,0,1,2,0,6,1,1,0,0,0,0,0,0,1,2,6,0,0,4,0,0,0,4,0,0,4,6,4,1,0,0,0,5,0,4,0,0,0,0,17,4,0,0,0,0,3.684183719779189,1
84,31,25,20,0,1,3,0,6,1,1,0,0,0,0,0,0,1,3,12,0,0,3,0,0,0,4,0,0,4,6,4,1,0,0,0,4,0,4,0,0,0,0,27,4,0,0,0,0,3.88904953591417,1
27,10,0,8,0,1,0,0,2,1,1,0,0,0,0,0,0,1,0,3,0,0,3,0,0,0,0,0,0,0,0,0,1,0,0,0,0,0,0,0,1,0,0,9,0,0,0,0,0,3.3219280948873626,0
41,10,14,8,0,1,0,0,4,1,1,0,0,0,0,0,0,1,0,3,0,0,3,0,0,0,2,0,0,2,7,5,1,0,0,0,0,0,0,0,1,0,0,9,0,0,0,0,0,3.3219280948873626,0
80,31,25,16,0,1,3,0,6,1,1,0,0,0,0,0,0,1,3,12,0,0,3,0,0,0,4,0,0,4,6,4,1,0,0,0,4,0,4,0,0,0,0,27,4,0,0,0,0,3.88904953591417,1
41,10,14,8,0,1,0,0,4,1,1,0,0,0,0,0,0,1,0,4,0,0,3,0,0,0,2,0,0,2,7,5,1,0,0,0,0,0,0,0,1,0,0,9,0,0,0,0,0,2.6464393446710157,0
44,13,14,8,0,1,0,0,4,1,1,0,0,0,0,0,0,1,0,4,0,0,3,0,0,0,2,0,0,2,7,5,1,0,0,0,0,0,0,0,1,0,0,12,0,0,0,0,0,3.0269868333592873,0
100,13,25,54,0,3,0,0,6,1,1,0,0,0,0,0,0,3,0,0,1,0,0,0,0,0,4,0,0,4,6,4,1,0,0,1,3,0,14,0,0,0,10,0,4,1,1,0,0,2.5654483718208256,1
84,20,25,31,0,1,2,0,6,1,1,0,0,0,0,0,0,1,2,6,0,0,4,0,0,0,4,0,0,4,6,4,1,0,0,0,5,0,4,0,0,0,0,17,4,0,0,0,0,3.684183719779189,1
18,10,0,0,0,1,0,0,2,0,0,0,0,0,0,0,0,1,0,4,0,0,3,0,0,0,0,0,0,0,0,0,0,0,0,0,0,0,0,0,1,0,0,9,0,0,0,0,0,2.6464393446710157,0
82,31,25,18,0,1,3,0,6,1,1,0,0,0,0,0,0,1,3,12,0,0,3,0,0,0,4,0,0,4,6,4,1,0,0,0,4,0,4,0,0,0,0,27,4,0,0,0,0,3.88904953591417,1
93,31,25,29,0,1,3,0,6,1,1,0,0,0,0,0,0,1,3,12,0,0,3,0,0,0,4,0,0,4,6,4,1,0,0,0,4,0,4,0,0,0,0,27,4,0,0,0,0,3.88904953591417,1
40,9,14,8,0,1,0,0,4,1,1,0,0,0,0,0,0,1,0,3,0,0,3,0,0,0,2,0,0,2,7,5,1,0,0,0,0,0,0,0,1,0,0,8,0,0,0,0,0,2.9477027792200903,0
44,13,14,8,0,1,0,0,4,1,1,0,0,0,0,0,0,1,0,6,0,0,3,0,0,0,2,0,0,2,7,5,1,0,0,0,0,0,0,0,1,0,0,12,0,0,0,0,0,3.334679141051595,0
90,13,25,44,0,3,0,0,6,1,1,0,0,0,0,0,0,3,0,0,1,0,0,0,0,0,4,0,0,4,6,4,1,0,0,1,3,0,14,0,0,0,10,0,4,1,1,0,0,2.5654483718208256,1
41,10,14,8,0,1,0,0,4,1,1,0,0,0,0,0,0,1,0,4,0,0,3,0,0,0,2,0,0,2,7,5,1,0,0,0,0,0,0,0,1,0,0,9,0,0,0,0,0,2.6464393446710157,0
82,20,25,29,0,1,2,0,6,1,1,0,0,0,0,0,0,1,2,6,0,0,4,0,0,0,4,0,0,4,6,4,1,0,0,0,5,0,4,0,0,0,0,17,4,0,0,0,0,3.684183719779189,1
27,10,0,8,0,1,0,0,2,1,1,0,0,0,0,0,0,1,0,4,0,0,3,0,0,0,0,0,0,0,0,0,1,0,0,0,0,0,0,0,1,0,0,9,0,0,0,0,0,2.6464393446710157,0
105,31,25,41,0,1,3,0,6,1,1,0,0,0,0,0,0,1,3,12,0,0,3,0,0,0,4,0,0,4,6,4,1,0,0,0,4,0,4,0,0,0,0,27,4,0,0,0,0,3.88904953591417,1
27,10,0,8,0,1,0,0,2,1,1,0,0,0,0,0,0,1,0,3,0,0,3,0,0,0,0,0,0,0,0,0,1,0,0,0,0,0,0,0,1,0,0,9,0,0,0,0,0,3.3219280948873626,0
73,13,25,27,0,3,0,0,6,1,1,0,0,0,0,0,0,3,0,0,1,0,0,0,0,0,4,0,0,4,6,4,1,0,0,1,3,0,14,0,0,0,10,0,4,1,1,0,0,2.5654483718208256,1
30,13,0,8,0,1,0,0,2,1,1,0,0,0,0,0,0,1,0,6,0,0,3,0,0,0,0,0,0,0,0,0,1,0,0,0,0,0,0,0,1,0,0,12,0,0,0,0,0,3.334679141051595,0
41,10,14,8,0,1,0,0,4,1,1,0,0,0,0,0,0,1,0,3,0,0,3,0,0,0,2,0,0,2,7,5,1,0,0,0,0,0,0,0,1,0,0,9,0,0,0,0,0,3.3219280948873626,0
104,21,25,50,0,1,2,0,6,1,1,0,0,0,0,0,0,1,2,6,0,0,3,0,0,0,4,0,0,4,6,4,1,0,0,0,4,0,4,0,0,0,0,18,4,0,0,0,0,3.8208888513501886,1
31,9,14,0,0,1,0,0,4,0,0,0,0,0,0,0,0,1,0,3,0,0,3,0,0,0,2,0,0,2,7,5,0,0,0,0,0,0,0,0,1,0,0,8,0,0,0,0,0,2.9477027792200903,0
18,10,0,0,0,1,0,0,2,0,0,0,0,0,0,0,0,1,0,4,0,0,3,0,0,0,0,0,0,0,0,0,0,0,0,0,0,0,0,0,1,0,0,9,0,0,0,0,0,2.6464393446710157,0
32,10,14,0,0,1,0,0,4,0,0,0,0,0,0,0,0,1,0,3,0,0,3,0,0,0,2,0,0,2,7,5,0,0,0,0,0,0,0,0,1,0,0,9,0,0,0,0,0,3.3219280948873626,0
30,13,0,8,0,1,0,0,2,1,1,0,0,0,0,0,0,1,0,4,0,0,3,0,0,0,0,0,0,0,0,0,1,0,0,0,0,0,0,0,1,0,0,12,0,0,0,0,0,3.0269868333592873,0
90,31,25,26,0,1,3,0,6,1,1,0,0,0,0,0,0,1,3,12,0,0,3,0,0,0,4,0,0,4,6,4,1,0,0,0,4,0,4,0,0,0,0,27,4,0,0,0,0,3.88904953591417,1
27,10,0,8,0,1,0,0,2,1,1,0,0,0,0,0,0,1,0,4,0,0,3,0,0,0,0,0,0,0,0,0,1,0,0,0,0,0,0,0,1,0,0,9,0,0,0,0,0,2.6464393446710157,0
41,10,14,8,0,1,0,0,4,1,1,0,0,0,0,0,0,1,0,4,0,0,3,0,0,0,2,0,0,2,7,5,1,0,0,0,0,0,0,0,1,0,0,9,0,0,0,0,0,2.6464393446710157,0
107,31,25,43,0,1,3,0,6,1,1,0,0,0,0,0,0,1,3,12,0,0,3,0,0,0,4,0,0,4,6,4,1,0,0,0,4,0,4,0,0,0,0,27,4,0,0,0,0,3.88904953591417,1
18,10,0,0,0,1,0,0,2,0,0,0,0,0,0,0,0,1,0,4,0,0,3,0,0,0,0,0,0,0,0,0,0,0,0,0,0,0,0,0,1,0,0,9,0,0,0,0,0,2.6464393446710157,0
103,21,25,49,0,1,2,0,6,1,1,0,0,0,0,0,0,1,2,6,0,0,3,0,0,0,4,0,0,4,6,4,1,0,0,0,4,0,4,0,0,0,0,18,4,0,0,0,0,3.8208888513501886,1
18,10,0,0,0,1,0,0,2,0,0,0,0,0,0,0,0,1,0,3,0,0,3,0,0,0,0,0,0,0,0,0,0,0,0,0,0,0,0,0,1,0,0,9,0,0,0,0,0,3.3219280948873626,0
104,31,25,40,0,1,3,0,6,1,1,0,0,0,0,0,0,1,3,12,0,0,3,0,0,0,4,0,0,4,6,4,1,0,0,0,4,0,4,0,0,0,0,27,4,0,0,0,0,3.88904953591417,1
83,13,25,37,0,3,0,0,6,1,1,0,0,0,0,0,0,3,0,0,1,0,0,0,0,0,4,0,0,4,6,4,1,0,0,1,3,0,14,0,0,0,10,0,4,1,1,0,0,2.5654483718208256,1
30,13,0,8,0,1,0,0,2,1,1,0,0,0,0,0,0,1,0,6,0,0,3,0,0,0,0,0,0,0,0,0,1,0,0,0,0,0,0,0,1,0,0,12,0,0,0,0,0,3.334679141051595,0
72,20,25,19,0,1,2,0,6,1,1,0,0,0,0,0,0,1,2,6,0,0,4,0,0,0,4,0,0,4,6,4,1,0,0,0,5,0,4,0,0,0,0,17,4,0,0,0,0,3.684183719779189,1
102,20,25,49,0,1,2,0,6,1,1,0,0,0,0,0,0,1,2,6,0,0,4,0,0,0,4,0,0,4,6,4,1,0,0,0,5,0,4,0,0,0,0,17,4,0,0,0,0,3.684183719779189,1
27,10,0,8,0,1,0,0,2,1,1,0,0,0,0,0,0,1,0,4,0,0,3,0,0,0,0,0,0,0,0,0,1,0,0,0,0,0,0,0,1,0,0,9,0,0,0,0,0,2.6464393446710157,0
99,21,25,45,0,1,2,0,6,1,1,0,0,0,0,0,0,1,2,6,0,0,3,0,0,0,4,0,0,4,6,4,1,0,0,0,4,0,4,0,0,0,0,18,4,0,0,0,0,3.8208888513501886,1
21,13,0,0,0,1,0,0,2,0,0,0,0,0,0,0,0,1,0,4,0,0,3,0,0,0,0,0,0,0,0,0,0,0,0,0,0,0,0,0,1,0,0,12,0,0,0,0,0,3.0269868333592873,0
18,10,0,0,0,1,0,0,2,0,0,0,0,0,0,0,0,1,0,3,0,0,3,0,0,0,0,0,0,0,0,0,0,0,0,0,0,0,0,0,1,0,0,9,0,0,0,0,0,3.3219280948873626,0
86,13,25,40,0,3,0,0,6,1,1,0,0,0,0,0,0,3,0,0,1,0,0,0,0,0,4,0,0,4,6,4,1,0,0,1,3,0,14,0,0,0,10,0,4,1,1,0,0,2.5654483718208256,1
84,31,25,20,0,1,3,0,6,1,1,0,0,0,0,0,0,1,3,12,0,0,3,0,0,0,4,0,0,4,6,4,1,0,0,0,4,0,4,0,0,0,0,27,4,0,0,0,0,3.88904953591417,1
41,10,14,8,0,1,0,0,4,1,1,0,0,0,0,0,0,1,0,3,0,0,3,0,0,0,2,0,0,2,7,5,1,0,0,0,0,0,0,0,1,0,0,9,0,0,0,0,0,3.3219280948873626,0
27,10,0,8,0,1,0,0,2,1,1,0,0,0,0,0,0,1,0,3,0,0,3,0,0,0,0,0,0,0,0,0,1,0,0,0,0,0,0,0,1,0,0,9,0,0,0,0,0,3.3219280948873626,0
41,10,14,8,0,1,0,0,4,1,1,0,0,0,0,0,0,1,0,3,0,0,3,0,0,0,2,0,0,2,7,5,1,0,0,0,0,0,0,0,1,0,0,9,0,0,0,0,0,3.3219280948873626,0
95,31,25,31,0,1,3,0,6,1,1,0,0,0,0,0,0,1,3,12,0,0,3,0,0,0,4,0,0,4,6,4,1,0,0,0,4,0,4,0,0,0,0,27,4,0,0,0,0,3.88904953591417,1
92,31,25,28,0,1,3,0,6,1,1,0,0,0,0,0,0,1,3,12,0,0,3,0,0,0,4,0,0,4,6,4,1,0,0,0,4,0,4,0,0,0,0,27,4,0,0,0,0,3.88904953591417,1
80,31,25,16,0,1,3,0,6,1,1,0,0,0,0,0,0,1,3,12,0,0,3,0,0,0,4,0,0,4,6,4,1,0,0,0,4,0,4,0,0,0,0,27,4,0,0,0,0,3.88904953591417,1
116,31,25,52,0,1,3,0,6,1,1,0,0,0,0,0,0,1,3,12,0,0,3,0,0,0,4,0,0,4,6,4,1,0,0,0,4,0,4,0,0,0,0,27,4,0,0,0,0,3.88904953591417,1
21,13,0,0,0,1,0,0,2,0,0,0,0,0,0,0,0,1,0,4,0,0,3,0,0,0,0,0,0,0,0,0,0,0,0,0,0,0,0,0,1,0,0,12,0,0,0,0,0,3.0269868333592873,0
86,21,25,32,0,1,2,0,6,1,1,0,0,0,0,0,0,1,2,6,0,0,3,0,0,0,4,0,0,4,6,4,1,0,0,0,4,0,4,0,0,0,0,18,4,0,0,0,0,3.8208888513501886,1
32,10,14,0,0,1,0,0,4,0,0,0,0,0,0,0,0,1,0,3,0,0,3,0,0,0,2,0,0,2,7,5,0,0,0,0,0,0,0,0,1,0,0,9,0,0,0,0,0,3.3219280948873626,0
41,10,14,8,0,1,0,0,4,1,1,0,0,0,0,0,0,1,0,3,0,0,3,0,0,0,2,0,0,2,7,5,1,0,0,0,0,0,0,0,1,0,0,9,0,0,0,0,0,3.3219280948873626,0
75,20,25,22,0,1,2,0,6,1,1,0,0,0,0,0,0,1,2,6,0,0,4,0,0,0,4,0,0,4,6,4,1,0,0,0,5,0,4,0,0,0,0,17,4,0,0,0,0,3.684183719779189,1
73,20,25,20,0,1,2,0,6,1,1,0,0,0,0,0,0,1,2,6,0,0,4,0,0,0,4,0,0,4,6,4,1,0,0,0,5,0,4,0,0,0,0,17,4,0,0,0,0,3.684183719779189,1
30,13,0,8,0,1,0,0,2,1,1,0,0,0,0,0,0,1,0,6,0,0,3,0,0,0,0,0,0,0,0,0,1,0,0,0,0,0,0,0,1,0,0,12,0,0,0,0,0,3.334679141051595,0
30,13,0,8,0,1,0,0,2,1,1,0,0,0,0,0,0,1,0,4,0,0,3,0,0,0,0,0,0,0,0,0,1,0,0,0,0,0,0,0,1,0,0,12,0,0,0,0,0,3.0269868333592873,0
27,10,0,8,0,1,0,0,2,1,1,0,0,0,0,0,0,1,0,4,0,0,3,0,0,0,0,0,0,0,0,0,1,0,0,0,0,0,0,0,1,0,0,9,0,0,0,0,0,2.6464393446710157,0
76,21,25,22,0,1,2,0,6,1,1,0,0,0,0,0,0,1,2,6,0,0,3,0,0,0,4,0,0,4,6,4,1,0,0,0,4,0,4,0,0,0,0,18,4,0,0,0,0,3.8208888513501886,1
44,13,14,8,0,1,0,0,4,1,1,0,0,0,0,0,0,1,0,6,0,0,3,0,0,0,2,0,0,2,7,5,1,0,0,0,0,0,0,0,1,0,0,12,0,0,0,0,0,3.334679141051595,0
40,9,14,8,0,1,0,0,4,1,1,0,0,0,0,0,0,1,0,3,0,0,3,0,0,0,2,0,0,2,7,5,1,0,0,0,0,0,0,0,1,0,0,8,0,0,0,0,0,2.9477027792200903,0
70,20,25,17,0,1,2,0,6,1,1,0,0,0,0,0,0,1,2,6,0,0,4,0,0,0,4,0,0,4,6,4,1,0,0,0,5,0,4,0,0,0,0,17,4,0,0,0,0,3.684183719779189,1
32,10,14,0,0,1,0,0,4,0,0,0,0,0,0,0,0,1,0,3,0,0,3,0,0,0,2,0,0,2,7,5,0,0,0,0,0,0,0,0,1,0,0,9,0,0,0,0,0,3.3219280948873626,0
41,10,14,8,0,1,0,0,4,1,1,0,0,0,0,0,0,1,0,4,0,0,3,0,0,0,2,0,0,2,7,5,1,0,0,0,0,0,0,0,1,0,0,9,0,0,0,0,0,2.6464393446710157,0
88,31,25,24,0,1,3,0,6,1,1,0,0,0,0,0,0,1,3,12,0,0,3,0,0,0,4,0,0,4,6,4,1,0,0,0,4,0,4,0,0,0,0,27,4,0,0,0,0,3.88904953591417,1
44,13,14,8,0,1,0,0,4,1,1,0,0,0,0,0,0,1,0,4,0,0,3,0,0,0,2,0,0,2,7,5,1,0,0,0,0,0,0,0,1,0,0,12,0,0,0,0,0,3.0269868333592873,0
83,13,25,37,0,3,0,0,6,1,1,0,0,0,0,0,0,3,0,0,1,0,0,0,0,0,4,0,0,4,6,4,1,0,0,1,3,0,14,0,0,0,10,0,4,1,1,0,0,2.5654483718208256,1
80,20,25,27,0,1,2,0,6,1,1,0,0,0,0,0,0,1,2,6,0,0,4,0,0,0,4,0,0,4,6,4,1,0,0,0,5,0,4,0,0,0,0,17,4,0,0,0,0,3.684183719779189,1
32,10,14,0,0,1,0,0,4,0,0,0,0,0,0,0,0,1,0,4,0,0,3,0,0,0,2,0,0,2,7,5,0,0,0,0,0,0,0,0,1,0,0,9,0,0,0,0,0,2.6464393446710157,0
44,13,14,8,0,1,0,0,4,1,1,0,0,0,0,0,0,1,0,6,0,0,3,0,0,0,2,0,0,2,7,5,1,0,0,0,0,0,0,0,1,0,0,12,0,0,0,0,0,3.334679141051595,0
89,21,25,35,0,1,2,0,6,1,1,0,0,0,0,0,0,1,2,6,0,0,3,0,0,0,4,0,0,4,6,4,1,0,0,0,4,0,4,0,0,0,0,18,4,0,0,0,0,3.8208888513501886,1
17,9,0,0,0,1,0,0,2,0,0,0,0,0,0,0,0,1,0,3,0,0,3,0,0,0,0,0,0,0,0,0,0,0,0,0,0,0,0,0,1,0,0,8,0,0,0,0,0,2.9477027792200903,0
44,13,14,8,0,1,0,0,4,1,1,0,0,0,0,0,0,1,0,6,0,0,3,0,0,0,2,0,0,2,7,5,1,0,0,0,0,0,0,0,1,0,0,12,0,0,0,0,0,3.334679141051595,0
88,31,25,24,0,1,3,0,6,1,1,0,0,0,0,0,0,1,3,12,0,0,3,0,0,0,4,0,0,4,6,4,1,0,0,0,4,0,4,0,0,0,0,27,4,0,0,0,0,3.88904953591417,1
97,20,25,44,0,1,2,0,6,1,1,0,0,0,0,0,0,1,2,6,0,0,4,0,0,0,4,0,0,4,6,4,1,0,0,0,5,0,4,0,0,0,0,17,4,0,0,0,0,3.684183719779189,1
18,10,0,0,0,1,0,0,2,0,0,0,0,0,0,0,0,1,0,4,0,0,3,0,0,0,0,0,0,0,0,0,0,0,0,0,0,0,0,0,1,0,0,9,0,0,0,0,0,2.6464393446710157,0
103,20,25,50,0,1,2,0,6,1,1,0,0,0,0,0,0,1,2,6,0,0,4,0,0,0,4,0,0,4,6,4,1,0,0,0,5,0,4,0,0,0,0,17,4,0,0,0,0,3.684183719779189,1
30,13,0,8,0,1,0,0,2,1,1,0,0,0,0,0,0,1,0,6,0,0,3,0,0,0,0,0,0,0,0,0,1,0,0,0,0,0,0,0,1,0,0,12,0,0,0,0,0,3.334679141051595,0
17,9,0,0,0,1,0,0,2,0,0,0,0,0,0,0,0,1,0,3,0,0,3,0,0,0,0,0,0,0,0,0,0,0,0,0,0,0,0,0,1,0,0,8,0,0,0,0,0,2.9477027792200903,0
90,20,25,37,0,1,2,0,6,1,1,0,0,0,0,0,0,1,2,6,0,0,4,0,0,0,4,0,0,4,6,4,1,0,0,0,5,0,4,0,0,0,0,17,4,0,0,0,0,3.684183719779189,1
27,10,0,8,0,1,0,0,2,1,1,0,0,0,0,0,0,1,0,4,0,0,3,0,0,0,0,0,0,0,0,0,1,0,0,0,0,0,0,0,1,0,0,9,0,0,0,0,0,2.6464393446710157,0
41,10,14,8,0,1,0,0,4,1,1,0,0,0,0,0,0,1,0,4,0,0,3,0,0,0,2,0,0,2,7,5,1,0,0,0,0,0,0,0,1,0,0,9,0,0,0,0,0,2.6464393446710157,0
93,21,25,39,0,1,2,0,6,1,1,0,0,0,0,0,0,1,2,6,0,0,3,0,0,0,4,0,0,4,6,4,1,0,0,0,4,0,4,0,0,0,0,18,4,0,0,0,0,3.8208888513501886,1
90,21,25,36,0,1,2,0,6,1,1,0,0,0,0,0,0,1,2,6,0,0,3,0,0,0,4,0,0,4,6,4,1,0,0,0,4,0,4,0,0,0,0,18,4,0,0,0,0,3.8208888513501886,1
78,20,25,25,0,1,2,0,6,1,1,0,0,0,0,0,0,1,2,6,0,0,4,0,0,0,4,0,0,4,6,4,1,0,0,0,5,0,4,0,0,0,0,17,4,0,0,0,0,3.684183719779189,1
90,31,25,26,0,1,3,0,6,1,1,0,0,0,0,0,0,1,3,12,0,0,3,0,0,0,4,0,0,4,6,4,1,0,0,0,4,0,4,0,0,0,0,27,4,0,0,0,0,3.88904953591417,1
27,10,0,8,0,1,0,0,2,1,1,0,0,0,0,0,0,1,0,4,0,0,3,0,0,0,0,0,0,0,0,0,1,0,0,0,0,0,0,0,1,0,0,9,0,0,0,0,0,2.6464393446710157,0
87,13,25,41,0,3,0,0,6,1,1,0,0,0,0,0,0,3,0,0,1,0,0,0,0,0,4,0,0,4,6,4,1,0,0,1,3,0,14,0,0,0,10,0,4,1,1,0,0,2.5654483718208256,1
40,9,14,8,0,1,0,0,4,1,1,0,0,0,0,0,0,1,0,3,0,0,3,0,0,0,2,0,0,2,7,5,1,0,0,0,0,0,0,0,1,0,0,8,0,0,0,0,0,2.9477027792200903,0
40,9,14,8,0,1,0,0,4,1,1,0,0,0,0,0,0,1,0,3,0,0,3,0,0,0,2,0,0,2,7,5,1,0,0,0,0,0,0,0,1,0,0,8,0,0,0,0,0,2.9477027792200903,0
17,9,0,0,0,1,0,0,2,0,0,0,0,0,0,0,0,1,0,3,0,0,3,0,0,0,0,0,0,0,0,0,0,0,0,0,0,0,0,0,1,0,0,8,0,0,0,0,0,2.9477027792200903,0
35,13,14,0,0,1,0,0,4,0,0,0,0,0,0,0,0,1,0,6,0,0,3,0,0,0,2,0,0,2,7,5,0,0,0,0,0,0,0,0,1,0,0,12,0,0,0,0,0,3.334679141051595,0
82,31,25,18,0,1,3,0,6,1,1,0,0,0,0,0,0,1,3,12,0,0,3,0,0,0,4,0,0,4,6,4,1,0,0,0,4,0,4,0,0,0,0,27,4,0,0,0,0,3.88904953591417,1
35,13,14,0,0,1,0,0,4,0,0,0,0,0,0,0,0,1,0,4,0,0,3,0,0,0,2,0,0,2,7,5,0,0,0,0,0,0,0,0,1,0,0,12,0,0,0,0,0,3.0269868333592873,0
40,9,14,8,0,1,0,0,4,1,1,0,0,0,0,0,0,1,0,3,0,0,3,0,0,0,2,0,0,2,7,5,1,0,0,0,0,0,0,0,1,0,0,8,0,0,0,0,0,2.9477027792200903,0
27,10,0,8,0,1,0,0,2,1,1,0,0,0,0,0,0,1,0,4,0,0,3,0,0,0,0,0,0,0,0,0,1,0,0,0,0,0,0,0,1,0,0,9,0,0,0,0,0,2.6464393446710157,0
73,21,25,19,0,1,2,0,6,1,1,0,0,0,0,0,0,1,2,6,0,0,3,0,0,0,4,0,0,4,6,4,1,0,0,0,4,0,4,0,0,0,0,18,4,0,0,0,0,3.8208888513501886,1
30,13,0,8,0,1,0,0,2,1,1,0,0,0,0,0,0,1,0,4,0,0,3,0,0,0,0,0,0,0,0,0,1,0,0,0,0,0,0,0,1,0,0,12,0,0,0,0,0,3.0269868333592873,0
115,31,25,51,0,1,3,0,6,1,1,0,0,0,0,0,0,1,3,12,0,0,3,0,0,0,4,0,0,4,6,4,1,0,0,0,4,0,4,0,0,0,0,27,4,0,0,0,0,3.88904953591417,1
71,13,25,25,0,3,0,0,6,1,1,0,0,0,0,0,0,3,0,0,1,0,0,0,0,0,4,0,0,4,6,4,1,0,0,1,3,0,14,0,0,0,10,0,4,1,1,0,0,2.5654483718208256,1
27,10,0,8,0,1,0,0,2,1,1,0,0,0,0,0,0,1,0,4,0,0,3,0,0,0,0,0,0,0,0,0,1,0,0,0,0,0,0,0,1,0,0,9,0,0,0,0,0,2.6464393446710157,0
18,10,0,0,0,1,0,0,2,0,0,0,0,0,0,0,0,1,0,4,0,0,3,0,0,0,0,0,0,0,0,0,0,0,0,0,0,0,0,0,1,0,0,9,0,0,0,0,0,2.6464393446710157,0
35,13,14,0,0,1,0,0,4,0,0,0,0,0,0,0,0,1,0,6,0,0,3,0,0,0,2,0,0,2,7,5,0,0,0,0,0,0,0,0,1,0,0,12,0,0,0,0,0,3.334679141051595,0
98,31,25,34,0,1,3,0,6,1,1,0,0,0,0,0,0,1,3,12,0,0,3,0,0,0,4,0,0,4,6,4,1,0,0,0,4,0,4,0,0,0,0,27,4,0,0,0,0,3.88904953591417,1
27,10,0,8,0,1,0,0,2,1,1,0,0,0,0,0,0,1,0,4,0,0,3,0,0,0,0,0,0,0,0,0,1,0,0,0,0,0,0,0,1,0,0,9,0,0,0,0,0,2.6464393446710157,0
31,9,14,0,0,1,0,0,4,0,0,0,0,0,0,0,0,1,0,3,0,0,3,0,0,0,2,0,0,2,7,5,0,0,0,0,0,0,0,0,1,0,0,8,0,0,0,0,0,2.9477027792200903,0
18,10,0,0,0,1,0,0,2,0,0,0,0,0,0,0,0,1,0,4,0,0,3,0,0,0,0,0,0,0,0,0,0,0,0,0,0,0,0,0,1,0,0,9,0,0,0,0,0,2.6464393446710157,0
92,20,25,39,0,1,2,0,6,1,1,0,0,0,0,0,0,1,2,6,0,0,4,0,0,0,4,0,0,4,6,4,1,0,0,0,5,0,4,0,0,0,0,17,4,0,0,0,0,3.684183719779189,1
82,20,25,29,0,1,2,0,6,1,1,0,0,0,0,0,0,1,2,6,0,0,4,0,0,0,4,0,0,4,6,4,1,0,0,0,5,0,4,0,0,0,0,17,4,0,0,0,0,3.684183719779189,1
80,20,25,27,0,1,2,0,6,1,1,0,0,0,0,0,0,1,2,6,0,0,4,0,0,0,4,0,0,4,6,4,1,0,0,0,5,0,4,0,0,0,0,17,4,0,0,0,0,3.684183719779189,1
30,13,0,8,0,1,0,0,2,1,1,0,0,0,0,0,0,1,0,6,0,0,3,0,0,0,0,0,0,0,0,0,1,0,0,0,0,0,0,0,1,0,0,12,0,0,0,0,0,3.334679141051595,0
44,13,14,8,0,1,0,0,4,1,1,0,0,0,0,0,0,1,0,6,0,0,3,0,0,0,2,0,0,2,7,5,1,0,0,0,0,0,0,0,1,0,0,12,0,0,0,0,0,3.334679141051595,0
32,10,14,0,0,1,0,0,4,0,0,0,0,0,0,0,0,1,0,4,0,0,3,0,0,0,2,0,0,2,7,5,0,0,0,0,0,0,0,0,1,0,0,9,0,0,0,0,0,2.6464393446710157,0
96,13,25,50,0,3,0,0,6,1,1,0,0,0,0,0,0,3,0,0,1,0,0,0,0,0,4,0,0,4,6,4,1,0,0,1,3,0,14,0,0,0,10,0,4,1,1,0,0,2.5654483718208256,1
21,13,0,0,0,1,0,0,2,0,0,0,0,0,0,0,0,1,0,6,0,0,3,0,0,0,0,0,0,0,0,0,0,0,0,0,0,0,0,0,1,0,0,12,0,0,0,0,0,3.334679141051595,0
85,13,25,39,0,3,0,0,6,1,1,0,0,0,0,0,0,3,0,0,1,0,0,0,0,0,4,0,0,4,6,4,1,0,0,1,3,0,14,0,0,0,10,0,4,1,1,0,0,2.5654483718208256,1
31,9,14,0,0,1,0,0,4,0,0,0,0,0,0,0,0,1,0,3,0,0,3,0,0,0,2,0,0,2,7,5,0,0,0,0,0,0,0,0,1,0,0,8,0,0,0,0,0,2.9477027792200903,0
35,13,14,0,0,1,0,0,4,0,0,0,0,0,0,0,0,1,0,6,0,0,3,0,0,0,2,0,0,2,7,5,0,0,0,0,0,0,0,0,1,0,0,12,0,0,0,0,0,3.334679141051595,0
90,13,25,44,0,3,0,0,6,1,1,0,0,0,0,0,0,3,0,0,1,0,0,0,0,0,4,0,0,4,6,4,1,0,0,1,3,0,14,0,0,0,10,0,4,1,1,0,0,2.5654483718208256,1
90,31,25,26,0,1,3,0,6,1,1,0,0,0,0,0,0,1,3,12,0,0,3,0,0,0,4,0,0,4,6,4,1,0,0,0,4,0,4,0,0,0,0,27,4,0,0,0,0,3.88904953591417,1
21,13,0,0,0,1,0,0,2,0,0,0,0,0,0,0,0,1,0,6,0,0,3,0,0,0,0,0,0,0,0,0,0,0,0,0,0,0,0,0,1,0,0,12,0,0,0,0,0,3.334679141051595,0
107,21,25,53,0,1,2,0,6,1,1,0,0,0,0,0,0,1,2,6,0,0,3,0,0,0,4,0,0,4,6,4,1,0,0,0,4,0,4,0,0,0,0,18,4,0,0,0,0,3.8208888513501886,1
30,13,0,8,0,1,0,0,2,1,1,0,0,0,0,0,0,1,0,6,0,0,3,0,0,0,0,0,0,0,0,0,1,0,0,0,0,0,0,0,1,0,0,12,0,0,0,0,0,3.334679141051595,0
40,9,14,8,0,1,0,0,4,1,1,0,0,0,0,0,0,1,0,3,0,0,3,0,0,0,2,0,0,2,7,5,1,0,0,0,0,0,0,0,1,0,0,8,0,0,0,0,0,2.9477027792200903,0
30,13,0,8,0,1,0,0,2,1,1,0,0,0,0,0,0,1,0,4,0,0,3,0,0,0,0,0,0,0,0,0,1,0,0,0,0,0,0,0,1,0,0,12,0,0,0,0,0,3.0269868333592873,0
104,31,25,40,0,1,3,0,6,1,1,0,0,0,0,0,0,1,3,12,0,0,3,0,0,0,4,0,0,4,6,4,1,0,0,0,4,0,4,0,0,0,0,27,4,0,0,0,0,3.88904953591417,1
18,10,0,0,0,1,0,0,2,0,0,0,0,0,0,0,0,1,0,3,0,0,3,0,0,0,0,0,0,0,0,0,0,0,0,0,0,0,0,0,1,0,0,9,0,0,0,0,0,3.3219280948873626,0
26,9,0,8,0,1,0,0,2,1,1,0,0,0,0,0,0,1,0,3,0,0,3,0,0,0,0,0,0,0,0,0,1,0,0,0,0,0,0,0,1,0,0,8,0,0,0,0,0,2.9477027792200903,0
32,10,14,0,0,1,0,0,4,0,0,0,0,0,0,0,0,1,0,3,0,0,3,0,0,0,2,0,0,2,7,5,0,0,0,0,0,0,0,0,1,0,0,9,0,0,0,0,0,3.3219280948873626,0
83,31,25,19,0,1,3,0,6,1,1,0,0,0,0,0,0,1,3,12,0,0,3,0,0,0,4,0,0,4,6,4,1,0,0,0,4,0,4,0,0,0,0,27,4,0,0,0,0,3.88904953591417,1
87,21,25,33,0,1,2,0,6,1,1,0,0,0,0,0,0,1,2,6,0,0,3,0,0,0,4,0,0,4,6,4,1,0,0,0,4,0,4,0,0,0,0,18,4,0,0,0,0,3.8208888513501886,1
109,20,25,56,0,1,2,0,6,1,1,0,0,0,0,0,0,1,2,6,0,0,4,0,0,0,4,0,0,4,6,4,1,0,0,0,5,0,4,0,0,0,0,17,4,0,0,0,0,3.684183719779189,1
115,31,25,51,0,1,3,0,6,1,1,0,0,0,0,0,0,1,3,12,0,0,3,0,0,0,4,0,0,4,6,4,1,0,0,0,4,0,4,0,0,0,0,27,4,0,0,0,0,3.88904953591417,1
26,9,0,8,0,1,0,0,2,1,1,0,0,0,0,0,0,1,0,3,0,0,3,0,0,0,0,0,0,0,0,0,1,0,0,0,0,0,0,0,1,0,0,8,0,0,0,0,0,2.9477027792200903,0
101,20,25,48,0,1,2,0,6,1,1,0,0,0,0,0,0,1,2,6,0,0,4,0,0,0,4,0,0,4,6,4,1,0,0,0,5,0,4,0,0,0,0,17,4,0,0,0,0,3.684183719779189,1
41,10,14,8,0,1,0,0,4,1,1,0,0,0,0,0,0,1,0,4,0,0,3,0,0,0,2,0,0,2,7,5,1,0,0,0,0,0,0,0,1,0,0,9,0,0,0,0,0,2.6464393446710157,0
106,31,25,42,0,1,3,0,6,1,1,0,0,0,0,0,0,1,3,12,0,0,3,0,0,0,4,0,0,4,6,4,1,0,0,0,4,0,4,0,0,0,0,27,4,0,0,0,0,3.88904953591417,1
92,21,25,38,0,1,2,0,6,1,1,0,0,0,0,0,0,1,2,6,0,0,3,0,0,0,4,0,0,4,6,4,1,0,0,0,4,0,4,0,0,0,0,18,4,0,0,0,0,3.8208888513501886,1
88,20,25,35,0,1,2,0,6,1,1,0,0,0,0,0,0,1,2,6,0,0,4,0,0,0,4,0,0,4,6,4,1,0,0,0,5,0,4,0,0,0,0,17,4,0,0,0,0,3.684183719779189,1
74,20,25,21,0,1,2,0,6,1,1,0,0,0,0,0,0,1,2,6,0,0,4,0,0,0,4,0,0,4,6,4,1,0,0,0,5,0,4,0,0,0,0,17,4,0,0,0,0,3.684183719779189,1
27,10,0,8,0,1,0,0,2,1,1,0,0,0,0,0,0,1,0,4,0,0,3,0,0,0,0,0,0,0,0,0,1,0,0,0,0,0,0,0,1,0,0,9,0,0,0,0,0,2.6464393446710157,0
40,9,14,8,0,1,0,0,4,1,1,0,0,0,0,0,0,1,0,3,0,0,3,0,0,0,2,0,0,2,7,5,1,0,0,0,0,0,0,0,1,0,0,8,0,0,0,0,0,2.9477027792200903,0
30,13,0,8,0,1,0,0,2,1,1,0,0,0,0,0,0,1,0,4,0,0,3,0,0,0,0,0,0,0,0,0,1,0,0,0,0,0,0,0,1,0,0,12,0,0,0,0,0,3.0269868333592873,0
40,9,14,8,0,1,0,0,4,1,1,0,0,0,0,0,0,1,0,3,0,0,3,0,0,0,2,0,0,2,7,5,1,0,0,0,0,0,0,0,1,0,0,8,0,0,0,0,0,2.9477027792200903,0
32,10,14,0,0,1,0,0,4,0,0,0,0,0,0,0,0,1,0,4,0,0,3,0,0,0,2,0,0,2,7,5,0,0,0,0,0,0,0,0,1,0,0,9,0,0,0,0,0,2.6464393446710157,0
102,21,25,48,0,1,2,0,6,1,1,0,0,0,0,0,0,1,2,6,0,0,3,0,0,0,4,0,0,4,6,4,1,0,0,0,4,0,4,0,0,0,0,18,4,0,0,0,0,3.8208888513501886,1
44,13,14,8,0,1,0,0,4,1,1,0,0,0,0,0,0,1,0,4,0,0,3,0,0,0,2,0,0,2,7,5,1,0,0,0,0,0,0,0,1,0,0,12,0,0,0,0,0,3.0269868333592873,0
32,10,14,0,0,1,0,0,4,0,0,0,0,0,0,0,0,1,0,4,0,0,3,0,0,0,2,0,0,2,7,5,0,0,0,0,0,0,0,0,1,0,0,9,0,0,0,0,0,2.6464393446710157,0
67,13,25,21,0,3,0,0,6,1,1,0,0,0,0,0,0,3,0,0,1,0,0,0,0,0,4,0,0,4,6,4,1,0,0,1,3,0,14,0,0,0,10,0,4,1,1,0,0,2.5654483718208256,1
30,13,0,8,0,1,0,0,2,1,1,0,0,0,0,0,0,1,0,6,0,0,3,0,0,0,0,0,0,0,0,0,1,0,0,0,0,0,0,0,1,0,0,12,0,0,0,0,0,3.334679141051595,0
44,13,14,8,0,1,0,0,4,1,1,0,0,0,0,0,0,1,0,6,0,0,3,0,0,0,2,0,0,2,7,5,1,0,0,0,0,0,0,0,1,0,0,12,0,0,0,0,0,3.334679141051595,0
44,13,14,8,0,1,0,0,4,1,1,0,0,0,0,0,0,1,0,6,0,0,3,0,0,0,2,0,0,2,7,5,1,0,0,0,0,0,0,0,1,0,0,12,0,0,0,0,0,3.334679141051595,0
44,13,14,8,0,1,0,0,4,1,1,0,0,0,0,0,0,1,0,6,0,0,3,0,0,0,2,0,0,2,7,5,1,0,0,0,0,0,0,0,1,0,0,12,0,0,0,0,0,3.334679141051595,0
91,13,25,45,0,3,0,0,6,1,1,0,0,0,0,0,0,3,0,0,1,0,0,0,0,0,4,0,0,4,6,4,1,0,0,1,3,0,14,0,0,0,10,0,4,1,1,0,0,2.5654483718208256,1
75,13,25,29,0,3,0,0,6,1,1,0,0,0,0,0,0,3,0,0,1,0,0,0,0,0,4,0,0,4,6,4,1,0,0,1,3,0,14,0,0,0,10,0,4,1,1,0,0,2.5654483718208256,1
40,9,14,8,0,1,0,0,4,1,1,0,0,0,0,0,0,1,0,3,0,0,3,0,0,0,2,0,0,2,7,5,1,0,0,0,0,0,0,0,1,0,0,8,0,0,0,0,0,2.9477027792200903,0
40,9,14,8,0,1,0,0,4,1,1,0,0,0,0,0,0,1,0,3,0,0,3,0,0,0,2,0,0,2,7,5,1,0,0,0,0,0,0,0,1,0,0,8,0,0,0,0,0,2.9477027792200903,0
44,13,14,8,0,1,0,0,4,1,1,0,0,0,0,0,0,1,0,6,0,0,3,0,0,0,2,0,0,2,7,5,1,0,0,0,0,0,0,0,1,0,0,12,0,0,0,0,0,3.334679141051595,0
113,31,25,49,0,1,3,0,6,1,1,0,0,0,0,0,0,1,3,12,0,0,3,0,0,0,4,0,0,4,6,4,1,0,0,0,4,0,4,0,0,0,0,27,4,0,0,0,0,3.88904953591417,1
94,13,25,48,0,3,0,0,6,1,1,0,0,0,0,0,0,3,0,0,1,0,0,0,0,0,4,0,0,4,6,4,1,0,0,1,3,0,14,0,0,0,10,0,4,1,1,0,0,2.5654483718208256,1
40,9,14,8,0,1,0,0,4,1,1,0,0,0,0,0,0,1,0,3,0,0,3,0,0,0,2,0,0,2,7,5,1,0,0,0,0,0,0,0,1,0,0,8,0,0,0,0,0,2.9477027792200903,0
26,9,0,8,0,1,0,0,2,1,1,0,0,0,0,0,0,1,0,3,0,0,3,0,0,0,0,0,0,0,0,0,1,0,0,0,0,0,0,0,1,0,0,8,0,0,0,0,0,2.9477027792200903,0
18,10,0,0,0,1,0,0,2,0,0,0,0,0,0,0,0,1,0,4,0,0,3,0,0,0,0,0,0,0,0,0,0,0,0,0,0,0,0,0,1,0,0,9,0,0,0,0,0,2.6464393446710157,0
77,20,25,24,0,1,2,0,6,1,1,0,0,0,0,0,0,1,2,6,0,0,4,0,0,0,4,0,0,4,6,4,1,0,0,0,5,0,4,0,0,0,0,17,4,0,0,0,0,3.684183719779189,1
35,13,14,0,0,1,0,0,4,0,0,0,0,0,0,0,0,1,0,4,0,0,3,0,0,0,2,0,0,2,7,5,0,0,0,0,0,0,0,0,1,0,0,12,0,0,0,0,0,3.0269868333592873,0
73,20,25,20,0,1,2,0,6,1,1,0,0,0,0,0,0,1,2,6,0,0,4,0,0,0,4,0,0,4,6,4,1,0,0,0,5,0,4,0,0,0,0,17,4,0,0,0,0,3.684183719779189,1
30,13,0,8,0,1,0,0,2,1,1,0,0,0,0,0,0,1,0,6,0,0,3,0,0,0,0,0,0,0,0,0,1,0,0,0,0,0,0,0,1,0,0,12,0,0,0,0,0,3.334679141051595,0
40,9,14,8,0,1,0,0,4,1,1,0,0,0,0,0,0,1,0,3,0,0,3,0,0,0,2,0,0,2,7,5,1,0,0,0,0,0,0,0,1,0,0,8,0,0,0,0,0,2.9477027792200903,0
95,31,25,31,0,1,3,0,6,1,1,0,0,0,0,0,0,1,3,12,0,0,3,0,0,0,4,0,0,4,6,4,1,0,0,0,4,0,4,0,0,0,0,27,4,0,0,0,0,3.88904953591417,1
18,10,0,0,0,1,0,0,2,0,0,0,0,0,0,0,0,1,0,4,0,0,3,0,0,0,0,0,0,0,0,0,0,0,0,0,0,0,0,0,1,0,0,9,0,0,0,0,0,2.6464393446710157,0
98,31,25,34,0,1,3,0,6,1,1,0,0,0,0,0,0,1,3,12,0,0,3,0,0,0,4,0,0,4,6,4,1,0,0,0,4,0,4,0,0,0,0,27,4,0,0,0,0,3.88904953591417,1
35,13,14,0,0,1,0,0,4,0,0,0,0,0,0,0,0,1,0,4,0,0,3,0,0,0,2,0,0,2,7,5,0,0,0,0,0,0,0,0,1,0,0,12,0,0,0,0,0,3.0269868333592873,0
101,21,25,47,0,1,2,0,6,1,1,0,0,0,0,0,0,1,2,6,0,0,3,0,0,0,4,0,0,4,6,4,1,0,0,0,4,0,4,0,0,0,0,18,4,0,0,0,0,3.8208888513501886,1
41,10,14,8,0,1,0,0,4,1,1,0,0,0,0,0,0,1,0,3,0,0,3,0,0,0,2,0,0,2,7,5,1,0,0,0,0,0,0,0,1,0,0,9,0,0,0,0,0,3.3219280948873626,0
87,20,25,34,0,1,2,0,6,1,1,0,0,0,0,0,0,1,2,6,0,0,4,0,0,0,4,0,0,4,6,4,1,0,0,0,5,0,4,0,0,0,0,17,4,0,0,0,0,3.684183719779189,1
103,21,25,49,0,1,2,0,6,1,1,0,0,0,0,0,0,1,2,6,0,0,3,0,0,0,4,0,0,4,6,4,1,0,0,0,4,0,4,0,0,0,0,18,4,0,0,0,0,3.8208888513501886,1
40,9,14,8,0,1,0,0,4,1,1,0,0,0,0,0,0,1,0,3,0,0,3,0,0,0,2,0,0,2,7,5,1,0,0,0,0,0,0,0,1,0,0,8,0,0,0,0,0,2.9477027792200903,0
99,20,25,46,0,1,2,0,6,1,1,0,0,0,0,0,0,1,2,6,0,0,4,0,0,0,4,0,0,4,6,4,1,0,0,0,5,0,4,0,0,0,0,17,4,0,0,0,0,3.684183719779189,1
35,13,14,0,0,1,0,0,4,0,0,0,0,0,0,0,0,1,0,6,0,0,3,0,0,0,2,0,0,2,7,5,0,0,0,0,0,0,0,0,1,0,0,12,0,0,0,0,0,3.334679141051595,0
76,21,25,22,0,1,2,0,6,1,1,0,0,0,0,0,0,1,2,6,0,0,3,0,0,0,4,0,0,4,6,4,1,0,0,0,4,0,4,0,0,0,0,18,4,0,0,0,0,3.8208888513501886,1
40,9,14,8,0,1,0,0,4,1,1,0,0,0,0,0,0,1,0,3,0,0,3,0,0,0,2,0,0,2,7,5,1,0,0,0,0,0,0,0,1,0,0,8,0,0,0,0,0,2.9477027792200903,0
17,9,0,0,0,1,0,0,2,0,0,0,0,0,0,0,0,1,0,3,0,0,3,0,0,0,0,0,0,0,0,0,0,0,0,0,0,0,0,0,1,0,0,8,0,0,0,0,0,2.9477027792200903,0
27,10,0,8,0,1,0,0,2,1,1,0,0,0,0,0,0,1,0,4,0,0,3,0,0,0,0,0,0,0,0,0,1,0,0,0,0,0,0,0,1,0,0,9,0,0,0,0,0,2.6464393446710157,0
84,20,25,31,0,1,2,0,6,1,1,0,0,0,0,0,0,1,2,6,0,0,4,0,0,0,4,0,0,4,6,4,1,0,0,0,5,0,4,0,0,0,0,17,4,0,0,0,0,3.684183719779189,1
73,13,25,27,0,3,0,0,6,1,1,0,0,0,0,0,0,3,0,0,1,0,0,0,0,0,4,0,0,4,6,4,1,0,0,1,3,0,14,0,0,0,10,0,4,1,1,0,0,2.5654483718208256,1
104,20,25,51,0,1,2,0,6,1,1,0,0,0,0,0,0,1,2,6,0,0,4,0,0,0,4,0,0,4,6,4,1,0,0,0,5,0,4,0,0,0,0,17,4,0,0,0,0,3.684183719779189,1
98,20,25,45,0,1,2,0,6,1,1,0,0,0,0,0,0,1,2,6,0,0,4,0,0,0,4,0,0,4,6,4,1,0,0,0,5,0,4,0,0,0,0,17,4,0,0,0,0,3.684183719779189,1
32,10,14,0,0,1,0,0,4,0,0,0,0,0,0,0,0,1,0,4,0,0,3,0,0,0,2,0,0,2,7,5,0,0,0,0,0,0,0,0,1,0,0,9,0,0,0,0,0,2.6464393446710157,0
77,13,25,31,0,3,0,0,6,1,1,0,0,0,0,0,0,3,0,0,1,0,0,0,0,0,4,0,0,4,6,4,1,0,0,1,3,0,14,0,0,0,10,0,4,1,1,0,0,2.5654483718208256,1
74,21,25,20,0,1,2,0,6,1,1,0,0,0,0,0,0,1,2,6,0,0,3,0,0,0,4,0,0,4,6,4,1,0,0,0,4,0,4,0,0,0,0,18,4,0,0,0,0,3.8208888513501886,1
27,10,0,8,0,1,0,0,2,1,1,0,0,0,0,0,0,1,0,3,0,0,3,0,0,0,0,0,0,0,0,0,1,0,0,0,0,0,0,0,1,0,0,9,0,0,0,0,0,3.3219280948873626,0
31,9,14,0,0,1,0,0,4,0,0,0,0,0,0,0,0,1,0,3,0,0,3,0,0,0,2,0,0,2,7,5,0,0,0,0,0,0,0,0,1,0,0,8,0,0,0,0,0,2.9477027792200903,0
21,13,0,0,0,1,0,0,2,0,0,0,0,0,0,0,0,1,0,6,0,0,3,0,0,0,0,0,0,0,0,0,0,0,0,0,0,0,0,0,1,0,0,12,0,0,0,0,0,3.334679141051595,0
84,20,25,31,0,1,2,0,6,1,1,0,0,0,0,0,0,1,2,6,0,0,4,0,0,0,4,0,0,4,6,4,1,0,0,0,5,0,4,0,0,0,0,17,4,0,0,0,0,3.684183719779189,1
100,20,25,47,0,1,2,0,6,1,1,0,0,0,0,0,0,1,2,6,0,0,4,0,0,0,4,0,0,4,6,4,1,0,0,0,5,0,4,0,0,0,0,17,4,0,0,0,0,3.684183719779189,1
117,31,25,53,0,1,3,0,6,1,1,0,0,0,0,0,0,1,3,12,0,0,3,0,0,0,4,0,0,4,6,4,1,0,0,0,4,0,4,0,0,0,0,27,4,0,0,0,0,3.88904953591417,1
30,13,0,8,0,1,0,0,2,1,1,0,0,0,0,0,0,1,0,6,0,0,3,0,0,0,0,0,0,0,0,0,1,0,0,0,0,0,0,0,1,0,0,12,0,0,0,0,0,3.334679141051595,0
90,21,25,36,0,1,2,0,6,1,1,0,0,0,0,0,0,1,2,6,0,0,3,0,0,0,4,0,0,4,6,4,1,0,0,0,4,0,4,0,0,0,0,18,4,0,0,0,0,3.8208888513501886,1
30,13,0,8,0,1,0,0,2,1,1,0,0,0,0,0,0,1,0,4,0,0,3,0,0,0,0,0,0,0,0,0,1,0,0,0,0,0,0,0,1,0,0,12,0,0,0,0,0,3.0269868333592873,0
32,10,14,0,0,1,0,0,4,0,0,0,0,0,0,0,0,1,0,4,0,0,3,0,0,0,2,0,0,2,7,5,0,0,0,0,0,0,0,0,1,0,0,9,0,0,0,0,0,2.6464393446710157,0
71,13,25,25,0,3,0,0,6,1,1,0,0,0,0,0,0,3,0,0,1,0,0,0,0,0,4,0,0,4,6,4,1,0,0,1,3,0,14,0,0,0,10,0,4,1,1,0,0,2.5654483718208256,1
102,31,25,38,0,1,3,0,6,1,1,0,0,0,0,0,0,1,3,12,0,0,3,0,0,0,4,0,0,4,6,4,1,0,0,0,4,0,4,0,0,0,0,27,4,0,0,0,0,3.88904953591417,1
77,21,25,23,0,1,2,0,6,1,1,0,0,0,0,0,0,1,2,6,0,0,3,0,0,0,4,0,0,4,6,4,1,0,0,0,4,0,4,0,0,0,0,18,4,0,0,0,0,3.8208888513501886,1
83,20,25,30,0,1,2,0,6,1,1,0,0,0,0,0,0,1,2,6,0,0,4,0,0,0,4,0,0,4,6,4,1,0,0,0,5,0,4,0,0,0,0,17,4,0,0,0,0,3.684183719779189,1
18,10,0,0,0,1,0,0,2,0,0,0,0,0,0,0,0,1,0,4,0,0,3,0,0,0,0,0,0,0,0,0,0,0,0,0,0,0,0,0,1,0,0,9,0,0,0,0,0,2.6464393446710157,0
89,21,25,35,0,1,2,0,6,1,1,0,0,0,0,0,0,1,2,6,0,0,3,0,0,0,4,0,0,4,6,4,1,0,0,0,4,0,4,0,0,0,0,18,4,0,0,0,0,3.8208888513501886,1
86,21,25,32,0,1,2,0,6,1,1,0,0,0,0,0,0,1,2,6,0,0,3,0,0,0,4,0,0,4,6,4,1,0,0,0,4,0,4,0,0,0,0,18,4,0,0,0,0,3.8208888513501886,1
21,13,0,0,0,1,0,0,2,0,0,0,0,0,0,0,0,1,0,6,0,0,3,0,0,0,0,0,0,0,0,0,0,0,0,0,0,0,0,0,1,0,0,12,0,0,0,0,0,3.334679141051595,0
40,9,14,8,0,1,0,0,4,1,1,0,0,0,0,0,0,1,0,3,0,0,3,0,0,0,2,0,0,2,7,5,1,0,0,0,0,0,0,0,1,0,0,8,0,0,0,0,0,2.9477027792200903,0
35,13,14,0,0,1,0,0,4,0,0,0,0,0,0,0,0,1,0,6,0,0,3,0,0,0,2,0,0,2,7,5,0,0,0,0,0,0,0,0,1,0,0,12,0,0,0,0,0,3.334679141051595,0
85,31,25,21,0,1,3,0,6,1,1,0,0,0,0,0,0,1,3,12,0,0,3,0,0,0,4,0,0,4,6,4,1,0,0,0,4,0,4,0,0,0,0,27,4,0,0,0,0,3.88904953591417,1
26,9,0,8,0,1,0,0,2,1,1,0,0,0,0,0,0,1,0,3,0,0,3,0,0,0,0,0,0,0,0,0,1,0,0,0,0,0,0,0,1,0,0,8,0,0,0,0,0,2.9477027792200903,0
102,31,25,38,0,1,3,0,6,1,1,0,0,0,0,0,0,1,3,12,0,0,3,0,0,0,4,0,0,4,6,4,1,0,0,0,4,0,4,0,0,0,0,27,4,0,0,0,0,3.88904953591417,1
17,9,0,0,0,1,0,0,2,0,0,0,0,0,0,0,0,1,0,3,0,0,3,0,0,0,0,0,0,0,0,0,0,0,0,0,0,0,0,0,1,0,0,8,0,0,0,0,0,2.9477027792200903,0
91,21,25,37,0,1,2,0,6,1,1,0,0,0,0,0,0,1,2,6,0,0,3,0,0,0,4,0,0,4,6,4,1,0,0,0,4,0,4,0,0,0,0,18,4,0,0,0,0,3.8208888513501886,1
31,9,14,0,0,1,0,0,4,0,0,0,0,0,0,0,0,1,0,3,0,0,3,0,0,0,2,0,0,2,7,5,0,0,0,0,0,0,0,0,1,0,0,8,0,0,0,0,0,2.9477027792200903,0
81,20,25,28,0,1,2,0,6,1,1,0,0,0,0,0,0,1,2,6,0,0,4,0,0,0,4,0,0,4,6,4,1,0,0,0,5,0,4,0,0,0,0,17,4,0,0,0,0,3.684183719779189,1
32,10,14,0,0,1,0,0,4,0,0,0,0,0,0,0,0,1,0,4,0,0,3,0,0,0,2,0,0,2,7,5,0,0,0,0,0,0,0,0,1,0,0,9,0,0,0,0,0,2.6464393446710157,0
32,10,14,0,0,1,0,0,4,0,0,0,0,0,0,0,0,1,0,4,0,0,3,0,0,0,2,0,0,2,7,5,0,0,0,0,0,0,0,0,1,0,0,9,0,0,0,0,0,2.6464393446710157,0
87,20,25,34,0,1,2,0,6,1,1,0,0,0,0,0,0,1,2,6,0,0,4,0,0,0,4,0,0,4,6,4,1,0,0,0,5,0,4,0,0,0,0,17,4,0,0,0,0,3.684183719779189,1
21,13,0,0,0,1,0,0,2,0,0,0,0,0,0,0,0,1,0,4,0,0,3,0,0,0,0,0,0,0,0,0,0,0,0,0,0,0,0,0,1,0,0,12,0,0,0,0,0,3.0269868333592873,0
71,20,25,18,0,1,2,0,6,1,1,0,0,0,0,0,0,1,2,6,0,0,4,0,0,0,4,0,0,4,6,4,1,0,0,0,5,0,4,0,0,0,0,17,4,0,0,0,0,3.684183719779189,1
87,13,25,41,0,3,0,0,6,1,1,0,0,0,0,0,0,3,0,0,1,0,0,0,0,0,4,0,0,4,6,4,1,0,0,1,3,0,14,0,0,0,10,0,4,1,1,0,0,2.5654483718208256,1
44,13,14,8,0,1,0,0,4,1,1,0,0,0,0,0,0,1,0,6,0,0,3,0,0,0,2,0,0,2,7,5,1,0,0,0,0,0,0,0,1,0,0,12,0,0,0,0,0,3.334679141051595,0
99,13,25,53,0,3,0,0,6,1,1,0,0,0,0,0,0,3,0,0,1,0,0,0,0,0,4,0,0,4,6,4,1,0,0,1,3,0,14,0,0,0,10,0,4,1,1,0,0,2.5654483718208256,1
35,13,14,0,0,1,0,0,4,0,0,0,0,0,0,0,0,1,0,4,0,0,3,0,0,0,2,0,0,2,7,5,0,0,0,0,0,0,0,0,1,0,0,12,0,0,0,0,0,3.0269868333592873,0
35,13,14,0,0,1,0,0,4,0,0,0,0,0,0,0,0,1,0,4,0,0,3,0,0,0,2,0,0,2,7,5,0,0,0,0,0,0,0,0,1,0,0,12,0,0,0,0,0,3.0269868333592873,0
21,13,0,0,0,1,0,0,2,0,0,0,0,0,0,0,0,1,0,6,0,0,3,0,0,0,0,0,0,0,0,0,0,0,0,0,0,0,0,0,1,0,0,12,0,0,0,0,0,3.334679141051595,0
108,31,25,44,0,1,3,0,6,1,1,0,0,0,0,0,0,1,3,12,0,0,3,0,0,0,4,0,0,4,6,4,1,0,0,0,4,0,4,0,0,0,0,27,4,0,0,0,0,3.88904953591417,1
26,9,0,8,0,1,0,0,2,1,1,0,0,0,0,0,0,1,0,3,0,0,3,0,0,0,0,0,0,0,0,0,1,0,0,0,0,0,0,0,1,0,0,8,0,0,0,0,0,2.9477027792200903,0
100,31,25,36,0,1,3,0,6,1,1,0,0,0,0,0,0,1,3,12,0,0,3,0,0,0,4,0,0,4,6,4,1,0,0,0,4,0,4,0,0,0,0,27,4,0,0,0,0,3.88904953591417,1
35,13,14,0,0,1,0,0,4,0,0,0,0,0,0,0,0,1,0,4,0,0,3,0,0,0,2,0,0,2,7,5,0,0,0,0,0,0,0,0,1,0,0,12,0,0,0,0,0,3.0269868333592873,0
31,9,14,0,0,1,0,0,4,0,0,0,0,0,0,0,0,1,0,3,0,0,3,0,0,0,2,0,0,2,7,5,0,0,0,0,0,0,0,0,1,0,0,8,0,0,0,0,0,2.9477027792200903,0
83,31,25,19,0,1,3,0,6,1,1,0,0,0,0,0,0,1,3,12,0,0,3,0,0,0,4,0,0,4,6,4,1,0,0,0,4,0,4,0,0,0,0,27,4,0,0,0,0,3.88904953591417,1
99,20,25,46,0,1,2,0,6,1,1,0,0,0,0,0,0,1,2,6,0,0,4,0,0,0,4,0,0,4,6,4,1,0,0,0,5,0,4,0,0,0,0,17,4,0,0,0,0,3.684183719779189,1
89,21,25,35,0,1,2,0,6,1,1,0,0,0,0,0,0,1,2,6,0,0,3,0,0,0,4,0,0,4,6,4,1,0,0,0,4,0,4,0,0,0,0,18,4,0,0,0,0,3.8208888513501886,1
35,13,14,0,0,1,0,0,4,0,0,0,0,0,0,0,0,1,0,6,0,0,3,0,0,0,2,0,0,2,7,5,0,0,0,0,0,0,0,0,1,0,0,12,0,0,0,0,0,3.334679141051595,0
75,20,25,22,0,1,2,0,6,1,1,0,0,0,0,0,0,1,2,6,0,0,4,0,0,0,4,0,0,4,6,4,1,0,0,0,5,0,4,0,0,0,0,17,4,0,0,0,0,3.684183719779189,1
86,13,25,40,0,3,0,0,6,1,1,0,0,0,0,0,0,3,0,0,1,0,0,0,0,0,4,0,0,4,6,4,1,0,0,1,3,0,14,0,0,0,10,0,4,1,1,0,0,2.5654483718208256,1
86,13,25,40,0,3,0,0,6,1,1,0,0,0,0,0,0,3,0,0,1,0,0,0,0,0,4,0,0,4,6,4,1,0,0,1,3,0,14,0,0,0,10,0,4,1,1,0,0,2.5654483718208256,1
17,9,0,0,0,1,0,0,2,0,0,0,0,0,0,0,0,1,0,3,0,0,3,0,0,0,0,0,0,0,0,0,0,0,0,0,0,0,0,0,1,0,0,8,0,0,0,0,0,2.9477027792200903,0
27,10,0,8,0,1,0,0,2,1,1,0,0,0,0,0,0,1,0,4,0,0,3,0,0,0,0,0,0,0,0,0,1,0,0,0,0,0,0,0,1,0,0,9,0,0,0,0,0,2.6464393446710157,0
69,13,25,23,0,3,0,0,6,1,1,0,0,0,0,0,0,3,0,0,1,0,0,0,0,0,4,0,0,4,6,4,1,0,0,1,3,0,14,0,0,0,10,0,4,1,1,0,0,2.5654483718208256,1
44,13,14,8,0,1,0,0,4,1,1,0,0,0,0,0,0,1,0,6,0,0,3,0,0,0,2,0,0,2,7,5,1,0,0,0,0,0,0,0,1,0,0,12,0,0,0,0,0,3.334679141051595,0
62,13,25,16,0,3,0,0,6,1,1,0,0,0,0,0,0,3,0,0,1,0,0,0,0,0,4,0,0,4,6,4,1,0,0,1,3,0,14,0,0,0,10,0,4,1,1,0,0,2.5654483718208256,1
44,13,14,8,0,1,0,0,4,1,1,0,0,0,0,0,0,1,0,4,0,0,3,0,0,0,2,0,0,2,7,5,1,0,0,0,0,0,0,0,1,0,0,12,0,0,0,0,0,3.0269868333592873,0
107,31,25,43,0,1,3,0,6,1,1,0,0,0,0,0,0,1,3,12,0,0,3,0,0,0,4,0,0,4,6,4,1,0,0,0,4,0,4,0,0,0,0,27,4,0,0,0,0,3.88904953591417,1
95,13,25,49,0,3,0,0,6,1,1,0,0,0,0,0,0,3,0,0,1,0,0,0,0,0,4,0,0,4,6,4,1,0,0,1,3,0,14,0,0,0,10,0,4,1,1,0,0,2.5654483718208256,1
80,21,25,26,0,1,2,0,6,1,1,0,0,0,0,0,0,1,2,6,0,0,3,0,0,0,4,0,0,4,6,4,1,0,0,0,4,0,4,0,0,0,0,18,4,0,0,0,0,3.8208888513501886,1
21,13,0,0,0,1,0,0,2,0,0,0,0,0,0,0,0,1,0,6,0,0,3,0,0,0,0,0,0,0,0,0,0,0,0,0,0,0,0,0,1,0,0,12,0,0,0,0,0,3.334679141051595,0
116,31,25,52,0,1,3,0,6,1,1,0,0,0,0,0,0,1,3,12,0,0,3,0,0,0,4,0,0,4,6,4,1,0,0,0,4,0,4,0,0,0,0,27,4,0,0,0,0,3.88904953591417,1
21,13,0,0,0,1,0,0,2,0,0,0,0,0,0,0,0,1,0,6,0,0,3,0,0,0,0,0,0,0,0,0,0,0,0,0,0,0,0,0,1,0,0,12,0,0,0,0,0,3.334679141051595,0
94,13,25,48,0,3,0,0,6,1,1,0,0,0,0,0,0,3,0,0,1,0,0,0,0,0,4,0,0,4,6,4,1,0,0,1,3,0,14,0,0,0,10,0,4,1,1,0,0,2.5654483718208256,1
40,9,14,8,0,1,0,0,4,1,1,0,0,0,0,0,0,1,0,3,0,0,3,0,0,0,2,0,0,2,7,5,1,0,0,0,0,0,0,0,1,0,0,8,0,0,0,0,0,2.9477027792200903,0
76,20,25,23,0,1,2,0,6,1,1,0,0,0,0,0,0,1,2,6,0,0,4,0,0,0,4,0,0,4,6,4,1,0,0,0,5,0,4,0,0,0,0,17,4,0,0,0,0,3.684183719779189,1
109,31,25,45,0,1,3,0,6,1,1,0,0,0,0,0,0,1,3,12,0,0,3,0,0,0,4,0,0,4,6,4,1,0,0,0,4,0,4,0,0,0,0,27,4,0,0,0,0,3.88904953591417,1
84,20,25,31,0,1,2,0,6,1,1,0,0,0,0,0,0,1,2,6,0,0,4,0,0,0,4,0,0,4,6,4,1,0,0,0,5,0,4,0,0,0,0,17,4,0,0,0,0,3.684183719779189,1
21,13,0,0,0,1,0,0,2,0,0,0,0,0,0,0,0,1,0,6,0,0,3,0,0,0,0,0,0,0,0,0,0,0,0,0,0,0,0,0,1,0,0,12,0,0,0,0,0,3.334679141051595,0
101,20,25,48,0,1,2,0,6,1,1,0,0,0,0,0,0,1,2,6,0,0,4,0,0,0,4,0,0,4,6,4,1,0,0,0,5,0,4,0,0,0,0,17,4,0,0,0,0,3.684183719779189,1
91,31,25,27,0,1,3,0,6,1,1,0,0,0,0,0,0,1,3,12,0,0,3,0,0,0,4,0,0,4,6,4,1,0,0,0,4,0,4,0,0,0,0,27,4,0,0,0,0,3.88904953591417,1
35,13,14,0,0,1,0,0,4,0,0,0,0,0,0,0,0,1,0,4,0,0,3,0,0,0,2,0,0,2,7,5,0,0,0,0,0,0,0,0,1,0,0,12,0,0,0,0,0,3.0269868333592873,0
27,10,0,8,0,1,0,0,2,1,1,0,0,0,0,0,0,1,0,4,0,0,3,0,0,0,0,0,0,0,0,0,1,0,0,0,0,0,0,0,1,0,0,9,0,0,0,0,0,2.6464393446710157,0
44,13,14,8,0,1,0,0,4,1,1,0,0,0,0,0,0,1,0,6,0,0,3,0,0,0,2,0,0,2,7,5,1,0,0,0,0,0,0,0,1,0,0,12,0,0,0,0,0,3.334679141051595,0
32,10,14,0,0,1,0,0,4,0,0,0,0,0,0,0,0,1,0,4,0,0,3,0,0,0,2,0,0,2,7,5,0,0,0,0,0,0,0,0,1,0,0,9,0,0,0,0,0,2.6464393446710157,0
71,21,25,17,0,1,2,0,6,1,1,0,0,0,0,0,0,1,2,6,0,0,3,0,0,0,4,0,0,4,6,4,1,0,0,0,4,0,4,0,0,0,0,18,4,0,0,0,0,3.8208888513501886,1
21,13,0,0,0,1,0,0,2,0,0,0,0,0,0,0,0,1,0,6,0,0,3,0,0,0,0,0,0,0,0,0,0,0,0,0,0,0,0,0,1,0,0,12,0,0,0,0,0,3.334679141051595,0
81,31,25,17,0,1,3,0,6,1,1,0,0,0,0,0,0,1,3,12,0,0,3,0,0,0,4,0,0,4,6,4,1,0,0,0,4,0,4,0,0,0,0,27,4,0,0,0,0,3.88904953591417,1
85,31,25,21,0,1,3,0,6,1,1,0,0,0,0,0,0,1,3,12,0,0,3,0,0,0,4,0,0,4,6,4,1,0,0,0,4,0,4,0,0,0,0,27,4,0,0,0,0,3.88904953591417,1
26,9,0,8,0,1,0,0,2,1,1,0,0,0,0,0,0,1,0,3,0,0,3,0,0,0,0,0,0,0,0,0,1,0,0,0,0,0,0,0,1,0,0,8,0,0,0,0,0,2.9477027792200903,0
94,20,25,41,0,1,2,0,6,1,1,0,0,0,0,0,0,1,2,6,0,0,4,0,0,0,4,0,0,4,6,4,1,0,0,0,5,0,4,0,0,0,0,17,4,0,0,0,0,3.684183719779189,1
30,13,0,8,0,1,0,0,2,1,1,0,0,0,0,0,0,1,0,4,0,0,3,0,0,0,0,0,0,0,0,0,1,0,0,0,0,0,0,0,1,0,0,12,0,0,0,0,0,3.0269868333592873,0
18,10,0,0,0,1,0,0,2,0,0,0,0,0,0,0,0,1,0,4,0,0,3,0,0,0,0,0,0,0,0,0,0,0,0,0,0,0,0,0,1,0,0,9,0,0,0,0,0,2.6464393446710157,0
110,31,25,46,0,1,3,0,6,1,1,0,0,0,0,0,0,1,3,12,0,0,3,0,0,0,4,0,0,4,6,4,1,0,0,0,4,0,4,0,0,0,0,27,4,0,0,0,0,3.88904953591417,1
84,31,25,20,0,1,3,0,6,1,1,0,0,0,0,0,0,1,3,12,0,0,3,0,0,0,4,0,0,4,6,4,1,0,0,0,4,0,4,0,0,0,0,27,4,0,0,0,0,3.88904953591417,1
103,21,25,49,0,1,2,0,6,1,1,0,0,0,0,0,0,1,2,6,0,0,3,0,0,0,4,0,0,4,6,4,1,0,0,0,4,0,4,0,0,0,0,18,4,0,0,0,0,3.8208888513501886,1
105,31,25,41,0,1,3,0,6,1,1,0,0,0,0,0,0,1,3,12,0,0,3,0,0,0,4,0,0,4,6,4,1,0,0,0,4,0,4,0,0,0,0,27,4,0,0,0,0,3.88904953591417,1
32,10,14,0,0,1,0,0,4,0,0,0,0,0,0,0,0,1,0,4,0,0,3,0,0,0,2,0,0,2,7,5,0,0,0,0,0,0,0,0,1,0,0,9,0,0,0,0,0,2.6464393446710157,0
98,31,25,34,0,1,3,0,6,1,1,0,0,0,0,0,0,1,3,12,0,0,3,0,0,0,4,0,0,4,6,4,1,0,0,0,4,0,4,0,0,0,0,27,4,0,0,0,0,3.88904953591417,1
100,21,25,46,0,1,2,0,6,1,1,0,0,0,0,0,0,1,2,6,0,0,3,0,0,0,4,0,0,4,6,4,1,0,0,0,4,0,4,0,0,0,0,18,4,0,0,0,0,3.8208888513501886,1
73,21,25,19,0,1,2,0,6,1,1,0,0,0,0,0,0,1,2,6,0,0,3,0,0,0,4,0,0,4,6,4,1,0,0,0,4,0,4,0,0,0,0,18,4,0,0,0,0,3.8208888513501886,1
65,13,25,19,0,3,0,0,6,1,1,0,0,0,0,0,0,3,0,0,1,0,0,0,0,0,4,0,0,4,6,4,1,0,0,1,3,0,14,0,0,0,10,0,4,1,1,0,0,2.5654483718208256,1
87,31,25,23,0,1,3,0,6,1,1,0,0,0,0,0,0,1,3,12,0,0,3,0,0,0,4,0,0,4,6,4,1,0,0,0,4,0,4,0,0,0,0,27,4,0,0,0,0,3.88904953591417,1
105,21,25,51,0,1,2,0,6,1,1,0,0,0,0,0,0,1,2,6,0,0,3,0,0,0,4,0,0,4,6,4,1,0,0,0,4,0,4,0,0,0,0,18,4,0,0,0,0,3.8208888513501886,1
41,10,14,8,0,1,0,0,4,1,1,0,0,0,0,0,0,1,0,4,0,0,3,0,0,0,2,0,0,2,7,5,1,0,0,0,0,0,0,0,1,0,0,9,0,0,0,0,0,2.6464393446710157,0
31,9,14,0,0,1,0,0,4,0,0,0,0,0,0,0,0,1,0,3,0,0,3,0,0,0,2,0,0,2,7,5,0,0,0,0,0,0,0,0,1,0,0,8,0,0,0,0,0,2.9477027792200903,0
18,10,0,0,0,1,0,0,2,0,0,0,0,0,0,0,0,1,0,3,0,0,3,0,0,0,0,0,0,0,0,0,0,0,0,0,0,0,0,0,1,0,0,9,0,0,0,0,0,3.3219280948873626,0
68,13,25,22,0,3,0,0,6,1,1,0,0,0,0,0,0,3,0,0,1,0,0,0,0,0,4,0,0,4,6,4,1,0,0,1,3,0,14,0,0,0,10,0,4,1,1,0,0,2.5654483718208256,1
71,13,25,25,0,3,0,0,6,1,1,0,0,0,0,0,0,3,0,0,1,0,0,0,0,0,4,0,0,4,6,4,1,0,0,1,3,0,14,0,0,0,10,0,4,1,1,0,0,2.5654483718208256,1
87,31,25,23,0,1,3,0,6,1,1,0,0,0,0,0,0,1,3,12,0,0,3,0,0,0,4,0,0,4,6,4,1,0,0,0,4,0,4,0,0,0,0,27,4,0,0,0,0,3.88904953591417,1
108,21,25,54,0,1,2,0,6,1,1,0,0,0,0,0,0,1,2,6,0,0,3,0,0,0,4,0,0,4,6,4,1,0,0,0,4,0,4,0,0,0,0,18,4,0,0,0,0,3.8208888513501886,1
44,13,14,8,0,1,0,0,4,1,1,0,0,0,0,0,0,1,0,4,0,0,3,0,0,0,2,0,0,2,7,5,1,0,0,0,0,0,0,0,1,0,0,12,0,0,0,0,0,3.0269868333592873,0
35,13,14,0,0,1,0,0,4,0,0,0,0,0,0,0,0,1,0,6,0,0,3,0,0,0,2,0,0,2,7,5,0,0,0,0,0,0,0,0,1,0,0,12,0,0,0,0,0,3.334679141051595,0
76,21,25,22,0,1,2,0,6,1,1,0,0,0,0,0,0,1,2,6,0,0,3,0,0,0,4,0,0,4,6,4,1,0,0,0,4,0,4,0,0,0,0,18,4,0,0,0,0,3.8208888513501886,1
44,13,14,8,0,1,0,0,4,1,1,0,0,0,0,0,0,1,0,6,0,0,3,0,0,0,2,0,0,2,7,5,1,0,0,0,0,0,0,0,1,0,0,12,0,0,0,0,0,3.334679141051595,0
18,10,0,0,0,1,0,0,2,0,0,0,0,0,0,0,0,1,0,4,0,0,3,0,0,0,0,0,0,0,0,0,0,0,0,0,0,0,0,0,1,0,0,9,0,0,0,0,0,2.6464393446710157,0
21,13,0,0,0,1,0,0,2,0,0,0,0,0,0,0,0,1,0,4,0,0,3,0,0,0,0,0,0,0,0,0,0,0,0,0,0,0,0,0,1,0,0,12,0,0,0,0,0,3.0269868333592873,0
17,9,0,0,0,1,0,0,2,0,0,0,0,0,0,0,0,1,0,3,0,0,3,0,0,0,0,0,0,0,0,0,0,0,0,0,0,0,0,0,1,0,0,8,0,0,0,0,0,2.9477027792200903,0
69,13,25,23,0,3,0,0,6,1,1,0,0,0,0,0,0,3,0,0,1,0,0,0,0,0,4,0,0,4,6,4,1,0,0,1,3,0,14,0,0,0,10,0,4,1,1,0,0,2.5654483718208256,1
85,21,25,31,0,1,2,0,6,1,1,0,0,0,0,0,0,1,2,6,0,0,3,0,0,0,4,0,0,4,6,4,1,0,0,0,4,0,4,0,0,0,0,18,4,0,0,0,0,3.8208888513501886,1
27,10,0,8,0,1,0,0,2,1,1,0,0,0,0,0,0,1,0,4,0,0,3,0,0,0,0,0,0,0,0,0,1,0,0,0,0,0,0,0,1,0,0,9,0,0,0,0,0,2.6464393446710157,0
32,10,14,0,0,1,0,0,4,0,0,0,0,0,0,0,0,1,0,3,0,0,3,0,0,0,2,0,0,2,7,5,0,0,0,0,0,0,0,0,1,0,0,9,0,0,0,0,0,3.3219280948873626,0
27,10,0,8,0,1,0,0,2,1,1,0,0,0,0,0,0,1,0,4,0,0,3,0,0,0,0,0,0,0,0,0,1,0,0,0,0,0,0,0,1,0,0,9,0,0,0,0,0,2.6464393446710157,0
32,10,14,0,0,1,0,0,4,0,0,0,0,0,0,0,0,1,0,3,0,0,3,0,0,0,2,0,0,2,7,5,0,0,0,0,0,0,0,0,1,0,0,9,0,0,0,0,0,3.3219280948873626,0
103,21,25,49,0,1,2,0,6,1,1,0,0,0,0,0,0,1,2,6,0,0,3,0,0,0,4,0,0,4,6,4,1,0,0,0,4,0,4,0,0,0,0,18,4,0,0,0,0,3.8208888513501886,1
18,10,0,0,0,1,0,0,2,0,0,0,0,0,0,0,0,1,0,3,0,0,3,0,0,0,0,0,0,0,0,0,0,0,0,0,0,0,0,0,1,0,0,9,0,0,0,0,0,3.3219280948873626,0
27,10,0,8,0,1,0,0,2,1,1,0,0,0,0,0,0,1,0,3,0,0,3,0,0,0,0,0,0,0,0,0,1,0,0,0,0,0,0,0,1,0,0,9,0,0,0,0,0,3.3219280948873626,0
88,21,25,34,0,1,2,0,6,1,1,0,0,0,0,0,0,1,2,6,0,0,3,0,0,0,4,0,0,4,6,4,1,0,0,0,4,0,4,0,0,0,0,18,4,0,0,0,0,3.8208888513501886,1
21,13,0,0,0,1,0,0,2,0,0,0,0,0,0,0,0,1,0,4,0,0,3,0,0,0,0,0,0,0,0,0,0,0,0,0,0,0,0,0,1,0,0,12,0,0,0,0,0,3.0269868333592873,0
99,21,25,45,0,1,2,0,6,1,1,0,0,0,0,0,0,1,2,6,0,0,3,0,0,0,4,0,0,4,6,4,1,0,0,0,4,0,4,0,0,0,0,18,4,0,0,0,0,3.8208888513501886,1
95,20,25,42,0,1,2,0,6,1,1,0,0,0,0,0,0,1,2,6,0,0,4,0,0,0,4,0,0,4,6,4,1,0,0,0,5,0,4,0,0,0,0,17,4,0,0,0,0,3.684183719779189,1
83,13,25,37,0,3,0,0,6,1,1,0,0,0,0,0,0,3,0,0,1,0,0,0,0,0,4,0,0,4,6,4,1,0,0,1,3,0,14,0,0,0,10,0,4,1,1,0,0,2.5654483718208256,1
98,20,25,45,0,1,2,0,6,1,1,0,0,0,0,0,0,1,2,6,0,0,4,0,0,0,4,0,0,4,6,4,1,0,0,0,5,0,4,0,0,0,0,17,4,0,0,0,0,3.684183719779189,1
35,13,14,0,0,1,0,0,4,0,0,0,0,0,0,0,0,1,0,4,0,0,3,0,0,0,2,0,0,2,7,5,0,0,0,0,0,0,0,0,1,0,0,12,0,0,0,0,0,3.0269868333592873,0
27,10,0,8,0,1,0,0,2,1,1,0,0,0,0,0,0,1,0,3,0,0,3,0,0,0,0,0,0,0,0,0,1,0,0,0,0,0,0,0,1,0,0,9,0,0,0,0,0,3.3219280948873626,0
27,10,0,8,0,1,0,0,2,1,1,0,0,0,0,0,0,1,0,4,0,0,3,0,0,0,0,0,0,0,0,0,1,0,0,0,0,0,0,0,1,0,0,9,0,0,0,0,0,2.6464393446710157,0
27,10,0,8,0,1,0,0,2,1,1,0,0,0,0,0,0,1,0,3,0,0,3,0,0,0,0,0,0,0,0,0,1,0,0,0,0,0,0,0,1,0,0,9,0,0,0,0,0,3.3219280948873626,0
18,10,0,0,0,1,0,0,2,0,0,0,0,0,0,0,0,1,0,3,0,0,3,0,0,0,0,0,0,0,0,0,0,0,0,0,0,0,0,0,1,0,0,9,0,0,0,0,0,3.3219280948873626,0
21,13,0,0,0,1,0,0,2,0,0,0,0,0,0,0,0,1,0,6,0,0,3,0,0,0,0,0,0,0,0,0,0,0,0,0,0,0,0,0,1,0,0,12,0,0,0,0,0,3.334679141051595,0
116,31,25,52,0,1,3,0,6,1,1,0,0,0,0,0,0,1,3,12,0,0,3,0,0,0,4,0,0,4,6,4,1,0,0,0,4,0,4,0,0,0,0,27,4,0,0,0,0,3.88904953591417,1
80,31,25,16,0,1,3,0,6,1,1,0,0,0,0,0,0,1,3,12,0,0,3,0,0,0,4,0,0,4,6,4,1,0,0,0,4,0,4,0,0,0,0,27,4,0,0,0,0,3.88904953591417,1
26,9,0,8,0,1,0,0,2,1,1,0,0,0,0,0,0,1,0,3,0,0,3,0,0,0,0,0,0,0,0,0,1,0,0,0,0,0,0,0,1,0,0,8,0,0,0,0,0,2.9477027792200903,0
30,13,0,8,0,1,0,0,2,1,1,0,0,0,0,0,0,1,0,6,0,0,3,0,0,0,0,0,0,0,0,0,1,0,0,0,0,0,0,0,1,0,0,12,0,0,0,0,0,3.334679141051595,0
31,9,14,0,0,1,0,0,4,0,0,0,0,0,0,0,0,1,0,3,0,0,3,0,0,0,2,0,0,2,7,5,0,0,0,0,0,0,0,0,1,0,0,8,0,0,0,0,0,2.9477027792200903,0
44,13,14,8,0,1,0,0,4,1,1,0,0,0,0,0,0,1,0,4,0,0,3,0,0,0,2,0,0,2,7,5,1,0,0,0,0,0,0,0,1,0,0,12,0,0,0,0,0,3.0269868333592873,0
80,20,25,27,0,1,2,0,6,1,1,0,0,0,0,0,0,1,2,6,0,0,4,0,0,0,4,0,0,4,6,4,1,0,0,0,5,0,4,0,0,0,0,17,4,0,0,0,0,3.684183719779189,1
32,10,14,0,0,1,0,0,4,0,0,0,0,0,0,0,0,1,0,3,0,0,3,0,0,0,2,0,0,2,7,5,0,0,0,0,0,0,0,0,1,0,0,9,0,0,0,0,0,3.3219280948873626,0
108,31,25,44,0,1,3,0,6,1,1,0,0,0,0,0,0,1,3,12,0,0,3,0,0,0,4,0,0,4,6,4,1,0,0,0,4,0,4,0,0,0,0,27,4,0,0,0,0,3.88904953591417,1
119,31,25,55,0,1,3,0,6,1,1,0,0,0,0,0,0,1,3,12,0,0,3,0,0,0,4,0,0,4,6,4,1,0,0,0,4,0,4,0,0,0,0,27,4,0,0,0,0,3.88904953591417,1
87,13,25,41,0,3,0,0,6,1,1,0,0,0,0,0,0,3,0,0,1,0,0,0,0,0,4,0,0,4,6,4,1,0,0,1,3,0,14,0,0,0,10,0,4,1,1,0,0,2.5654483718208256,1
75,21,25,21,0,1,2,0,6,1,1,0,0,0,0,0,0,1,2,6,0,0,3,0,0,0,4,0,0,4,6,4,1,0,0,0,4,0,4,0,0,0,0,18,4,0,0,0,0,3.8208888513501886,1
32,10,14,0,0,1,0,0,4,0,0,0,0,0,0,0,0,1,0,4,0,0,3,0,0,0,2,0,0,2,7,5,0,0,0,0,0,0,0,0,1,0,0,9,0,0,0,0,0,2.6464393446710157,0
21,13,0,0,0,1,0,0,2,0,0,0,0,0,0,0,0,1,0,4,0,0,3,0,0,0,0,0,0,0,0,0,0,0,0,0,0,0,0,0,1,0,0,12,0,0,0,0,0,3.0269868333592873,0
44,13,14,8,0,1,0,0,4,1,1,0,0,0,0,0,0,1,0,6,0,0,3,0,0,0,2,0,0,2,7,5,1,0,0,0,0,0,0,0,1,0,0,12,0,0,0,0,0,3.334679141051595,0
30,13,0,8,0,1,0,0,2,1,1,0,0,0,0,0,0,1,0,4,0,0,3,0,0,0,0,0,0,0,0,0,1,0,0,0,0,0,0,0,1,0,0,12,0,0,0,0,0,3.0269868333592873,0
98,21,25,44,0,1,2,0,6,1,1,0,0,0,0,0,0,1,2,6,0,0,3,0,0,0,4,0,0,4,6,4,1,0,0,0,4,0,4,0,0,0,0,18,4,0,0,0,0,3.8208888513501886,1
26,9,0,8,0,1,0,0,2,1,1,0,0,0,0,0,0,1,0,3,0,0,3,0,0,0,0,0,0,0,0,0,1,0,0,0,0,0,0,0,1,0,0,8,0,0,0,0,0,2.9477027792200903,0
35,13,14,0,0,1,0,0,4,0,0,0,0,0,0,0,0,1,0,6,0,0,3,0,0,0,2,0,0,2,7,5,0,0,0,0,0,0,0,0,1,0,0,12,0,0,0,0,0,3.334679141051595,0
100,21,25,46,0,1,2,0,6,1,1,0,0,0,0,0,0,1,2,6,0,0,3,0,0,0,4,0,0,4,6,4,1,0,0,0,4,0,4,0,0,0,0,18,4,0,0,0,0,3.8208888513501886,1
106,21,25,52,0,1,2,0,6,1,1,0,0,0,0,0,0,1,2,6,0,0,3,0,0,0,4,0,0,4,6,4,1,0,0,0,4,0,4,0,0,0,0,18,4,0,0,0,0,3.8208888513501886,1
26,9,0,8,0,1,0,0,2,1,1,0,0,0,0,0,0,1,0,3,0,0,3,0,0,0,0,0,0,0,0,0,1,0,0,0,0,0,0,0,1,0,0,8,0,0,0,0,0,2.9477027792200903,0
18,10,0,0,0,1,0,0,2,0,0,0,0,0,0,0,0,1,0,4,0,0,3,0,0,0,0,0,0,0,0,0,0,0,0,0,0,0,0,0,1,0,0,9,0,0,0,0,0,2.6464393446710157,0
44,13,14,8,0,1,0,0,4,1,1,0,0,0,0,0,0,1,0,4,0,0,3,0,0,0,2,0,0,2,7,5,1,0,0,0,0,0,0,0,1,0,0,12,0,0,0,0,0,3.0269868333592873,0
17,9,0,0,0,1,0,0,2,0,0,0,0,0,0,0,0,1,0,3,0,0,3,0,0,0,0,0,0,0,0,0,0,0,0,0,0,0,0,0,1,0,0,8,0,0,0,0,0,2.9477027792200903,0
97,20,25,44,0,1,2,0,6,1,1,0,0,0,0,0,0,1,2,6,0,0,4,0,0,0,4,0,0,4,6,4,1,0,0,0,5,0,4,0,0,0,0,17,4,0,0,0,0,3.684183719779189,1
21,13,0,0,0,1,0,0,2,0,0,0,0,0,0,0,0,1,0,6,0,0,3,0,0,0,0,0,0,0,0,0,0,0,0,0,0,0,0,0,1,0,0,12,0,0,0,0,0,3.334679141051595,0
86,21,25,32,0,1,2,0,6,1,1,0,0,0,0,0,0,1,2,6,0,0,3,0,0,0,4,0,0,4,6,4,1,0,0,0,4,0,4,0,0,0,0,18,4,0,0,0,0,3.8208888513501886,1
105,21,25,51,0,1,2,0,6,1,1,0,0,0,0,0,0,1,2,6,0,0,3,0,0,0,4,0,0,4,6,4,1,0,0,0,4,0,4,0,0,0,0,18,4,0,0,0,0,3.8208888513501886,1
35,13,14,0,0,1,0,0,4,0,0,0,0,0,0,0,0,1,0,4,0,0,3,0,0,0,2,0,0,2,7,5,0,0,0,0,0,0,0,0,1,0,0,12,0,0,0,0,0,3.0269868333592873,0
21,13,0,0,0,1,0,0,2,0,0,0,0,0,0,0,0,1,0,4,0,0,3,0,0,0,0,0,0,0,0,0,0,0,0,0,0,0,0,0,1,0,0,12,0,0,0,0,0,3.0269868333592873,0
18,10,0,0,0,1,0,0,2,0,0,0,0,0,0,0,0,1,0,4,0,0,3,0,0,0,0,0,0,0,0,0,0,0,0,0,0,0,0,0,1,0,0,9,0,0,0,0,0,2.6464393446710157,0
103,21,25,49,0,1,2,0,6,1,1,0,0,0,0,0,0,1,2,6,0,0,3,0,0,0,4,0,0,4,6,4,1,0,0,0,4,0,4,0,0,0,0,18,4,0,0,0,0,3.8208888513501886,1
30,13,0,8,0,1,0,0,2,1,1,0,0,0,0,0,0,1,0,4,0,0,3,0,0,0,0,0,0,0,0,0,1,0,0,0,0,0,0,0,1,0,0,12,0,0,0,0,0,3.0269868333592873,0
27,10,0,8,0,1,0,0,2,1,1,0,0,0,0,0,0,1,0,3,0,0,3,0,0,0,0,0,0,0,0,0,1,0,0,0,0,0,0,0,1,0,0,9,0,0,0,0,0,3.3219280948873626,0
35,13,14,0,0,1,0,0,4,0,0,0,0,0,0,0,0,1,0,6,0,0,3,0,0,0,2,0,0,2,7,5,0,0,0,0,0,0,0,0,1,0,0,12,0,0,0,0,0,3.334679141051595,0
31,9,14,0,0,1,0,0,4,0,0,0,0,0,0,0,0,1,0,3,0,0,3,0,0,0,2,0,0,2,7,5,0,0,0,0,0,0,0,0,1,0,0,8,0,0,0,0,0,2.9477027792200903,0
105,20,25,52,0,1,2,0,6,1,1,0,0,0,0,0,0,1,2,6,0,0,4,0,0,0,4,0,0,4,6,4,1,0,0,0,5,0,4,0,0,0,0,17,4,0,0,0,0,3.684183719779189,1
100,21,25,46,0,1,2,0,6,1,1,0,0,0,0,0,0,1,2,6,0,0,3,0,0,0,4,0,0,4,6,4,1,0,0,0,4,0,4,0,0,0,0,18,4,0,0,0,0,3.8208888513501886,1
89,20,25,36,0,1,2,0,6,1,1,0,0,0,0,0,0,1,2,6,0,0,4,0,0,0,4,0,0,4,6,4,1,0,0,0,5,0,4,0,0,0,0,17,4,0,0,0,0,3.684183719779189,1
69,13,25,23,0,3,0,0,6,1,1,0,0,0,0,0,0,3,0,0,1,0,0,0,0,0,4,0,0,4,6,4,1,0,0,1,3,0,14,0,0,0,10,0,4,1,1,0,0,2.5654483718208256,1
94,13,25,48,0,3,0,0,6,1,1,0,0,0,0,0,0,3,0,0,1,0,0,0,0,0,4,0,0,4,6,4,1,0,0,1,3,0,14,0,0,0,10,0,4,1,1,0,0,2.5654483718208256,1
78,20,25,25,0,1,2,0,6,1,1,0,0,0,0,0,0,1,2,6,0,0,4,0,0,0,4,0,0,4,6,4,1,0,0,0,5,0,4,0,0,0,0,17,4,0,0,0,0,3.684183719779189,1
104,31,25,40,0,1,3,0,6,1,1,0,0,0,0,0,0,1,3,12,0,0,3,0,0,0,4,0,0,4,6,4,1,0,0,0,4,0,4,0,0,0,0,27,4,0,0,0,0,3.88904953591417,1
44,13,14,8,0,1,0,0,4,1,1,0,0,0,0,0,0,1,0,4,0,0,3,0,0,0,2,0,0,2,7,5,1,0,0,0,0,0,0,0,1,0,0,12,0,0,0,0,0,3.0269868333592873,0
32,10,14,0,0,1,0,0,4,0,0,0,0,0,0,0,0,1,0,3,0,0,3,0,0,0,2,0,0,2,7,5,0,0,0,0,0,0,0,0,1,0,0,9,0,0,0,0,0,3.3219280948873626,0
41,10,14,8,0,1,0,0,4,1,1,0,0,0,0,0,0,1,0,3,0,0,3,0,0,0,2,0,0,2,7,5,1,0,0,0,0,0,0,0,1,0,0,9,0,0,0,0,0,3.3219280948873626,0
95,13,25,49,0,3,0,0,6,1,1,0,0,0,0,0,0,3,0,0,1,0,0,0,0,0,4,0,0,4,6,4,1,0,0,1,3,0,14,0,0,0,10,0,4,1,1,0,0,2.5654483718208256,1
26,9,0,8,0,1,0,0,2,1,1,0,0,0,0,0,0,1,0,3,0,0,3,0,0,0,0,0,0,0,0,0,1,0,0,0,0,0,0,0,1,0,0,8,0,0,0,0,0,2.9477027792200903,0
76,20,25,23,0,1,2,0,6,1,1,0,0,0,0,0,0,1,2,6,0,0,4,0,0,0,4,0,0,4,6,4,1,0,0,0,5,0,4,0,0,0,0,17,4,0,0,0,0,3.684183719779189,1
92,21,25,38,0,1,2,0,6,1,1,0,0,0,0,0,0,1,2,6,0,0,3,0,0,0,4,0,0,4,6,4,1,0,0,0,4,0,4,0,0,0,0,18,4,0,0,0,0,3.8208888513501886,1
27,10,0,8,0,1,0,0,2,1,1,0,0,0,0,0,0,1,0,4,0,0,3,0,0,0,0,0,0,0,0,0,1,0,0,0,0,0,0,0,1,0,0,9,0,0,0,0,0,2.6464393446710157,0
75,13,25,29,0,3,0,0,6,1,1,0,0,0,0,0,0,3,0,0,1,0,0,0,0,0,4,0,0,4,6,4,1,0,0,1,3,0,14,0,0,0,10,0,4,1,1,0,0,2.5654483718208256,1
27,10,0,8,0,1,0,0,2,1,1,0,0,0,0,0,0,1,0,4,0,0,3,0,0,0,0,0,0,0,0,0,1,0,0,0,0,0,0,0,1,0,0,9,0,0,0,0,0,2.6464393446710157,0
17,9,0,0,0,1,0,0,2,0,0,0,0,0,0,0,0,1,0,3,0,0,3,0,0,0,0,0,0,0,0,0,0,0,0,0,0,0,0,0,1,0,0,8,0,0,0,0,0,2.9477027792200903,0
40,9,14,8,0,1,0,0,4,1,1,0,0,0,0,0,0,1,0,3,0,0,3,0,0,0,2,0,0,2,7,5,1,0,0,0,0,0,0,0,1,0,0,8,0,0,0,0,0,2.9477027792200903,0
41,10,14,8,0,1,0,0,4,1,1,0,0,0,0,0,0,1,0,3,0,0,3,0,0,0,2,0,0,2,7,5,1,0,0,0,0,0,0,0,1,0,0,9,0,0,0,0,0,3.3219280948873626,0
35,13,14,0,0,1,0,0,4,0,0,0,0,0,0,0,0,1,0,6,0,0,3,0,0,0,2,0,0,2,7,5,0,0,0,0,0,0,0,0,1,0,0,12,0,0,0,0,0,3.334679141051595,0
44,13,14,8,0,1,0,0,4,1,1,0,0,0,0,0,0,1,0,4,0,0,3,0,0,0,2,0,0,2,7,5,1,0,0,0,0,0,0,0,1,0,0,12,0,0,0,0,0,3.0269868333592873,0
85,20,25,32,0,1,2,0,6,1,1,0,0,0,0,0,0,1,2,6,0,0,4,0,0,0,4,0,0,4,6,4,1,0,0,0,5,0,4,0,0,0,0,17,4,0,0,0,0,3.684183719779189,1
102,20,25,49,0,1,2,0,6,1,1,0,0,0,0,0,0,1,2,6,0,0,4,0,0,0,4,0,0,4,6,4,1,0,0,0,5,0,4,0,0,0,0,17,4,0,0,0,0,3.684183719779189,1
102,13,25,56,0,3,0,0,6,1,1,0,0,0,0,0,0,3,0,0,1,0,0,0,0,0,4,0,0,4,6,4,1,0,0,1,3,0,14,0,0,0,10,0,4,1,1,0,0,2.5654483718208256,1
21,13,0,0,0,1,0,0,2,0,0,0,0,0,0,0,0,1,0,4,0,0,3,0,0,0,0,0,0,0,0,0,0,0,0,0,0,0,0,0,1,0,0,12,0,0,0,0,0,3.0269868333592873,0
89,20,25,36,0,1,2,0,6,1,1,0,0,0,0,0,0,1,2,6,0,0,4,0,0,0,4,0,0,4,6,4,1,0,0,0,5,0,4,0,0,0,0,17,4,0,0,0,0,3.684183719779189,1
17,9,0,0,0,1,0,0,2,0,0,0,0,0,0,0,0,1,0,3,0,0,3,0,0,0,0,0,0,0,0,0,0,0,0,0,0,0,0,0,1,0,0,8,0,0,0,0,0,2.9477027792200903,0
40,9,14,8,0,1,0,0,4,1,1,0,0,0,0,0,0,1,0,3,0,0,3,0,0,0,2,0,0,2,7,5,1,0,0,0,0,0,0,0,1,0,0,8,0,0,0,0,0,2.9477027792200903,0
30,13,0,8,0,1,0,0,2,1,1,0,0,0,0,0,0,1,0,4,0,0,3,0,0,0,0,0,0,0,0,0,1,0,0,0,0,0,0,0,1,0,0,12,0,0,0,0,0,3.0269868333592873,0
84,31,25,20,0,1,3,0,6,1,1,0,0,0,0,0,0,1,3,12,0,0,3,0,0,0,4,0,0,4,6,4,1,0,0,0,4,0,4,0,0,0,0,27,4,0,0,0,0,3.88904953591417,1
71,13,25,25,0,3,0,0,6,1,1,0,0,0,0,0,0,3,0,0,1,0,0,0,0,0,4,0,0,4,6,4,1,0,0,1,3,0,14,0,0,0,10,0,4,1,1,0,0,2.5654483718208256,1
100,31,25,36,0,1,3,0,6,1,1,0,0,0,0,0,0,1,3,12,0,0,3,0,0,0,4,0,0,4,6,4,1,0,0,0,4,0,4,0,0,0,0,27,4,0,0,0,0,3.88904953591417,1
76,20,25,23,0,1,2,0,6,1,1,0,0,0,0,0,0,1,2,6,0,0,4,0,0,0,4,0,0,4,6,4,1,0,0,0,5,0,4,0,0,0,0,17,4,0,0,0,0,3.684183719779189,1
27,10,0,8,0,1,0,0,2,1,1,0,0,0,0,0,0,1,0,4,0,0,3,0,0,0,0,0,0,0,0,0,1,0,0,0,0,0,0,0,1,0,0,9,0,0,0,0,0,2.6464393446710157,0
90,20,25,37,0,1,2,0,6,1,1,0,0,0,0,0,0,1,2,6,0,0,4,0,0,0,4,0,0,4,6,4,1,0,0,0,5,0,4,0,0,0,0,17,4,0,0,0,0,3.684183719779189,1
70,20,25,17,0,1,2,0,6,1,1,0,0,0,0,0,0,1,2,6,0,0,4,0,0,0,4,0,0,4,6,4,1,0,0,0,5,0,4,0,0,0,0,17,4,0,0,0,0,3.684183719779189,1
92,21,25,38,0,1,2,0,6,1,1,0,0,0,0,0,0,1,2,6,0,0,3,0,0,0,4,0,0,4,6,4,1,0,0,0,4,0,4,0,0,0,0,18,4,0,0,0,0,3.8208888513501886,1
18,10,0,0,0,1,0,0,2,0,0,0,0,0,0,0,0,1,0,3,0,0,3,0,0,0,0,0,0,0,0,0,0,0,0,0,0,0,0,0,1,0,0,9,0,0,0,0,0,3.3219280948873626,0
41,10,14,8,0,1,0,0,4,1,1,0,0,0,0,0,0,1,0,3,0,0,3,0,0,0,2,0,0,2,7,5,1,0,0,0,0,0,0,0,1,0,0,9,0,0,0,0,0,3.3219280948873626,0
92,21,25,38,0,1,2,0,6,1,1,0,0,0,0,0,0,1,2,6,0,0,3,0,0,0,4,0,0,4,6,4,1,0,0,0,4,0,4,0,0,0,0,18,4,0,0,0,0,3.8208888513501886,1
76,20,25,23,0,1,2,0,6,1,1,0,0,0,0,0,0,1,2,6,0,0,4,0,0,0,4,0,0,4,6,4,1,0,0,0,5,0,4,0,0,0,0,17,4,0,0,0,0,3.684183719779189,1
18,10,0,0,0,1,0,0,2,0,0,0,0,0,0,0,0,1,0,4,0,0,3,0,0,0,0,0,0,0,0,0,0,0,0,0,0,0,0,0,1,0,0,9,0,0,0,0,0,2.6464393446710157,0
112,31,25,48,0,1,3,0,6,1,1,0,0,0,0,0,0,1,3,12,0,0,3,0,0,0,4,0,0,4,6,4,1,0,0,0,4,0,4,0,0,0,0,27,4,0,0,0,0,3.88904953591417,1
73,21,25,19,0,1,2,0,6,1,1,0,0,0,0,0,0,1,2,6,0,0,3,0,0,0,4,0,0,4,6,4,1,0,0,0,4,0,4,0,0,0,0,18,4,0,0,0,0,3.8208888513501886,1
35,13,14,0,0,1,0,0,4,0,0,0,0,0,0,0,0,1,0,4,0,0,3,0,0,0,2,0,0,2,7,5,0,0,0,0,0,0,0,0,1,0,0,12,0,0,0,0,0,3.0269868333592873,0
82,21,25,28,0,1,2,0,6,1,1,0,0,0,0,0,0,1,2,6,0,0,3,0,0,0,4,0,0,4,6,4,1,0,0,0,4,0,4,0,0,0,0,18,4,0,0,0,0,3.8208888513501886,1
93,20,25,40,0,1,2,0,6,1,1,0,0,0,0,0,0,1,2,6,0,0,4,0,0,0,4,0,0,4,6,4,1,0,0,0,5,0,4,0,0,0,0,17,4,0,0,0,0,3.684183719779189,1
101,21,25,47,0,1,2,0,6,1,1,0,0,0,0,0,0,1,2,6,0,0,3,0,0,0,4,0,0,4,6,4,1,0,0,0,4,0,4,0,0,0,0,18,4,0,0,0,0,3.8208888513501886,1
21,13,0,0,0,1,0,0,2,0,0,0,0,0,0,0,0,1,0,4,0,0,3,0,0,0,0,0,0,0,0,0,0,0,0,0,0,0,0,0,1,0,0,12,0,0,0,0,0,3.0269868333592873,0
41,10,14,8,0,1,0,0,4,1,1,0,0,0,0,0,0,1,0,4,0,0,3,0,0,0,2,0,0,2,7,5,1,0,0,0,0,0,0,0,1,0,0,9,0,0,0,0,0,2.6464393446710157,0
108,20,25,55,0,1,2,0,6,1,1,0,0,0,0,0,0,1,2,6,0,0,4,0,0,0,4,0,0,4,6,4,1,0,0,0,5,0,4,0,0,0,0,17,4,0,0,0,0,3.684183719779189,1
18,10,0,0,0,1,0,0,2,0,0,0,0,0,0,0,0,1,0,3,0,0,3,0,0,0,0,0,0,0,0,0,0,0,0,0,0,0,0,0,1,0,0,9,0,0,0,0,0,3.3219280948873626,0
27,10,0,8,0,1,0,0,2,1,1,0,0,0,0,0,0,1,0,4,0,0,3,0,0,0,0,0,0,0,0,0,1,0,0,0,0,0,0,0,1,0,0,9,0,0,0,0,0,2.6464393446710157,0
21,13,0,0,0,1,0,0,2,0,0,0,0,0,0,0,0,1,0,6,0,0,3,0,0,0,0,0,0,0,0,0,0,0,0,0,0,0,0,0,1,0,0,12,0,0,0,0,0,3.334679141051595,0
21,13,0,0,0,1,0,0,2,0,0,0,0,0,0,0,0,1,0,4,0,0,3,0,0,0,0,0,0,0,0,0,0,0,0,0,0,0,0,0,1,0,0,12,0,0,0,0,0,3.0269868333592873,0
110,21,25,56,0,1,2,0,6,1,1,0,0,0,0,0,0,1,2,6,0,0,3,0,0,0,4,0,0,4,6,4,1,0,0,0,4,0,4,0,0,0,0,18,4,0,0,0,0,3.8208888513501886,1
100,21,25,46,0,1,2,0,6,1,1,0,0,0,0,0,0,1,2,6,0,0,3,0,0,0,4,0,0,4,6,4,1,0,0,0,4,0,4,0,0,0,0,18,4,0,0,0,0,3.8208888513501886,1
92,31,25,28,0,1,3,0,6,1,1,0,0,0,0,0,0,1,3,12,0,0,3,0,0,0,4,0,0,4,6,4,1,0,0,0,4,0,4,0,0,0,0,27,4,0,0,0,0,3.88904953591417,1
100,31,25,36,0,1,3,0,6,1,1,0,0,0,0,0,0,1,3,12,0,0,3,0,0,0,4,0,0,4,6,4,1,0,0,0,4,0,4,0,0,0,0,27,4,0,0,0,0,3.88904953591417,1
86,31,25,22,0,1,3,0,6,1,1,0,0,0,0,0,0,1,3,12,0,0,3,0,0,0,4,0,0,4,6,4,1,0,0,0,4,0,4,0,0,0,0,27,4,0,0,0,0,3.88904953591417,1
27,10,0,8,0,1,0,0,2,1,1,0,0,0,0,0,0,1,0,4,0,0,3,0,0,0,0,0,0,0,0,0,1,0,0,0,0,0,0,0,1,0,0,9,0,0,0,0,0,2.6464393446710157,0
35,13,14,0,0,1,0,0,4,0,0,0,0,0,0,0,0,1,0,4,0,0,3,0,0,0,2,0,0,2,7,5,0,0,0,0,0,0,0,0,1,0,0,12,0,0,0,0,0,3.0269868333592873,0
76,21,25,22,0,1,2,0,6,1,1,0,0,0,0,0,0,1,2,6,0,0,3,0,0,0,4,0,0,4,6,4,1,0,0,0,4,0,4,0,0,0,0,18,4,0,0,0,0,3.8208888513501886,1
104,31,25,40,0,1,3,0,6,1,1,0,0,0,0,0,0,1,3,12,0,0,3,0,0,0,4,0,0,4,6,4,1,0,0,0,4,0,4,0,0,0,0,27,4,0,0,0,0,3.88904953591417,1
101,31,25,37,0,1,3,0,6,1,1,0,0,0,0,0,0,1,3,12,0,0,3,0,0,0,4,0,0,4,6,4,1,0,0,0,4,0,4,0,0,0,0,27,4,0,0,0,0,3.88904953591417,1
21,13,0,0,0,1,0,0,2,0,0,0,0,0,0,0,0,1,0,4,0,0,3,0,0,0,0,0,0,0,0,0,0,0,0,0,0,0,0,0,1,0,0,12,0,0,0,0,0,3.0269868333592873,0
40,9,14,8,0,1,0,0,4,1,1,0,0,0,0,0,0,1,0,3,0,0,3,0,0,0,2,0,0,2,7,5,1,0,0,0,0,0,0,0,1,0,0,8,0,0,0,0,0,2.9477027792200903,0
72,13,25,26,0,3,0,0,6,1,1,0,0,0,0,0,0,3,0,0,1,0,0,0,0,0,4,0,0,4,6,4,1,0,0,1,3,0,14,0,0,0,10,0,4,1,1,0,0,2.5654483718208256,1
41,10,14,8,0,1,0,0,4,1,1,0,0,0,0,0,0,1,0,3,0,0,3,0,0,0,2,0,0,2,7,5,1,0,0,0,0,0,0,0,1,0,0,9,0,0,0,0,0,3.3219280948873626,0
82,20,25,29,0,1,2,0,6,1,1,0,0,0,0,0,0,1,2,6,0,0,4,0,0,0,4,0,0,4,6,4,1,0,0,0,5,0,4,0,0,0,0,17,4,0,0,0,0,3.684183719779189,1
30,13,0,8,0,1,0,0,2,1,1,0,0,0,0,0,0,1,0,4,0,0,3,0,0,0,0,0,0,0,0,0,1,0,0,0,0,0,0,0,1,0,0,12,0,0,0,0,0,3.0269868333592873,0
31,9,14,0,0,1,0,0,4,0,0,0,0,0,0,0,0,1,0,3,0,0,3,0,0,0,2,0,0,2,7,5,0,0,0,0,0,0,0,0,1,0,0,8,0,0,0,0,0,2.9477027792200903,0
30,13,0,8,0,1,0,0,2,1,1,0,0,0,0,0,0,1,0,6,0,0,3,0,0,0,0,0,0,0,0,0,1,0,0,0,0,0,0,0,1,0,0,12,0,0,0,0,0,3.334679141051595,0
100,20,25,47,0,1,2,0,6,1,1,0,0,0,0,0,0,1,2,6,0,0,4,0,0,0,4,0,0,4,6,4,1,0,0,0,5,0,4,0,0,0,0,17,4,0,0,0,0,3.684183719779189,1
32,10,14,0,0,1,0,0,4,0,0,0,0,0,0,0,0,1,0,3,0,0,3,0,0,0,2,0,0,2,7,5,0,0,0,0,0,0,0,0,1,0,0,9,0,0,0,0,0,3.3219280948873626,0
35,13,14,0,0,1,0,0,4,0,0,0,0,0,0,0,0,1,0,6,0,0,3,0,0,0,2,0,0,2,7,5,0,0,0,0,0,0,0,0,1,0,0,12,0,0,0,0,0,3.334679141051595,0
32,10,14,0,0,1,0,0,4,0,0,0,0,0,0,0,0,1,0,4,0,0,3,0,0,0,2,0,0,2,7,5,0,0,0,0,0,0,0,0,1,0,0,9,0,0,0,0,0,2.6464393446710157,0
17,9,0,0,0,1,0,0,2,0,0,0,0,0,0,0,0,1,0,3,0,0,3,0,0,0,0,0,0,0,0,0,0,0,0,0,0,0,0,0,1,0,0,8,0,0,0,0,0,2.9477027792200903,0
98,20,25,45,0,1,2,0,6,1,1,0,0,0,0,0,0,1,2,6,0,0,4,0,0,0,4,0,0,4,6,4,1,0,0,0,5,0,4,0,0,0,0,17,4,0,0,0,0,3.684183719779189,1
87,31,25,23,0,1,3,0,6,1,1,0,0,0,0,0,0,1,3,12,0,0,3,0,0,0,4,0,0,4,6,4,1,0,0,0,4,0,4,0,0,0,0,27,4,0,0,0,0,3.88904953591417,1
80,13,25,34,0,3,0,0,6,1,1,0,0,0,0,0,0,3,0,0,1,0,0,0,0,0,4,0,0,4,6,4,1,0,0,1,3,0,14,0,0,0,10,0,4,1,1,0,0,2.5654483718208256,1
31,9,14,0,0,1,0,0,4,0,0,0,0,0,0,0,0,1,0,3,0,0,3,0,0,0,2,0,0,2,7,5,0,0,0,0,0,0,0,0,1,0,0,8,0,0,0,0,0,2.9477027792200903,0
17,9,0,0,0,1,0,0,2,0,0,0,0,0,0,0,0,1,0,3,0,0,3,0,0,0,0,0,0,0,0,0,0,0,0,0,0,0,0,0,1,0,0,8,0,0,0,0,0,2.9477027792200903,0
27,10,0,8,0,1,0,0,2,1,1,0,0,0,0,0,0,1,0,4,0,0,3,0,0,0,0,0,0,0,0,0,1,0,0,0,0,0,0,0,1,0,0,9,0,0,0,0,0,2.6464393446710157,0
26,9,0,8,0,1,0,0,2,1,1,0,0,0,0,0,0,1,0,3,0,0,3,0,0,0,0,0,0,0,0,0,1,0,0,0,0,0,0,0,1,0,0,8,0,0,0,0,0,2.9477027792200903,0
101,31,25,37,0,1,3,0,6,1,1,0,0,0,0,0,0,1,3,12,0,0,3,0,0,0,4,0,0,4,6,4,1,0,0,0,4,0,4,0,0,0,0,27,4,0,0,0,0,3.88904953591417,1
106,31,25,42,0,1,3,0,6,1,1,0,0,0,0,0,0,1,3,12,0,0,3,0,0,0,4,0,0,4,6,4,1,0,0,0,4,0,4,0,0,0,0,27,4,0,0,0,0,3.88904953591417,1
32,10,14,0,0,1,0,0,4,0,0,0,0,0,0,0,0,1,0,4,0,0,3,0,0,0,2,0,0,2,7,5,0,0,0,0,0,0,0,0,1,0,0,9,0,0,0,0,0,2.6464393446710157,0
76,21,25,22,0,1,2,0,6,1,1,0,0,0,0,0,0,1,2,6,0,0,3,0,0,0,4,0,0,4,6,4,1,0,0,0,4,0,4,0,0,0,0,18,4,0,0,0,0,3.8208888513501886,1
80,20,25,27,0,1,2,0,6,1,1,0,0,0,0,0,0,1,2,6,0,0,4,0,0,0,4,0,0,4,6,4,1,0,0,0,5,0,4,0,0,0,0,17,4,0,0,0,0,3.684183719779189,1
66,13,25,20,0,3,0,0,6,1,1,0,0,0,0,0,0,3,0,0,1,0,0,0,0,0,4,0,0,4,6,4,1,0,0,1,3,0,14,0,0,0,10,0,4,1,1,0,0,2.5654483718208256,1
81,13,25,35,0,3,0,0,6,1,1,0,0,0,0,0,0,3,0,0,1,0,0,0,0,0,4,0,0,4,6,4,1,0,0,1,3,0,14,0,0,0,10,0,4,1,1,0,0,2.5654483718208256,1
18,10,0,0,0,1,0,0,2,0,0,0,0,0,0,0,0,1,0,4,0,0,3,0,0,0,0,0,0,0,0,0,0,0,0,0,0,0,0,0,1,0,0,9,0,0,0,0,0,2.6464393446710157,0
31,9,14,0,0,1,0,0,4,0,0,0,0,0,0,0,0,1,0,3,0,0,3,0,0,0,2,0,0,2,7,5,0,0,0,0,0,0,0,0,1,0,0,8,0,0,0,0,0,2.9477027792200903,0
40,9,14,8,0,1,0,0,4,1,1,0,0,0,0,0,0,1,0,3,0,0,3,0,0,0,2,0,0,2,7,5,1,0,0,0,0,0,0,0,1,0,0,8,0,0,0,0,0,2.9477027792200903,0
96,31,25,32,0,1,3,0,6,1,1,0,0,0,0,0,0,1,3,12,0,0,3,0,0,0,4,0,0,4,6,4,1,0,0,0,4,0,4,0,0,0,0,27,4,0,0,0,0,3.88904953591417,1
26,9,0,8,0,1,0,0,2,1,1,0,0,0,0,0,0,1,0,3,0,0,3,0,0,0,0,0,0,0,0,0,1,0,0,0,0,0,0,0,1,0,0,8,0,0,0,0,0,2.9477027792200903,0
82,20,25,29,0,1,2,0,6,1,1,0,0,0,0,0,0,1,2,6,0,0,4,0,0,0,4,0,0,4,6,4,1,0,0,0,5,0,4,0,0,0,0,17,4,0,0,0,0,3.684183719779189,1
30,13,0,8,0,1,0,0,2,1,1,0,0,0,0,0,0,1,0,6,0,0,3,0,0,0,0,0,0,0,0,0,1,0,0,0,0,0,0,0,1,0,0,12,0,0,0,0,0,3.334679141051595,0
18,10,0,0,0,1,0,0,2,0,0,0,0,0,0,0,0,1,0,3,0,0,3,0,0,0,0,0,0,0,0,0,0,0,0,0,0,0,0,0,1,0,0,9,0,0,0,0,0,3.3219280948873626,0
30,13,0,8,0,1,0,0,2,1,1,0,0,0,0,0,0,1,0,4,0,0,3,0,0,0,0,0,0,0,0,0,1,0,0,0,0,0,0,0,1,0,0,12,0,0,0,0,0,3.0269868333592873,0
98,13,25,52,0,3,0,0,6,1,1,0,0,0,0,0,0,3,0,0,1,0,0,0,0,0,4,0,0,4,6,4,1,0,0,1,3,0,14,0,0,0,10,0,4,1,1,0,0,2.5654483718208256,1
30,13,0,8,0,1,0,0,2,1,1,0,0,0,0,0,0,1,0,4,0,0,3,0,0,0,0,0,0,0,0,0,1,0,0,0,0,0,0,0,1,0,0,12,0,0,0,0,0,3.0269868333592873,0
30,13,0,8,0,1,0,0,2,1,1,0,0,0,0,0,0,1,0,6,0,0,3,0,0,0,0,0,0,0,0,0,1,0,0,0,0,0,0,0,1,0,0,12,0,0,0,0,0,3.334679141051595,0
62,13,25,16,0,3,0,0,6,1,1,0,0,0,0,0,0,3,0,0,1,0,0,0,0,0,4,0,0,4,6,4,1,0,0,1,3,0,14,0,0,0,10,0,4,1,1,0,0,2.5654483718208256,1
81,21,25,27,0,1,2,0,6,1,1,0,0,0,0,0,0,1,2,6,0,0,3,0,0,0,4,0,0,4,6,4,1,0,0,0,4,0,4,0,0,0,0,18,4,0,0,0,0,3.8208888513501886,1
71,20,25,18,0,1,2,0,6,1,1,0,0,0,0,0,0,1,2,6,0,0,4,0,0,0,4,0,0,4,6,4,1,0,0,0,5,0,4,0,0,0,0,17,4,0,0,0,0,3.684183719779189,1
106,20,25,53,0,1,2,0,6,1,1,0,0,0,0,0,0,1,2,6,0,0,4,0,0,0,4,0,0,4,6,4,1,0,0,0,5,0,4,0,0,0,0,17,4,0,0,0,0,3.684183719779189,1
44,13,14,8,0,1,0,0,4,1,1,0,0,0,0,0,0,1,0,4,0,0,3,0,0,0,2,0,0,2,7,5,1,0,0,0,0,0,0,0,1,0,0,12,0,0,0,0,0,3.0269868333592873,0
88,31,25,24,0,1,3,0,6,1,1,0,0,0,0,0,0,1,3,12,0,0,3,0,0,0,4,0,0,4,6,4,1,0,0,0,4,0,4,0,0,0,0,27,4,0,0,0,0,3.88904953591417,1
102,31,25,38,0,1,3,0,6,1,1,0,0,0,0,0,0,1,3,12,0,0,3,0,0,0,4,0,0,4,6,4,1,0,0,0,4,0,4,0,0,0,0,27,4,0,0,0,0,3.88904953591417,1
109,21,25,55,0,1,2,0,6,1,1,0,0,0,0,0,0,1,2,6,0,0,3,0,0,0,4,0,0,4,6,4,1,0,0,0,4,0,4,0,0,0,0,18,4,0,0,0,0,3.8208888513501886,1
88,13,25,42,0,3,0,0,6,1,1,0,0,0,0,0,0,3,0,0,1,0,0,0,0,0,4,0,0,4,6,4,1,0,0,1,3,0,14,0,0,0,10,0,4,1,1,0,0,2.5654483718208256,1
18,10,0,0,0,1,0,0,2,0,0,0,0,0,0,0,0,1,0,3,0,0,3,0,0,0,0,0,0,0,0,0,0,0,0,0,0,0,0,0,1,0,0,9,0,0,0,0,0,3.3219280948873626,0
94,21,25,40,0,1,2,0,6,1,1,0,0,0,0,0,0,1,2,6,0,0,3,0,0,0,4,0,0,4,6,4,1,0,0,0,4,0,4,0,0,0,0,18,4,0,0,0,0,3.8208888513501886,1
21,13,0,0,0,1,0,0,2,0,0,0,0,0,0,0,0,1,0,4,0,0,3,0,0,0,0,0,0,0,0,0,0,0,0,0,0,0,0,0,1,0,0,12,0,0,0,0,0,3.0269868333592873,0
32,10,14,0,0,1,0,0,4,0,0,0,0,0,0,0,0,1,0,3,0,0,3,0,0,0,2,0,0,2,7,5,0,0,0,0,0,0,0,0,1,0,0,9,0,0,0,0,0,3.3219280948873626,0
18,10,0,0,0,1,0,0,2,0,0,0,0,0,0,0,0,1,0,4,0,0,3,0,0,0,0,0,0,0,0,0,0,0,0,0,0,0,0,0,1,0,0,9,0,0,0,0,0,2.6464393446710157,0
17,9,0,0,0,1,0,0,2,0,0,0,0,0,0,0,0,1,0,3,0,0,3,0,0,0,0,0,0,0,0,0,0,0,0,0,0,0,0,0,1,0,0,8,0,0,0,0,0,2.9477027792200903,0
94,13,25,48,0,3,0,0,6,1,1,0,0,0,0,0,0,3,0,0,1,0,0,0,0,0,4,0,0,4,6,4,1,0,0,1,3,0,14,0,0,0,10,0,4,1,1,0,0,2.5654483718208256,1
41,10,14,8,0,1,0,0,4,1,1,0,0,0,0,0,0,1,0,4,0,0,3,0,0,0,2,0,0,2,7,5,1,0,0,0,0,0,0,0,1,0,0,9,0,0,0,0,0,2.6464393446710157,0
70,13,25,24,0,3,0,0,6,1,1,0,0,0,0,0,0,3,0,0,1,0,0,0,0,0,4,0,0,4,6,4,1,0,0,1,3,0,14,0,0,0,10,0,4,1,1,0,0,2.5654483718208256,1
85,31,25,21,0,1,3,0,6,1,1,0,0,0,0,0,0,1,3,12,0,0,3,0,0,0,4,0,0,4,6,4,1,0,0,0,4,0,4,0,0,0,0,27,4,0,0,0,0,3.88904953591417,1
21,13,0,0,0,1,0,0,2,0,0,0,0,0,0,0,0,1,0,4,0,0,3,0,0,0,0,0,0,0,0,0,0,0,0,0,0,0,0,0,1,0,0,12,0,0,0,0,0,3.0269868333592873,0
27,10,0,8,0,1,0,0,2,1,1,0,0,0,0,0,0,1,0,3,0,0,3,0,0,0,0,0,0,0,0,0,1,0,0,0,0,0,0,0,1,0,0,9,0,0,0,0,0,3.3219280948873626,0
30,13,0,8,0,1,0,0,2,1,1,0,0,0,0,0,0,1,0,4,0,0,3,0,0,0,0,0,0,0,0,0,1,0,0,0,0,0,0,0,1,0,0,12,0,0,0,0,0,3.0269868333592873,0
85,20,25,32,0,1,2,0,6,1,1,0,0,0,0,0,0,1,2,6,0,0,4,0,0,0,4,0,0,4,6,4,1,0,0,0,5,0,4,0,0,0,0,17,4,0,0,0,0,3.684183719779189,1
27,10,0,8,0,1,0,0,2,1,1,0,0,0,0,0,0,1,0,3,0,0,3,0,0,0,0,0,0,0,0,0,1,0,0,0,0,0,0,0,1,0,0,9,0,0,0,0,0,3.3219280948873626,0
32,10,14,0,0,1,0,0,4,0,0,0,0,0,0,0,0,1,0,4,0,0,3,0,0,0,2,0,0,2,7,5,0,0,0,0,0,0,0,0,1,0,0,9,0,0,0,0,0,2.6464393446710157,0
65,13,25,19,0,3,0,0,6,1,1,0,0,0,0,0,0,3,0,0,1,0,0,0,0,0,4,0,0,4,6,4,1,0,0,1,3,0,14,0,0,0,10,0,4,1,1,0,0,2.5654483718208256,1
18,10,0,0,0,1,0,0,2,0,0,0,0,0,0,0,0,1,0,4,0,0,3,0,0,0,0,0,0,0,0,0,0,0,0,0,0,0,0,0,1,0,0,9,0,0,0,0,0,2.6464393446710157,0
95,13,25,49,0,3,0,0,6,1,1,0,0,0,0,0,0,3,0,0,1,0,0,0,0,0,4,0,0,4,6,4,1,0,0,1,3,0,14,0,0,0,10,0,4,1,1,0,0,2.5654483718208256,1
95,13,25,49,0,3,0,0,6,1,1,0,0,0,0,0,0,3,0,0,1,0,0,0,0,0,4,0,0,4,6,4,1,0,0,1,3,0,14,0,0,0,10,0,4,1,1,0,0,2.5654483718208256,1
21,13,0,0,0,1,0,0,2,0,0,0,0,0,0,0,0,1,0,6,0,0,3,0,0,0,0,0,0,0,0,0,0,0,0,0,0,0,0,0,1,0,0,12,0,0,0,0,0,3.334679141051595,0
18,10,0,0,0,1,0,0,2,0,0,0,0,0,0,0,0,1,0,3,0,0,3,0,0,0,0,0,0,0,0,0,0,0,0,0,0,0,0,0,1,0,0,9,0,0,0,0,0,3.3219280948873626,0
97,31,25,33,0,1,3,0,6,1,1,0,0,0,0,0,0,1,3,12,0,0,3,0,0,0,4,0,0,4,6,4,1,0,0,0,4,0,4,0,0,0,0,27,4,0,0,0,0,3.88904953591417,1
17,9,0,0,0,1,0,0,2,0,0,0,0,0,0,0,0,1,0,3,0,0,3,0,0,0,0,0,0,0,0,0,0,0,0,0,0,0,0,0,1,0,0,8,0,0,0,0,0,2.9477027792200903,0
27,10,0,8,0,1,0,0,2,1,1,0,0,0,0,0,0,1,0,3,0,0,3,0,0,0,0,0,0,0,0,0,1,0,0,0,0,0,0,0,1,0,0,9,0,0,0,0,0,3.3219280948873626,0
31,9,14,0,0,1,0,0,4,0,0,0,0,0,0,0,0,1,0,3,0,0,3,0,0,0,2,0,0,2,7,5,0,0,0,0,0,0,0,0,1,0,0,8,0,0,0,0,0,2.9477027792200903,0
44,13,14,8,0,1,0,0,4,1,1,0,0,0,0,0,0,1,0,6,0,0,3,0,0,0,2,0,0,2,7,5,1,0,0,0,0,0,0,0,1,0,0,12,0,0,0,0,0,3.334679141051595,0
77,20,25,24,0,1,2,0,6,1,1,0,0,0,0,0,0,1,2,6,0,0,4,0,0,0,4,0,0,4,6,4,1,0,0,0,5,0,4,0,0,0,0,17,4,0,0,0,0,3.684183719779189,1
27,10,0,8,0,1,0,0,2,1,1,0,0,0,0,0,0,1,0,4,0,0,3,0,0,0,0,0,0,0,0,0,1,0,0,0,0,0,0,0,1,0,0,9,0,0,0,0,0,2.6464393446710157,0
44,13,14,8,0,1,0,0,4,1,1,0,0,0,0,0,0,1,0,4,0,0,3,0,0,0,2,0,0,2,7,5,1,0,0,0,0,0,0,0,1,0,0,12,0,0,0,0,0,3.0269868333592873,0
104,31,25,40,0,1,3,0,6,1,1,0,0,0,0,0,0,1,3,12,0,0,3,0,0,0,4,0,0,4,6,4,1,0,0,0,4,0,4,0,0,0,0,27,4,0,0,0,0,3.88904953591417,1
32,10,14,0,0,1,0,0,4,0,0,0,0,0,0,0,0,1,0,4,0,0,3,0,0,0,2,0,0,2,7,5,0,0,0,0,0,0,0,0,1,0,0,9,0,0,0,0,0,2.6464393446710157,0
101,20,25,48,0,1,2,0,6,1,1,0,0,0,0,0,0,1,2,6,0,0,4,0,0,0,4,0,0,4,6,4,1,0,0,0,5,0,4,0,0,0,0,17,4,0,0,0,0,3.684183719779189,1
27,10,0,8,0,1,0,0,2,1,1,0,0,0,0,0,0,1,0,3,0,0,3,0,0,0,0,0,0,0,0,0,1,0,0,0,0,0,0,0,1,0,0,9,0,0,0,0,0,3.3219280948873626,0
30,13,0,8,0,1,0,0,2,1,1,0,0,0,0,0,0,1,0,4,0,0,3,0,0,0,0,0,0,0,0,0,1,0,0,0,0,0,0,0,1,0,0,12,0,0,0,0,0,3.0269868333592873,0
27,10,0,8,0,1,0,0,2,1,1,0,0,0,0,0,0,1,0,3,0,0,3,0,0,0,0,0,0,0,0,0,1,0,0,0,0,0,0,0,1,0,0,9,0,0,0,0,0,3.3219280948873626,0
18,10,0,0,0,1,0,0,2,0,0,0,0,0,0,0,0,1,0,3,0,0,3,0,0,0,0,0,0,0,0,0,0,0,0,0,0,0,0,0,1,0,0,9,0,0,0,0,0,3.3219280948873626,0
114,31,25,50,0,1,3,0,6,1,1,0,0,0,0,0,0,1,3,12,0,0,3,0,0,0,4,0,0,4,6,4,1,0,0,0,4,0,4,0,0,0,0,27,4,0,0,0,0,3.88904953591417,1
18,10,0,0,0,1,0,0,2,0,0,0,0,0,0,0,0,1,0,4,0,0,3,0,0,0,0,0,0,0,0,0,0,0,0,0,0,0,0,0,1,0,0,9,0,0,0,0,0,2.6464393446710157,0
99,20,25,46,0,1,2,0,6,1,1,0,0,0,0,0,0,1,2,6,0,0,4,0,0,0,4,0,0,4,6,4,1,0,0,0,5,0,4,0,0,0,0,17,4,0,0,0,0,3.684183719779189,1
90,21,25,36,0,1,2,0,6,1,1,0,0,0,0,0,0,1,2,6,0,0,3,0,0,0,4,0,0,4,6,4,1,0,0,0,4,0,4,0,0,0,0,18,4,0,0,0,0,3.8208888513501886,1
17,9,0,0,0,1,0,0,2,0,0,0,0,0,0,0,0,1,0,3,0,0,3,0,0,0,0,0,0,0,0,0,0,0,0,0,0,0,0,0,1,0,0,8,0,0,0,0,0,2.9477027792200903,0
63,13,25,17,0,3,0,0,6,1,1,0,0,0,0,0,0,3,0,0,1,0,0,0,0,0,4,0,0,4,6,4,1,0,0,1,3,0,14,0,0,0,10,0,4,1,1,0,0,2.5654483718208256,1
100,21,25,46,0,1,2,0,6,1,1,0,0,0,0,0,0,1,2,6,0,0,3,0,0,0,4,0,0,4,6,4,1,0,0,0,4,0,4,0,0,0,0,18,4,0,0,0,0,3.8208888513501886,1
26,9,0,8,0,1,0,0,2,1,1,0,0,0,0,0,0,1,0,3,0,0,3,0,0,0,0,0,0,0,0,0,1,0,0,0,0,0,0,0,1,0,0,8,0,0,0,0,0,2.9477027792200903,0
84,21,25,30,0,1,2,0,6,1,1,0,0,0,0,0,0,1,2,6,0,0,3,0,0,0,4,0,0,4,6,4,1,0,0,0,4,0,4,0,0,0,0,18,4,0,0,0,0,3.8208888513501886,1
74,21,25,20,0,1,2,0,6,1,1,0,0,0,0,0,0,1,2,6,0,0,3,0,0,0,4,0,0,4,6,4,1,0,0,0,4,0,4,0,0,0,0,18,4,0,0,0,0,3.8208888513501886,1
92,13,25,46,0,3,0,0,6,1,1,0,0,0,0,0,0,3,0,0,1,0,0,0,0,0,4,0,0,4,6,4,1,0,0,1,3,0,14,0,0,0,10,0,4,1,1,0,0,2.5654483718208256,1
91,21,25,37,0,1,2,0,6,1,1,0,0,0,0,0,0,1,2,6,0,0,3,0,0,0,4,0,0,4,6,4,1,0,0,0,4,0,4,0,0,0,0,18,4,0,0,0,0,3.8208888513501886,1
82,31,25,18,0,1,3,0,6,1,1,0,0,0,0,0,0,1,3,12,0,0,3,0,0,0,4,0,0,4,6,4,1,0,0,0,4,0,4,0,0,0,0,27,4,0,0,0,0,3.88904953591417,1
41,10,14,8,0,1,0,0,4,1,1,0,0,0,0,0,0,1,0,3,0,0,3,0,0,0,2,0,0,2,7,5,1,0,0,0,0,0,0,0,1,0,0,9,0,0,0,0,0,3.3219280948873626,0
89,13,25,43,0,3,0,0,6,1,1,0,0,0,0,0,0,3,0,0,1,0,0,0,0,0,4,0,0,4,6,4,1,0,0,1,3,0,14,0,0,0,10,0,4,1,1,0,0,2.5654483718208256,1
81,20,25,28,0,1,2,0,6,1,1,0,0,0,0,0,0,1,2,6,0,0,4,0,0,0,4,0,0,4,6,4,1,0,0,0,5,0,4,0,0,0,0,17,4,0,0,0,0,3.684183719779189,1
41,10,14,8,0,1,0,0,4,1,1,0,0,0,0,0,0,1,0,4,0,0,3,0,0,0,2,0,0,2,7,5,1,0,0,0,0,0,0,0,1,0,0,9,0,0,0,0,0,2.6464393446710157,0
35,13,14,0,0,1,0,0,4,0,0,0,0,0,0,0,0,1,0,4,0,0,3,0,0,0,2,0,0,2,7,5,0,0,0,0,0,0,0,0,1,0,0,12,0,0,0,0,0,3.0269868333592873,0
73,13,25,27,0,3,0,0,6,1,1,0,0,0,0,0,0,3,0,0,1,0,0,0,0,0,4,0,0,4,6,4,1,0,0,1,3,0,14,0,0,0,10,0,4,1,1,0,0,2.5654483718208256,1
27,10,0,8,0,1,0,0,2,1,1,0,0,0,0,0,0,1,0,4,0,0,3,0,0,0,0,0,0,0,0,0,1,0,0,0,0,0,0,0,1,0,0,9,0,0,0,0,0,2.6464393446710157,0
99,13,25,53,0,3,0,0,6,1,1,0,0,0,0,0,0,3,0,0,1,0,0,0,0,0,4,0,0,4,6,4,1,0,0,1,3,0,14,0,0,0,10,0,4,1,1,0,0,2.5654483718208256,1
116,31,25,52,0,1,3,0,6,1,1,0,0,0,0,0,0,1,3,12,0,0,3,0,0,0,4,0,0,4,6,4,1,0,0,0,4,0,4,0,0,0,0,27,4,0,0,0,0,3.88904953591417,1
17,9,0,0,0,1,0,0,2,0,0,0,0,0,0,0,0,1,0,3,0,0,3,0,0,0,0,0,0,0,0,0,0,0,0,0,0,0,0,0,1,0,0,8,0,0,0,0,0,2.9477027792200903,0
99,13,25,53,0,3,0,0,6,1,1,0,0,0,0,0,0,3,0,0,1,0,0,0,0,0,4,0,0,4,6,4,1,0,0,1,3,0,14,0,0,0,10,0,4,1,1,0,0,2.5654483718208256,1
30,13,0,8,0,1,0,0,2,1,1,0,0,0,0,0,0,1,0,6,0,0,3,0,0,0,0,0,0,0,0,0,1,0,0,0,0,0,0,0,1,0,0,12,0,0,0,0,0,3.334679141051595,0
94,31,25,30,0,1,3,0,6,1,1,0,0,0,0,0,0,1,3,12,0,0,3,0,0,0,4,0,0,4,6,4,1,0,0,0,4,0,4,0,0,0,0,27,4,0,0,0,0,3.88904953591417,1
41,10,14,8,0,1,0,0,4,1,1,0,0,0,0,0,0,1,0,4,0,0,3,0,0,0,2,0,0,2,7,5,1,0,0,0,0,0,0,0,1,0,0,9,0,0,0,0,0,2.6464393446710157,0
92,21,25,38,0,1,2,0,6,1,1,0,0,0,0,0,0,1,2,6,0,0,3,0,0,0,4,0,0,4,6,4,1,0,0,0,4,0,4,0,0,0,0,18,4,0,0,0,0,3.8208888513501886,1
90,31,25,26,0,1,3,0,6,1,1,0,0,0,0,0,0,1,3,12,0,0,3,0,0,0,4,0,0,4,6,4,1,0,0,0,4,0,4,0,0,0,0,27,4,0,0,0,0,3.88904953591417,1
99,20,25,46,0,1,2,0,6,1,1,0,0,0,0,0,0,1,2,6,0,0,4,0,0,0,4,0,0,4,6,4,1,0,0,0,5,0,4,0,0,0,0,17,4,0,0,0,0,3.684183719779189,1
96,21,25,42,0,1,2,0,6,1,1,0,0,0,0,0,0,1,2,6,0,0,3,0,0,0,4,0,0,4,6,4,1,0,0,0,4,0,4,0,0,0,0,18,4,0,0,0,0,3.8208888513501886,1
18,10,0,0,0,1,0,0,2,0,0,0,0,0,0,0,0,1,0,4,0,0,3,0,0,0,0,0,0,0,0,0,0,0,0,0,0,0,0,0,1,0,0,9,0,0,0,0,0,2.6464393446710157,0
90,20,25,37,0,1,2,0,6,1,1,0,0,0,0,0,0,1,2,6,0,0,4,0,0,0,4,0,0,4,6,4,1,0,0,0,5,0,4,0,0,0,0,17,4,0,0,0,0,3.684183719779189,1
83,31,25,19,0,1,3,0,6,1,1,0,0,0,0,0,0,1,3,12,0,0,3,0,0,0,4,0,0,4,6,4,1,0,0,0,4,0,4,0,0,0,0,27,4,0,0,0,0,3.88904953591417,1
27,10,0,8,0,1,0,0,2,1,1,0,0,0,0,0,0,1,0,4,0,0,3,0,0,0,0,0,0,0,0,0,1,0,0,0,0,0,0,0,1,0,0,9,0,0,0,0,0,2.6464393446710157,0
35,13,14,0,0,1,0,0,4,0,0,0,0,0,0,0,0,1,0,6,0,0,3,0,0,0,2,0,0,2,7,5,0,0,0,0,0,0,0,0,1,0,0,12,0,0,0,0,0,3.334679141051595,0
90,31,25,26,0,1,3,0,6,1,1,0,0,0,0,0,0,1,3,12,0,0,3,0,0,0,4,0,0,4,6,4,1,0,0,0,4,0,4,0,0,0,0,27,4,0,0,0,0,3.88904953591417,1
97,31,25,33,0,1,3,0,6,1,1,0,0,0,0,0,0,1,3,12,0,0,3,0,0,0,4,0,0,4,6,4,1,0,0,0,4,0,4,0,0,0,0,27,4,0,0,0,0,3.88904953591417,1
103,21,25,49,0,1,2,0,6,1,1,0,0,0,0,0,0,1,2,6,0,0,3,0,0,0,4,0,0,4,6,4,1,0,0,0,4,0,4,0,0,0,0,18,4,0,0,0,0,3.8208888513501886,1
67,13,25,21,0,3,0,0,6,1,1,0,0,0,0,0,0,3,0,0,1,0,0,0,0,0,4,0,0,4,6,4,1,0,0,1,3,0,14,0,0,0,10,0,4,1,1,0,0,2.5654483718208256,1
21,13,0,0,0,1,0,0,2,0,0,0,0,0,0,0,0,1,0,4,0,0,3,0,0,0,0,0,0,0,0,0,0,0,0,0,0,0,0,0,1,0,0,12,0,0,0,0,0,3.0269868333592873,0
81,21,25,27,0,1,2,0,6,1,1,0,0,0,0,0,0,1,2,6,0,0,3,0,0,0,4,0,0,4,6,4,1,0,0,0,4,0,4,0,0,0,0,18,4,0,0,0,0,3.8208888513501886,1
27,10,0,8,0,1,0,0,2,1,1,0,0,0,0,0,0,1,0,4,0,0,3,0,0,0,0,0,0,0,0,0,1,0,0,0,0,0,0,0,1,0,0,9,0,0,0,0,0,2.6464393446710157,0
79,13,25,33,0,3,0,0,6,1,1,0,0,0,0,0,0,3,0,0,1,0,0,0,0,0,4,0,0,4,6,4,1,0,0,1,3,0,14,0,0,0,10,0,4,1,1,0,0,2.5654483718208256,1
27,10,0,8,0,1,0,0,2,1,1,0,0,0,0,0,0,1,0,4,0,0,3,0,0,0,0,0,0,0,0,0,1,0,0,0,0,0,0,0,1,0,0,9,0,0,0,0,0,2.6464393446710157,0
30,13,0,8,0,1,0,0,2,1,1,0,0,0,0,0,0,1,0,6,0,0,3,0,0,0,0,0,0,0,0,0,1,0,0,0,0,0,0,0,1,0,0,12,0,0,0,0,0,3.334679141051595,0
35,13,14,0,0,1,0,0,4,0,0,0,0,0,0,0,0,1,0,6,0,0,3,0,0,0,2,0,0,2,7,5,0,0,0,0,0,0,0,0,1,0,0,12,0,0,0,0,0,3.334679141051595,0
86,31,25,22,0,1,3,0,6,1,1,0,0,0,0,0,0,1,3,12,0,0,3,0,0,0,4,0,0,4,6,4,1,0,0,0,4,0,4,0,0,0,0,27,4,0,0,0,0,3.88904953591417,1
64,13,25,18,0,3,0,0,6,1,1,0,0,0,0,0,0,3,0,0,1,0,0,0,0,0,4,0,0,4,6,4,1,0,0,1,3,0,14,0,0,0,10,0,4,1,1,0,0,2.5654483718208256,1
18,10,0,0,0,1,0,0,2,0,0,0,0,0,0,0,0,1,0,4,0,0,3,0,0,0,0,0,0,0,0,0,0,0,0,0,0,0,0,0,1,0,0,9,0,0,0,0,0,2.6464393446710157,0
27,10,0,8,0,1,0,0,2,1,1,0,0,0,0,0,0,1,0,3,0,0,3,0,0,0,0,0,0,0,0,0,1,0,0,0,0,0,0,0,1,0,0,9,0,0,0,0,0,3.3219280948873626,0
27,10,0,8,0,1,0,0,2,1,1,0,0,0,0,0,0,1,0,3,0,0,3,0,0,0,0,0,0,0,0,0,1,0,0,0,0,0,0,0,1,0,0,9,0,0,0,0,0,3.3219280948873626,0
91,31,25,27,0,1,3,0,6,1,1,0,0,0,0,0,0,1,3,12,0,0,3,0,0,0,4,0,0,4,6,4,1,0,0,0,4,0,4,0,0,0,0,27,4,0,0,0,0,3.88904953591417,1
111,31,25,47,0,1,3,0,6,1,1,0,0,0,0,0,0,1,3,12,0,0,3,0,0,0,4,0,0,4,6,4,1,0,0,0,4,0,4,0,0,0,0,27,4,0,0,0,0,3.88904953591417,1
18,10,0,0,0,1,0,0,2,0,0,0,0,0,0,0,0,1,0,3,0,0,3,0,0,0,0,0,0,0,0,0,0,0,0,0,0,0,0,0,1,0,0,9,0,0,0,0,0,3.3219280948873626,0
31,9,14,0,0,1,0,0,4,0,0,0,0,0,0,0,0,1,0,3,0,0,3,0,0,0,2,0,0,2,7,5,0,0,0,0,0,0,0,0,1,0,0,8,0,0,0,0,0,2.9477027792200903,0
17,9,0,0,0,1,0,0,2,0,0,0,0,0,0,0,0,1,0,3,0,0,3,0,0,0,0,0,0,0,0,0,0,0,0,0,0,0,0,0,1,0,0,8,0,0,0,0,0,2.9477027792200903,0
117,31,25,53,0,1,3,0,6,1,1,0,0,0,0,0,0,1,3,12,0,0,3,0,0,0,4,0,0,4,6,4,1,0,0,0,4,0,4,0,0,0,0,27,4,0,0,0,0,3.88904953591417,1
90,21,25,36,0,1,2,0,6,1,1,0,0,0,0,0,0,1,2,6,0,0,3,0,0,0,4,0,0,4,6,4,1,0,0,0,4,0,4,0,0,0,0,18,4,0,0,0,0,3.8208888513501886,1
89,31,25,25,0,1,3,0,6,1,1,0,0,0,0,0,0,1,3,12,0,0,3,0,0,0,4,0,0,4,6,4,1,0,0,0,4,0,4,0,0,0,0,27,4,0,0,0,0,3.88904953591417,1
94,20,25,41,0,1,2,0,6,1,1,0,0,0,0,0,0,1,2,6,0,0,4,0,0,0,4,0,0,4,6,4,1,0,0,0,5,0,4,0,0,0,0,17,4,0,0,0,0,3.684183719779189,1
64,13,25,18,0,3,0,0,6,1,1,0,0,0,0,0,0,3,0,0,1,0,0,0,0,0,4,0,0,4,6,4,1,0,0,1,3,0,14,0,0,0,10,0,4,1,1,0,0,2.5654483718208256,1
26,9,0,8,0,1,0,0,2,1,1,0,0,0,0,0,0,1,0,3,0,0,3,0,0,0,0,0,0,0,0,0,1,0,0,0,0,0,0,0,1,0,0,8,0,0,0,0,0,2.9477027792200903,0
73,20,25,20,0,1,2,0,6,1,1,0,0,0,0,0,0,1,2,6,0,0,4,0,0,0,4,0,0,4,6,4,1,0,0,0,5,0,4,0,0,0,0,17,4,0,0,0,0,3.684183719779189,1
85,20,25,32,0,1,2,0,6,1,1,0,0,0,0,0,0,1,2,6,0,0,4,0,0,0,4,0,0,4,6,4,1,0,0,0,5,0,4,0,0,0,0,17,4,0,0,0,0,3.684183719779189,1
27,10,0,8,0,1,0,0,2,1,1,0,0,0,0,0,0,1,0,4,0,0,3,0,0,0,0,0,0,0,0,0,1,0,0,0,0,0,0,0,1,0,0,9,0,0,0,0,0,2.6464393446710157,0
81,20,25,28,0,1,2,0,6,1,1,0,0,0,0,0,0,1,2,6,0,0,4,0,0,0,4,0,0,4,6,4,1,0,0,0,5,0,4,0,0,0,0,17,4,0,0,0,0,3.684183719779189,1
110,31,25,46,0,1,3,0,6,1,1,0,0,0,0,0,0,1,3,12,0,0,3,0,0,0,4,0,0,4,6,4,1,0,0,0,4,0,4,0,0,0,0,27,4,0,0,0,0,3.88904953591417,1
26,9,0,8,0,1,0,0,2,1,1,0,0,0,0,0,0,1,0,3,0,0,3,0,0,0,0,0,0,0,0,0,1,0,0,0,0,0,0,0,1,0,0,8,0,0,0,0,0,2.9477027792200903,0
90,20,25,37,0,1,2,0,6,1,1,0,0,0,0,0,0,1,2,6,0,0,4,0,0,0,4,0,0,4,6,4,1,0,0,0,5,0,4,0,0,0,0,17,4,0,0,0,0,3.684183719779189,1
107,31,25,43,0,1,3,0,6,1,1,0,0,0,0,0,0,1,3,12,0,0,3,0,0,0,4,0,0,4,6,4,1,0,0,0,4,0,4,0,0,0,0,27,4,0,0,0,0,3.88904953591417,1
103,31,25,39,0,1,3,0,6,1,1,0,0,0,0,0,0,1,3,12,0,0,3,0,0,0,4,0,0,4,6,4,1,0,0,0,4,0,4,0,0,0,0,27,4,0,0,0,0,3.88904953591417,1
112,31,25,48,0,1,3,0,6,1,1,0,0,0,0,0,0,1,3,12,0,0,3,0,0,0,4,0,0,4,6,4,1,0,0,0,4,0,4,0,0,0,0,27,4,0,0,0,0,3.88904953591417,1
30,13,0,8,0,1,0,0,2,1,1,0,0,0,0,0,0,1,0,6,0,0,3,0,0,0,0,0,0,0,0,0,1,0,0,0,0,0,0,0,1,0,0,12,0,0,0,0,0,3.334679141051595,0
32,10,14,0,0,1,0,0,4,0,0,0,0,0,0,0,0,1,0,3,0,0,3,0,0,0,2,0,0,2,7,5,0,0,0,0,0,0,0,0,1,0,0,9,0,0,0,0,0,3.3219280948873626,0
97,21,25,43,0,1,2,0,6,1,1,0,0,0,0,0,0,1,2,6,0,0,3,0,0,0,4,0,0,4,6,4,1,0,0,0,4,0,4,0,0,0,0,18,4,0,0,0,0,3.8208888513501886,1
26,9,0,8,0,1,0,0,2,1,1,0,0,0,0,0,0,1,0,3,0,0,3,0,0,0,0,0,0,0,0,0,1,0,0,0,0,0,0,0,1,0,0,8,0,0,0,0,0,2.9477027792200903,0
26,9,0,8,0,1,0,0,2,1,1,0,0,0,0,0,0,1,0,3,0,0,3,0,0,0,0,0,0,0,0,0,1,0,0,0,0,0,0,0,1,0,0,8,0,0,0,0,0,2.9477027792200903,0
96,13,25,50,0,3,0,0,6,1,1,0,0,0,0,0,0,3,0,0,1,0,0,0,0,0,4,0,0,4,6,4,1,0,0,1,3,0,14,0,0,0,10,0,4,1,1,0,0,2.5654483718208256,1
26,9,0,8,0,1,0,0,2,1,1,0,0,0,0,0,0,1,0,3,0,0,3,0,0,0,0,0,0,0,0,0,1,0,0,0,0,0,0,0,1,0,0,8,0,0,0,0,0,2.9477027792200903,0
18,10,0,0,0,1,0,0,2,0,0,0,0,0,0,0,0,1,0,4,0,0,3,0,0,0,0,0,0,0,0,0,0,0,0,0,0,0,0,0,1,0,0,9,0,0,0,0,0,2.6464393446710157,0
44,13,14,8,0,1,0,0,4,1,1,0,0,0,0,0,0,1,0,4,0,0,3,0,0,0,2,0,0,2,7,5,1,0,0,0,0,0,0,0,1,0,0,12,0,0,0,0,0,3.0269868333592873,0
71,21,25,17,0,1,2,0,6,1,1,0,0,0,0,0,0,1,2,6,0,0,3,0,0,0,4,0,0,4,6,4,1,0,0,0,4,0,4,0,0,0,0,18,4,0,0,0,0,3.8208888513501886,1
91,20,25,38,0,1,2,0,6,1,1,0,0,0,0,0,0,1,2,6,0,0,4,0,0,0,4,0,0,4,6,4,1,0,0,0,5,0,4,0,0,0,0,17,4,0,0,0,0,3.684183719779189,1
102,20,25,49,0,1,2,0,6,1,1,0,0,0,0,0,0,1,2,6,0,0,4,0,0,0,4,0,0,4,6,4,1,0,0,0,5,0,4,0,0,0,0,17,4,0,0,0,0,3.684183719779189,1
93,31,25,29,0,1,3,0,6,1,1,0,0,0,0,0,0,1,3,12,0,0,3,0,0,0,4,0,0,4,6,4,1,0,0,0,4,0,4,0,0,0,0,27,4,0,0,0,0,3.88904953591417,1
21,13,0,0,0,1,0,0,2,0,0,0,0,0,0,0,0,1,0,6,0,0,3,0,0,0,0,0,0,0,0,0,0,0,0,0,0,0,0,0,1,0,0,12,0,0,0,0,0,3.334679141051595,0
87,20,25,34,0,1,2,0,6,1,1,0,0,0,0,0,0,1,2,6,0,0,4,0,0,0,4,0,0,4,6,4,1,0,0,0,5,0,4,0,0,0,0,17,4,0,0,0,0,3.684183719779189,1
26,9,0,8,0,1,0,0,2,1,1,0,0,0,0,0,0,1,0,3,0,0,3,0,0,0,0,0,0,0,0,0,1,0,0,0,0,0,0,0,1,0,0,8,0,0,0,0,0,2.9477027792200903,0
41,10,14,8,0,1,0,0,4,1,1,0,0,0,0,0,0,1,0,4,0,0,3,0,0,0,2,0,0,2,7,5,1,0,0,0,0,0,0,0,1,0,0,9,0,0,0,0,0,2.6464393446710157,0
30,13,0,8,0,1,0,0,2,1,1,0,0,0,0,0,0,1,0,4,0,0,3,0,0,0,0,0,0,0,0,0,1,0,0,0,0,0,0,0,1,0,0,12,0,0,0,0,0,3.0269868333592873,0
30,13,0,8,0,1,0,0,2,1,1,0,0,0,0,0,0,1,0,6,0,0,3,0,0,0,0,0,0,0,0,0,1,0,0,0,0,0,0,0,1,0,0,12,0,0,0,0,0,3.334679141051595,0
31,9,14,0,0,1,0,0,4,0,0,0,0,0,0,0,0,1,0,3,0,0,3,0,0,0,2,0,0,2,7,5,0,0,0,0,0,0,0,0,1,0,0,8,0,0,0,0,0,2.9477027792200903,0
98,13,25,52,0,3,0,0,6,1,1,0,0,0,0,0,0,3,0,0,1,0,0,0,0,0,4,0,0,4,6,4,1,0,0,1,3,0,14,0,0,0,10,0,4,1,1,0,0,2.5654483718208256,1
27,10,0,8,0,1,0,0,2,1,1,0,0,0,0,0,0,1,0,3,0,0,3,0,0,0,0,0,0,0,0,0,1,0,0,0,0,0,0,0,1,0,0,9,0,0,0,0,0,3.3219280948873626,0
17,9,0,0,0,1,0,0,2,0,0,0,0,0,0,0,0,1,0,3,0,0,3,0,0,0,0,0,0,0,0,0,0,0,0,0,0,0,0,0,1,0,0,8,0,0,0,0,0,2.9477027792200903,0
69,13,25,23,0,3,0,0,6,1,1,0,0,0,0,0,0,3,0,0,1,0,0,0,0,0,4,0,0,4,6,4,1,0,0,1,3,0,14,0,0,0,10,0,4,1,1,0,0,2.5654483718208256,1
104,31,25,40,0,1,3,0,6,1,1,0,0,0,0,0,0,1,3,12,0,0,3,0,0,0,4,0,0,4,6,4,1,0,0,0,4,0,4,0,0,0,0,27,4,0,0,0,0,3.88904953591417,1
71,20,25,18,0,1,2,0,6,1,1,0,0,0,0,0,0,1,2,6,0,0,4,0,0,0,4,0,0,4,6,4,1,0,0,0,5,0,4,0,0,0,0,17,4,0,0,0,0,3.684183719779189,1
77,21,25,23,0,1,2,0,6,1,1,0,0,0,0,0,0,1,2,6,0,0,3,0,0,0,4,0,0,4,6,4,1,0,0,0,4,0,4,0,0,0,0,18,4,0,0,0,0,3.8208888513501886,1
98,31,25,34,0,1,3,0,6,1,1,0,0,0,0,0,0,1,3,12,0,0,3,0,0,0,4,0,0,4,6,4,1,0,0,0,4,0,4,0,0,0,0,27,4,0,0,0,0,3.88904953591417,1
30,13,0,8,0,1,0,0,2,1,1,0,0,0,0,0,0,1,0,4,0,0,3,0,0,0,0,0,0,0,0,0,1,0,0,0,0,0,0,0,1,0,0,12,0,0,0,0,0,3.0269868333592873,0
44,13,14,8,0,1,0,0,4,1,1,0,0,0,0,0,0,1,0,6,0,0,3,0,0,0,2,0,0,2,7,5,1,0,0,0,0,0,0,0,1,0,0,12,0,0,0,0,0,3.334679141051595,0
74,13,25,28,0,3,0,0,6,1,1,0,0,0,0,0,0,3,0,0,1,0,0,0,0,0,4,0,0,4,6,4,1,0,0,1,3,0,14,0,0,0,10,0,4,1,1,0,0,2.5654483718208256,1
32,10,14,0,0,1,0,0,4,0,0,0,0,0,0,0,0,1,0,3,0,0,3,0,0,0,2,0,0,2,7,5,0,0,0,0,0,0,0,0,1,0,0,9,0,0,0,0,0,3.3219280948873626,0
99,20,25,46,0,1,2,0,6,1,1,0,0,0,0,0,0,1,2,6,0,0,4,0,0,0,4,0,0,4,6,4,1,0,0,0,5,0,4,0,0,0,0,17,4,0,0,0,0,3.684183719779189,1
80,31,25,16,0,1,3,0,6,1,1,0,0,0,0,0,0,1,3,12,0,0,3,0,0,0,4,0,0,4,6,4,1,0,0,0,4,0,4,0,0,0,0,27,4,0,0,0,0,3.88904953591417,1
40,9,14,8,0,1,0,0,4,1,1,0,0,0,0,0,0,1,0,3,0,0,3,0,0,0,2,0,0,2,7,5,1,0,0,0,0,0,0,0,1,0,0,8,0,0,0,0,0,2.9477027792200903,0
21,13,0,0,0,1,0,0,2,0,0,0,0,0,0,0,0,1,0,6,0,0,3,0,0,0,0,0,0,0,0,0,0,0,0,0,0,0,0,0,1,0,0,12,0,0,0,0,0,3.334679141051595,0
77,13,25,31,0,3,0,0,6,1,1,0,0,0,0,0,0,3,0,0,1,0,0,0,0,0,4,0,0,4,6,4,1,0,0,1,3,0,14,0,0,0,10,0,4,1,1,0,0,2.5654483718208256,1
27,10,0,8,0,1,0,0,2,1,1,0,0,0,0,0,0,1,0,4,0,0,3,0,0,0,0,0,0,0,0,0,1,0,0,0,0,0,0,0,1,0,0,9,0,0,0,0,0,2.6464393446710157,0
18,10,0,0,0,1,0,0,2,0,0,0,0,0,0,0,0,1,0,4,0,0,3,0,0,0,0,0,0,0,0,0,0,0,0,0,0,0,0,0,1,0,0,9,0,0,0,0,0,2.6464393446710157,0
91,20,25,38,0,1,2,0,6,1,1,0,0,0,0,0,0,1,2,6,0,0,4,0,0,0,4,0,0,4,6,4,1,0,0,0,5,0,4,0,0,0,0,17,4,0,0,0,0,3.684183719779189,1
44,13,14,8,0,1,0,0,4,1,1,0,0,0,0,0,0,1,0,6,0,0,3,0,0,0,2,0,0,2,7,5,1,0,0,0,0,0,0,0,1,0,0,12,0,0,0,0,0,3.334679141051595,0
35,13,14,0,0,1,0,0,4,0,0,0,0,0,0,0,0,1,0,6,0,0,3,0,0,0,2,0,0,2,7,5,0,0,0,0,0,0,0,0,1,0,0,12,0,0,0,0,0,3.334679141051595,0
31,9,14,0,0,1,0,0,4,0,0,0,0,0,0,0,0,1,0,3,0,0,3,0,0,0,2,0,0,2,7,5,0,0,0,0,0,0,0,0,1,0,0,8,0,0,0,0,0,2.9477027792200903,0
85,13,25,39,0,3,0,0,6,1,1,0,0,0,0,0,0,3,0,0,1,0,0,0,0,0,4,0,0,4,6,4,1,0,0,1,3,0,14,0,0,0,10,0,4,1,1,0,0,2.5654483718208256,1
99,31,25,35,0,1,3,0,6,1,1,0,0,0,0,0,0,1,3,12,0,0,3,0,0,0,4,0,0,4,6,4,1,0,0,0,4,0,4,0,0,0,0,27,4,0,0,0,0,3.88904953591417,1
104,21,25,50,0,1,2,0,6,1,1,0,0,0,0,0,0,1,2,6,0,0,3,0,0,0,4,0,0,4,6,4,1,0,0,0,4,0,4,0,0,0,0,18,4,0,0,0,0,3.8208888513501886,1
97,20,25,44,0,1,2,0,6,1,1,0,0,0,0,0,0,1,2,6,0,0,4,0,0,0,4,0,0,4,6,4,1,0,0,0,5,0,4,0,0,0,0,17,4,0,0,0,0,3.684183719779189,1
116,31,25,52,0,1,3,0,6,1,1,0,0,0,0,0,0,1,3,12,0,0,3,0,0,0,4,0,0,4,6,4,1,0,0,0,4,0,4,0,0,0,0,27,4,0,0,0,0,3.88904953591417,1
88,20,25,35,0,1,2,0,6,1,1,0,0,0,0,0,0,1,2,6,0,0,4,0,0,0,4,0,0,4,6,4,1,0,0,0,5,0,4,0,0,0,0,17,4,0,0,0,0,3.684183719779189,1
69,13,25,23,0,3,0,0,6,1,1,0,0,0,0,0,0,3,0,0,1,0,0,0,0,0,4,0,0,4,6,4,1,0,0,1,3,0,14,0,0,0,10,0,4,1,1,0,0,2.5654483718208256,1
76,13,25,30,0,3,0,0,6,1,1,0,0,0,0,0,0,3,0,0,1,0,0,0,0,0,4,0,0,4,6,4,1,0,0,1,3,0,14,0,0,0,10,0,4,1,1,0,0,2.5654483718208256,1
18,10,0,0,0,1,0,0,2,0,0,0,0,0,0,0,0,1,0,4,0,0,3,0,0,0,0,0,0,0,0,0,0,0,0,0,0,0,0,0,1,0,0,9,0,0,0,0,0,2.6464393446710157,0
30,13,0,8,0,1,0,0,2,1,1,0,0,0,0,0,0,1,0,6,0,0,3,0,0,0,0,0,0,0,0,0,1,0,0,0,0,0,0,0,1,0,0,12,0,0,0,0,0,3.334679141051595,0
31,9,14,0,0,1,0,0,4,0,0,0,0,0,0,0,0,1,0,3,0,0,3,0,0,0,2,0,0,2,7,5,0,0,0,0,0,0,0,0,1,0,0,8,0,0,0,0,0,2.9477027792200903,0
103,21,25,49,0,1,2,0,6,1,1,0,0,0,0,0,0,1,2,6,0,0,3,0,0,0,4,0,0,4,6,4,1,0,0,0,4,0,4,0,0,0,0,18,4,0,0,0,0,3.8208888513501886,1
31,9,14,0,0,1,0,0,4,0,0,0,0,0,0,0,0,1,0,3,0,0,3,0,0,0,2,0,0,2,7,5,0,0,0,0,0,0,0,0,1,0,0,8,0,0,0,0,0,2.9477027792200903,0
21,13,0,0,0,1,0,0,2,0,0,0,0,0,0,0,0,1,0,4,0,0,3,0,0,0,0,0,0,0,0,0,0,0,0,0,0,0,0,0,1,0,0,12,0,0,0,0,0,3.0269868333592873,0
17,9,0,0,0,1,0,0,2,0,0,0,0,0,0,0,0,1,0,3,0,0,3,0,0,0,0,0,0,0,0,0,0,0,0,0,0,0,0,0,1,0,0,8,0,0,0,0,0,2.9477027792200903,0
21,13,0,0,0,1,0,0,2,0,0,0,0,0,0,0,0,1,0,4,0,0,3,0,0,0,0,0,0,0,0,0,0,0,0,0,0,0,0,0,1,0,0,12,0,0,0,0,0,3.0269868333592873,0
100,31,25,36,0,1,3,0,6,1,1,0,0,0,0,0,0,1,3,12,0,0,3,0,0,0,4,0,0,4,6,4,1,0,0,0,4,0,4,0,0,0,0,27,4,0,0,0,0,3.88904953591417,1
79,21,25,25,0,1,2,0,6,1,1,0,0,0,0,0,0,1,2,6,0,0,3,0,0,0,4,0,0,4,6,4,1,0,0,0,4,0,4,0,0,0,0,18,4,0,0,0,0,3.8208888513501886,1
27,10,0,8,0,1,0,0,2,1,1,0,0,0,0,0,0,1,0,4,0,0,3,0,0,0,0,0,0,0,0,0,1,0,0,0,0,0,0,0,1,0,0,9,0,0,0,0,0,2.6464393446710157,0
35,13,14,0,0,1,0,0,4,0,0,0,0,0,0,0,0,1,0,6,0,0,3,0,0,0,2,0,0,2,7,5,0,0,0,0,0,0,0,0,1,0,0,12,0,0,0,0,0,3.334679141051595,0
86,20,25,33,0,1,2,0,6,1,1,0,0,0,0,0,0,1,2,6,0,0,4,0,0,0,4,0,0,4,6,4,1,0,0,0,5,0,4,0,0,0,0,17,4,0,0,0,0,3.684183719779189,1
21,13,0,0,0,1,0,0,2,0,0,0,0,0,0,0,0,1,0,4,0,0,3,0,0,0,0,0,0,0,0,0,0,0,0,0,0,0,0,0,1,0,0,12,0,0,0,0,0,3.0269868333592873,0
18,10,0,0,0,1,0,0,2,0,0,0,0,0,0,0,0,1,0,4,0,0,3,0,0,0,0,0,0,0,0,0,0,0,0,0,0,0,0,0,1,0,0,9,0,0,0,0,0,2.6464393446710157,0
100,31,25,36,0,1,3,0,6,1,1,0,0,0,0,0,0,1,3,12,0,0,3,0,0,0,4,0,0,4,6,4,1,0,0,0,4,0,4,0,0,0,0,27,4,0,0,0,0,3.88904953591417,1
40,9,14,8,0,1,0,0,4,1,1,0,0,0,0,0,0,1,0,3,0,0,3,0,0,0,2,0,0,2,7,5,1,0,0,0,0,0,0,0,1,0,0,8,0,0,0,0,0,2.9477027792200903,0
98,31,25,34,0,1,3,0,6,1,1,0,0,0,0,0,0,1,3,12,0,0,3,0,0,0,4,0,0,4,6,4,1,0,0,0,4,0,4,0,0,0,0,27,4,0,0,0,0,3.88904953591417,1
80,21,25,26,0,1,2,0,6,1,1,0,0,0,0,0,0,1,2,6,0,0,3,0,0,0,4,0,0,4,6,4,1,0,0,0,4,0,4,0,0,0,0,18,4,0,0,0,0,3.8208888513501886,1
26,9,0,8,0,1,0,0,2,1,1,0,0,0,0,0,0,1,0,3,0,0,3,0,0,0,0,0,0,0,0,0,1,0,0,0,0,0,0,0,1,0,0,8,0,0,0,0,0,2.9477027792200903,0
41,10,14,8,0,1,0,0,4,1,1,0,0,0,0,0,0,1,0,3,0,0,3,0,0,0,2,0,0,2,7,5,1,0,0,0,0,0,0,0,1,0,0,9,0,0,0,0,0,3.3219280948873626,0
101,20,25,48,0,1,2,0,6,1,1,0,0,0,0,0,0,1,2,6,0,0,4,0,0,0,4,0,0,4,6,4,1,0,0,0,5,0,4,0,0,0,0,17,4,0,0,0,0,3.684183719779189,1
84,21,25,30,0,1,2,0,6,1,1,0,0,0,0,0,0,1,2,6,0,0,3,0,0,0,4,0,0,4,6,4,1,0,0,0,4,0,4,0,0,0,0,18,4,0,0,0,0,3.8208888513501886,1
18,10,0,0,0,1,0,0,2,0,0,0,0,0,0,0,0,1,0,3,0,0,3,0,0,0,0,0,0,0,0,0,0,0,0,0,0,0,0,0,1,0,0,9,0,0,0,0,0,3.3219280948873626,0
71,13,25,25,0,3,0,0,6,1,1,0,0,0,0,0,0,3,0,0,1,0,0,0,0,0,4,0,0,4,6,4,1,0,0,1,3,0,14,0,0,0,10,0,4,1,1,0,0,2.5654483718208256,1
89,13,25,43,0,3,0,0,6,1,1,0,0,0,0,0,0,3,0,0,1,0,0,0,0,0,4,0,0,4,6,4,1,0,0,1,3,0,14,0,0,0,10,0,4,1,1,0,0,2.5654483718208256,1
94,13,25,48,0,3,0,0,6,1,1,0,0,0,0,0,0,3,0,0,1,0,0,0,0,0,4,0,0,4,6,4,1,0,0,1,3,0,14,0,0,0,10,0,4,1,1,0,0,2.5654483718208256,1
18,10,0,0,0,1,0,0,2,0,0,0,0,0,0,0,0,1,0,4,0,0,3,0,0,0,0,0,0,0,0,0,0,0,0,0,0,0,0,0,1,0,0,9,0,0,0,0,0,2.6464393446710157,0
18,10,0,0,0,1,0,0,2,0,0,0,0,0,0,0,0,1,0,3,0,0,3,0,0,0,0,0,0,0,0,0,0,0,0,0,0,0,0,0,1,0,0,9,0,0,0,0,0,3.3219280948873626,0
30,13,0,8,0,1,0,0,2,1,1,0,0,0,0,0,0,1,0,4,0,0,3,0,0,0,0,0,0,0,0,0,1,0,0,0,0,0,0,0,1,0,0,12,0,0,0,0,0,3.0269868333592873,0
26,9,0,8,0,1,0,0,2,1,1,0,0,0,0,0,0,1,0,3,0,0,3,0,0,0,0,0,0,0,0,0,1,0,0,0,0,0,0,0,1,0,0,8,0,0,0,0,0,2.9477027792200903,0
40,9,14,8,0,1,0,0,4,1,1,0,0,0,0,0,0,1,0,3,0,0,3,0,0,0,2,0,0,2,7,5,1,0,0,0,0,0,0,0,1,0,0,8,0,0,0,0,0,2.9477027792200903,0
18,10,0,0,0,1,0,0,2,0,0,0,0,0,0,0,0,1,0,3,0,0,3,0,0,0,0,0,0,0,0,0,0,0,0,0,0,0,0,0,1,0,0,9,0,0,0,0,0,3.3219280948873626,0
99,21,25,45,0,1,2,0,6,1,1,0,0,0,0,0,0,1,2,6,0,0,3,0,0,0,4,0,0,4,6,4,1,0,0,0,4,0,4,0,0,0,0,18,4,0,0,0,0,3.8208888513501886,1
75,13,25,29,0,3,0,0,6,1,1,0,0,0,0,0,0,3,0,0,1,0,0,0,0,0,4,0,0,4,6,4,1,0,0,1,3,0,14,0,0,0,10,0,4,1,1,0,0,2.5654483718208256,1
108,21,25,54,0,1,2,0,6,1,1,0,0,0,0,0,0,1,2,6,0,0,3,0,0,0,4,0,0,4,6,4,1,0,0,0,4,0,4,0,0,0,0,18,4,0,0,0,0,3.8208888513501886,1
32,10,14,0,0,1,0,0,4,0,0,0,0,0,0,0,0,1,0,3,0,0,3,0,0,0,2,0,0,2,7,5,0,0,0,0,0,0,0,0,1,0,0,9,0,0,0,0,0,3.3219280948873626,0
114,31,25,50,0,1,3,0,6,1,1,0,0,0,0,0,0,1,3,12,0,0,3,0,0,0,4,0,0,4,6,4,1,0,0,0,4,0,4,0,0,0,0,27,4,0,0,0,0,3.88904953591417,1
95,20,25,42,0,1,2,0,6,1,1,0,0,0,0,0,0,1,2,6,0,0,4,0,0,0,4,0,0,4,6,4,1,0,0,0,5,0,4,0,0,0,0,17,4,0,0,0,0,3.684183719779189,1
18,10,0,0,0,1,0,0,2,0,0,0,0,0,0,0,0,1,0,4,0,0,3,0,0,0,0,0,0,0,0,0,0,0,0,0,0,0,0,0,1,0,0,9,0,0,0,0,0,2.6464393446710157,0
99,21,25,45,0,1,2,0,6,1,1,0,0,0,0,0,0,1,2,6,0,0,3,0,0,0,4,0,0,4,6,4,1,0,0,0,4,0,4,0,0,0,0,18,4,0,0,0,0,3.8208888513501886,1
41,10,14,8,0,1,0,0,4,1,1,0,0,0,0,0,0,1,0,4,0,0,3,0,0,0,2,0,0,2,7,5,1,0,0,0,0,0,0,0,1,0,0,9,0,0,0,0,0,2.6464393446710157,0
75,21,25,21,0,1,2,0,6,1,1,0,0,0,0,0,0,1,2,6,0,0,3,0,0,0,4,0,0,4,6,4,1,0,0,0,4,0,4,0,0,0,0,18,4,0,0,0,0,3.8208888513501886,1
80,21,25,26,0,1,2,0,6,1,1,0,0,0,0,0,0,1,2,6,0,0,3,0,0,0,4,0,0,4,6,4,1,0,0,0,4,0,4,0,0,0,0,18,4,0,0,0,0,3.8208888513501886,1
100,13,25,54,0,3,0,0,6,1,1,0,0,0,0,0,0,3,0,0,1,0,0,0,0,0,4,0,0,4,6,4,1,0,0,1,3,0,14,0,0,0,10,0,4,1,1,0,0,2.5654483718208256,1
32,10,14,0,0,1,0,0,4,0,0,0,0,0,0,0,0,1,0,3,0,0,3,0,0,0,2,0,0,2,7,5,0,0,0,0,0,0,0,0,1,0,0,9,0,0,0,0,0,3.3219280948873626,0
98,31,25,34,0,1,3,0,6,1,1,0,0,0,0,0,0,1,3,12,0,0,3,0,0,0,4,0,0,4,6,4,1,0,0,0,4,0,4,0,0,0,0,27,4,0,0,0,0,3.88904953591417,1
30,13,0,8,0,1,0,0,2,1,1,0,0,0,0,0,0,1,0,6,0,0,3,0,0,0,0,0,0,0,0,0,1,0,0,0,0,0,0,0,1,0,0,12,0,0,0,0,0,3.334679141051595,0
21,13,0,0,0,1,0,0,2,0,0,0,0,0,0,0,0,1,0,6,0,0,3,0,0,0,0,0,0,0,0,0,0,0,0,0,0,0,0,0,1,0,0,12,0,0,0,0,0,3.334679141051595,0
41,10,14,8,0,1,0,0,4,1,1,0,0,0,0,0,0,1,0,4,0,0,3,0,0,0,2,0,0,2,7,5,1,0,0,0,0,0,0,0,1,0,0,9,0,0,0,0,0,2.6464393446710157,0
73,21,25,19,0,1,2,0,6,1,1,0,0,0,0,0,0,1,2,6,0,0,3,0,0,0,4,0,0,4,6,4,1,0,0,0,4,0,4,0,0,0,0,18,4,0,0,0,0,3.8208888513501886,1
89,31,25,25,0,1,3,0,6,1,1,0,0,0,0,0,0,1,3,12,0,0,3,0,0,0,4,0,0,4,6,4,1,0,0,0,4,0,4,0,0,0,0,27,4,0,0,0,0,3.88904953591417,1
40,9,14,8,0,1,0,0,4,1,1,0,0,0,0,0,0,1,0,3,0,0,3,0,0,0,2,0,0,2,7,5,1,0,0,0,0,0,0,0,1,0,0,8,0,0,0,0,0,2.9477027792200903,0
79,13,25,33,0,3,0,0,6,1,1,0,0,0,0,0,0,3,0,0,1,0,0,0,0,0,4,0,0,4,6,4,1,0,0,1,3,0,14,0,0,0,10,0,4,1,1,0,0,2.5654483718208256,1
110,31,25,46,0,1,3,0,6,1,1,0,0,0,0,0,0,1,3,12,0,0,3,0,0,0,4,0,0,4,6,4,1,0,0,0,4,0,4,0,0,0,0,27,4,0,0,0,0,3.88904953591417,1
75,21,25,21,0,1,2,0,6,1,1,0,0,0,0,0,0,1,2,6,0,0,3,0,0,0,4,0,0,4,6,4,1,0,0,0,4,0,4,0,0,0,0,18,4,0,0,0,0,3.8208888513501886,1
99,21,25,45,0,1,2,0,6,1,1,0,0,0,0,0,0,1,2,6,0,0,3,0,0,0,4,0,0,4,6,4,1,0,0,0,4,0,4,0,0,0,0,18,4,0,0,0,0,3.8208888513501886,1
27,10,0,8,0,1,0,0,2,1,1,0,0,0,0,0,0,1,0,4,0,0,3,0,0,0,0,0,0,0,0,0,1,0,0,0,0,0,0,0,1,0,0,9,0,0,0,0,0,2.6464393446710157,0
